採否	語	content	一致	落とした理由
除外	1人	食事	1/2	品詞から取れる（副詞可能 → #時間）; 票が 1 件だけ
除外	1日	健康	1/2	2 形態素に割れる; 票が 1 件だけ
除外	2人	家族	1/1	品詞から取れる（副詞可能 → #時間）; 票が 1 件だけ
除外	360度評価	仕事	1/1	票が 1 件だけ
除外	AAA	金銭	1/1	記号か英数のみ; 票が 1 件だけ
除外	ABC分析	交通	1/1	票が 1 件だけ
除外	ABO	身体	1/1	記号か英数のみ; 票が 1 件だけ
除外	ACCESS	情報	2/2	記号か英数のみ; 動作を指す名詞（サ変可能）; 票が 2 件だけ
除外	ADL	健康	2/3	記号か英数のみ; 票が 2 件だけ
除外	AI	情報	6/21	記号か英数のみ; 首位の占有率 29% が閾値未満
除外	AND	情報	1/3	記号か英数のみ; 票が 1 件だけ; 首位の占有率 33% が閾値未満
除外	API	情報	2/2	記号か英数のみ; 票が 2 件だけ
除外	AREA	情報	1/4	記号か英数のみ; 票が 1 件だけ; 首位の占有率 25% が閾値未満
除外	ATP	身体	1/1	記号か英数のみ; 票が 1 件だけ
除外	ATTENTION	情報	2/3	記号か英数のみ; 票が 2 件だけ
除外	AUC	情報	1/2	記号か英数のみ; 票が 1 件だけ
除外	Act	健康	1/1	記号か英数のみ; 票が 1 件だけ
除外	Application	情報	1/1	記号か英数のみ; 票が 1 件だけ
除外	Arm	情報	1/1	記号か英数のみ; 票が 1 件だけ
除外	Assessment	学習	1/2	記号か英数のみ; 票が 1 件だけ
除外	BGM	家族	1/2	記号か英数のみ; 票が 1 件だけ
除外	BMI	食事	1/1	記号か英数のみ; 票が 1 件だけ
除外	BNP	健康	1/2	記号か英数のみ; 票が 1 件だけ
除外	Bean	食事	1/1	記号か英数のみ; 票が 1 件だけ
除外	Body	情報	1/1	記号か英数のみ; 票が 1 件だけ
除外	B型	身体	2/3	票が 2 件だけ
除外	CAC	仕事	1/1	記号か英数のみ; 票が 1 件だけ
除外	CAS	自然	1/1	記号か英数のみ; 票が 1 件だけ
除外	CD	情報	1/4	記号か英数のみ; 票が 1 件だけ; 首位の占有率 25% が閾値未満
除外	CHECK	交通	1/1	記号か英数のみ; 動作を指す名詞（サ変可能）; 票が 1 件だけ
除外	CI	情報	1/2	記号か英数のみ; 票が 1 件だけ
除外	CM	食事	1/2	記号か英数のみ; 票が 1 件だけ
除外	CO2	自然	2/3	記号か英数のみ; 票が 2 件だけ
除外	COPD	健康	1/2	記号か英数のみ; 票が 1 件だけ
除外	CPU	情報	2/2	記号か英数のみ; 票が 2 件だけ
除外	CRP	健康	1/2	記号か英数のみ; 票が 1 件だけ
除外	CSR	情報	1/1	記号か英数のみ; 票が 1 件だけ
除外	CT	健康	6/7	記号か英数のみ
除外	Ca	健康	1/2	記号か英数のみ; 票が 1 件だけ
除外	Change	失敗	1/1	記号か英数のみ; 動作を指す名詞（サ変可能）; 票が 1 件だけ
除外	CoQ	食事	1/1	記号か英数のみ; 票が 1 件だけ
除外	Community	自然	1/1	記号か英数のみ; 票が 1 件だけ
除外	Content	情報	1/1	記号か英数のみ; 票が 1 件だけ
除外	Control	情報	1/2	記号か英数のみ; 動作を指す名詞（サ変可能）; 票が 1 件だけ
除外	Core	情報	1/1	記号か英数のみ; 性質を指す名詞（形状詞可能）; 票が 1 件だけ
除外	C評価	情報	1/1	票が 1 件だけ
除外	D&I	自然	1/1	票が 1 件だけ
除外	DA	健康	1/1	記号か英数のみ; 票が 1 件だけ
除外	DAO	金銭	1/2	記号か英数のみ; 票が 1 件だけ
除外	DATA	情報	1/3	記号か英数のみ; 票が 1 件だけ; 首位の占有率 33% が閾値未満
除外	DBS	交通	1/1	記号か英数のみ; 票が 1 件だけ
除外	DDos攻撃	情報	1/1	票が 1 件だけ
除外	DHA	食事	1/1	記号か英数のみ; 票が 1 件だけ
除外	DIY	住居	1/2	記号か英数のみ; 票が 1 件だけ
除外	DNA	自然	6/10	記号か英数のみ
除外	DOE	情報	1/1	記号か英数のみ; 票が 1 件だけ
除外	DQN	金銭	1/2	記号か英数のみ; 票が 1 件だけ
除外	DRIVER	情報	1/1	記号か英数のみ; 票が 1 件だけ
除外	DV	家族	1/1	記号か英数のみ; 票が 1 件だけ
除外	DX	住居	1/1	記号か英数のみ; 票が 1 件だけ
除外	DeFi	金銭	1/2	記号か英数のみ; 票が 1 件だけ
除外	Deep	学習	1/1	記号か英数のみ; 性質を指す名詞（形状詞可能）; 票が 1 件だけ
除外	Defense	法制度	1/1	記号か英数のみ; 票が 1 件だけ
除外	Delivery	情報	1/1	記号か英数のみ; 票が 1 件だけ
除外	Detection	情報	1/1	記号か英数のみ; 票が 1 件だけ
除外	DevOps	仕事	1/1	記号か英数のみ; 票が 1 件だけ
除外	Display	情報	1/1	記号か英数のみ; 票が 1 件だけ
除外	EBITDA	金銭	1/1	記号か英数のみ; 票が 1 件だけ
除外	ECサイト	情報	1/3	票が 1 件だけ; 首位の占有率 33% が閾値未満
除外	EDI	交通	1/1	記号か英数のみ; 票が 1 件だけ
除外	EDR	情報	1/1	記号か英数のみ; 票が 1 件だけ
除外	ELISA	健康	1/2	記号か英数のみ; 票が 1 件だけ
除外	EPA	食事	1/1	記号か英数のみ; 票が 1 件だけ
除外	ERP	交通	1/1	記号か英数のみ; 票が 1 件だけ
除外	ESG	自然	1/2	記号か英数のみ; 票が 1 件だけ
採用	ESG投資	金銭	3/6	
除外	ETA	交通	1/1	記号か英数のみ; 票が 1 件だけ
除外	ETC	交通	2/3	記号か英数のみ; 票が 2 件だけ
除外	Email	情報	1/1	記号か英数のみ; 票が 1 件だけ
除外	Environment	金銭	2/3	記号か英数のみ; 票が 2 件だけ
除外	FAQ	情報	1/3	記号か英数のみ; 票が 1 件だけ; 首位の占有率 33% が閾値未満
除外	FRP	住居	1/1	記号か英数のみ; 票が 1 件だけ
除外	FX	金銭	2/2	記号か英数のみ; 票が 2 件だけ
除外	Force	交通	1/1	記号か英数のみ; 票が 1 件だけ
除外	Free	学習	1/1	記号か英数のみ; 性質を指す名詞（形状詞可能）; 票が 1 件だけ
除外	GI	食事	2/3	記号か英数のみ; 票が 2 件だけ
除外	GIS	交通	1/1	記号か英数のみ; 票が 1 件だけ
除外	GIT	情報	1/1	記号か英数のみ; 票が 1 件だけ
除外	GPA	学習	1/1	記号か英数のみ; 票が 1 件だけ
除外	GPS	交通	2/2	記号か英数のみ; 票が 2 件だけ
除外	GPU	情報	2/3	記号か英数のみ; 票が 2 件だけ
除外	Gb	法制度	1/1	記号か英数のみ; 品詞から取れる（助数詞可能 → #数量）; 票が 1 件だけ
除外	Group	情報	1/1	記号か英数のみ; 票が 1 件だけ
除外	HDD	情報	1/1	記号か英数のみ; 票が 1 件だけ
除外	HLA	身体	1/1	記号か英数のみ; 票が 1 件だけ
除外	HP	交通	1/2	記号か英数のみ; 票が 1 件だけ
除外	HR	仕事	1/1	記号か英数のみ; 票が 1 件だけ
除外	IAC	情報	1/1	記号か英数のみ; 票が 1 件だけ
除外	ICカード	仕事	1/3	票が 1 件だけ; 首位の占有率 33% が閾値未満
除外	ID	情報	3/3	記号か英数のみ
除外	IFRS	金銭	1/1	記号か英数のみ; 票が 1 件だけ
除外	IH	食事	1/2	記号か英数のみ; 票が 1 件だけ
除外	INDEX	食事	2/3	記号か英数のみ; 票が 2 件だけ
除外	INFORMATION	情報	1/1	記号か英数のみ; 票が 1 件だけ
除外	INR	健康	1/1	記号か英数のみ; 票が 1 件だけ
除外	INS	交通	1/1	記号か英数のみ; 票が 1 件だけ
除外	IT	仕事	4/6	記号か英数のみ
除外	In	情報	1/2	記号か英数のみ; 票が 1 件だけ
除外	IoT	自然	1/1	記号か英数のみ; 票が 1 件だけ
除外	Ir	仕事	1/1	記号か英数のみ; 票が 1 件だけ
除外	KPI	仕事	9/11	記号か英数のみ
除外	Key	移動	1/1	記号か英数のみ; 票が 1 件だけ
除外	LAN	情報	1/1	記号か英数のみ; 票が 1 件だけ
除外	LCA	自然	2/2	記号か英数のみ; 票が 2 件だけ
除外	LED	金銭	1/1	記号か英数のみ; 票が 1 件だけ
除外	LIFE	健康	1/1	記号か英数のみ; 票が 1 件だけ
除外	LTV	仕事	1/1	記号か英数のみ; 票が 1 件だけ
除外	Learning	情報	5/8	記号か英数のみ
除外	Light	食事	1/1	記号か英数のみ; 票が 1 件だけ
除外	Linux	情報	2/2	記号か英数のみ; 票が 2 件だけ
除外	Living	健康	2/3	記号か英数のみ; 票が 2 件だけ
除外	Local	情報	2/2	記号か英数のみ; 性質を指す名詞（形状詞可能）; 票が 2 件だけ
除外	Low	情報	1/1	記号か英数のみ; 票が 1 件だけ
除外	MANAGEMENT	情報	2/3	記号か英数のみ; 票が 2 件だけ
除外	MAX	情報	1/1	記号か英数のみ; 票が 1 件だけ
除外	MC	家族	1/1	記号か英数のみ; 票が 1 件だけ
除外	MFA	情報	1/1	記号か英数のみ; 票が 1 件だけ
除外	MI	健康	1/1	記号か英数のみ; 票が 1 件だけ
除外	MR	健康	2/2	記号か英数のみ; 票が 2 件だけ
除外	MRI	健康	6/9	記号か英数のみ
除外	MVP	仕事	2/2	記号か英数のみ; 票が 2 件だけ
除外	Manager	情報	1/1	記号か英数のみ; 票が 1 件だけ
除外	Memory	情報	1/2	記号か英数のみ; 票が 1 件だけ
除外	Minimum	仕事	2/2	記号か英数のみ; 票が 2 件だけ
除外	Motion	健康	1/2	記号か英数のみ; 票が 1 件だけ
除外	NFT	金銭	1/2	記号か英数のみ; 票が 1 件だけ
除外	NG	身体	1/1	記号か英数のみ; 票が 1 件だけ
除外	NPS	仕事	1/1	記号か英数のみ; 票が 1 件だけ
除外	NUMBER	健康	1/1	記号か英数のみ; 票が 1 件だけ
除外	NV	交通	1/1	記号か英数のみ; 票が 1 件だけ
除外	Network	情報	4/6	記号か英数のみ
除外	Next	情報	1/1	記号か英数のみ; 票が 1 件だけ
除外	OCR	仕事	1/3	記号か英数のみ; 票が 1 件だけ; 首位の占有率 33% が閾値未満
除外	OJT	仕事	3/4	記号か英数のみ
除外	OK	食事	2/5	記号か英数のみ; 動作を指す名詞（サ変可能）; 票が 2 件だけ; 首位の占有率 40% が閾値未満
除外	OKR	移動	1/1	記号か英数のみ; 票が 1 件だけ
除外	OS	情報	2/2	記号か英数のみ; 票が 2 件だけ
除外	Open	情報	1/2	記号か英数のみ; 動作を指す名詞（サ変形状詞可能）; 票が 1 件だけ
除外	Order	交通	1/1	記号か英数のみ; 動作を指す名詞（サ変可能）; 票が 1 件だけ
除外	Over	食事	1/1	記号か英数のみ; 動作を指す名詞（サ変形状詞可能）; 票が 1 件だけ
除外	PCA	移動	1/1	記号か英数のみ; 票が 1 件だけ
除外	PCR	法制度	1/1	記号か英数のみ; 票が 1 件だけ
除外	PCR検査	健康	2/2	票が 2 件だけ
除外	PDCAサイクル	仕事	1/2	票が 1 件だけ
除外	PER	金銭	2/2	記号か英数のみ; 票が 2 件だけ
除外	PET	健康	1/1	記号か英数のみ; 票が 1 件だけ
除外	PL	交通	2/2	記号か英数のみ; 票が 2 件だけ
除外	PLAN	健康	1/1	記号か英数のみ; 票が 1 件だけ
除外	PMS	健康	1/1	記号か英数のみ; 票が 1 件だけ
除外	POS	金銭	2/2	記号か英数のみ; 票が 2 件だけ
除外	PR	仕事	3/3	記号か英数のみ; 動作を指す名詞（サ変可能）
除外	PSA	健康	2/2	記号か英数のみ; 票が 2 件だけ
除外	Pd	健康	1/1	記号か英数のみ; 票が 1 件だけ
除外	Performance	情報	1/2	記号か英数のみ; 票が 1 件だけ
除外	Point	情報	1/1	記号か英数のみ; 品詞から取れる（助数詞可能 → #数量）; 票が 1 件だけ
除外	Policy	学習	1/1	記号か英数のみ; 票が 1 件だけ
除外	Problem	情報	1/1	記号か英数のみ; 票が 1 件だけ
除外	Product	仕事	2/2	記号か英数のみ; 票が 2 件だけ
除外	Progressive	情報	1/2	記号か英数のみ; 性質を指す名詞（形状詞可能）; 票が 1 件だけ
除外	QOL	健康	3/3	記号か英数のみ
除外	QoS	情報	1/1	記号か英数のみ; 票が 1 件だけ
除外	Quality	情報	1/2	記号か英数のみ; 票が 1 件だけ
除外	Query	情報	1/1	記号か英数のみ; 票が 1 件だけ
除外	RAS	自然	1/1	記号か英数のみ; 票が 1 件だけ
除外	REIT	金銭	1/1	記号か英数のみ; 票が 1 件だけ
除外	RNA	自然	2/2	記号か英数のみ; 票が 2 件だけ
除外	ROI	仕事	2/2	記号か英数のみ; 票が 2 件だけ
除外	ROM	健康	1/2	記号か英数のみ; 票が 1 件だけ
除外	RTK	交通	1/1	記号か英数のみ; 票が 1 件だけ
除外	Rate	仕事	1/1	記号か英数のみ; 票が 1 件だけ
除外	Red	情報	1/1	記号か英数のみ; 票が 1 件だけ
除外	Return	学習	1/1	記号か英数のみ; 動作を指す名詞（サ変可能）; 票が 1 件だけ
除外	Role	情報	1/1	記号か英数のみ; 票が 1 件だけ
除外	SAT	情報	1/1	記号か英数のみ; 票が 1 件だけ
除外	SDGs	自然	1/1	記号か英数のみ; 票が 1 件だけ
除外	SEO	情報	1/1	記号か英数のみ; 票が 1 件だけ
除外	SH	情報	1/1	記号か英数のみ; 票が 1 件だけ
除外	SIDE	情報	1/1	記号か英数のみ; 票が 1 件だけ
除外	SNS	仕事	3/7	記号か英数のみ; 首位の占有率 43% が閾値未満
除外	SQL	仕事	3/4	記号か英数のみ
除外	SSR	情報	1/1	記号か英数のみ; 票が 1 件だけ
除外	SaaS	仕事	3/4	記号か英数のみ
除外	Science	学習	1/1	記号か英数のみ; 票が 1 件だけ
除外	Security	情報	2/2	記号か英数のみ; 票が 2 件だけ
除外	Server	情報	3/3	記号か英数のみ
除外	Service	情報	3/4	記号か英数のみ; 動作を指す名詞（サ変可能）
除外	Social	金銭	2/3	記号か英数のみ; 票が 2 件だけ
除外	Software as a Service	情報	1/1	長すぎる; 票が 1 件だけ
除外	SpO	健康	1/1	記号か英数のみ; 票が 1 件だけ
除外	Space	情報	1/3	記号か英数のみ; 票が 1 件だけ; 首位の占有率 33% が閾値未満
除外	State	状態	1/2	記号か英数のみ; 票が 1 件だけ
除外	Study	健康	1/1	記号か英数のみ; 票が 1 件だけ
除外	System	情報	2/5	記号か英数のみ; 票が 2 件だけ; 首位の占有率 40% が閾値未満
除外	THE	情報	1/2	記号か英数のみ; 票が 1 件だけ
除外	Time	交通	2/5	記号か英数のみ; 票が 2 件だけ; 首位の占有率 40% が閾値未満
除外	Transfer	情報	1/1	記号か英数のみ; 動作を指す名詞（サ変可能）; 票が 1 件だけ
除外	Type	身体	1/1	記号か英数のみ; 票が 1 件だけ
除外	UI	情報	2/3	記号か英数のみ; 票が 2 件だけ
除外	UP	学習	1/1	記号か英数のみ; 動作を指す名詞（サ変可能）; 票が 1 件だけ
除外	UV	健康	1/2	記号か英数のみ; 票が 1 件だけ
除外	UX	情報	1/2	記号か英数のみ; 票が 1 件だけ
除外	Under	情報	1/2	記号か英数のみ; 票が 1 件だけ
除外	VAR	健康	1/1	記号か英数のみ; 票が 1 件だけ
除外	VE	健康	1/1	記号か英数のみ; 票が 1 件だけ
除外	VICS	交通	1/1	記号か英数のみ; 票が 1 件だけ
除外	Visual	情報	1/2	記号か英数のみ; 性質を指す名詞（形状詞可能）; 票が 1 件だけ
除外	Webサイト	情報	1/1	票が 1 件だけ
採用	X線	健康	4/6	
除外	Zoom	仕事	1/1	記号か英数のみ; 動作を指す名詞（サ変可能）; 票が 1 件だけ
除外	abv	食事	1/1	記号か英数のみ; 票が 1 件だけ
除外	acp	健康	1/1	記号か英数のみ; 票が 1 件だけ
除外	activities	健康	2/3	記号か英数のみ; 票が 2 件だけ
除外	adaptation	情報	1/1	記号か英数のみ; 票が 1 件だけ
除外	adcg	健康	1/1	記号か英数のみ; 票が 1 件だけ
除外	advantage	情報	1/1	記号か英数のみ; 票が 1 件だけ
除外	adversarial	情報	3/4	記号か英数のみ
除外	agnostic	情報	2/3	記号か英数のみ; 票が 2 件だけ
除外	akamai	情報	1/1	記号か英数のみ; 票が 1 件だけ
除外	aks	情報	1/1	記号か英数のみ; 票が 1 件だけ
除外	akşam	健康	1/1	票が 1 件だけ
除外	alerjik	健康	1/1	記号か英数のみ; 票が 1 件だけ
除外	alh	交通	1/1	記号か英数のみ; 票が 1 件だけ
除外	ama	健康	1/1	記号か英数のみ; 票が 1 件だけ
除外	amm	金銭	1/2	記号か英数のみ; 票が 1 件だけ
除外	analysis	法制度	1/1	記号か英数のみ; 票が 1 件だけ
除外	analytics	仕事	1/1	記号か英数のみ; 票が 1 件だけ
除外	ancak	健康	1/1	記号か英数のみ; 票が 1 件だけ
除外	antibiyotik	健康	1/1	記号か英数のみ; 票が 1 件だけ
除外	apa	学習	1/1	記号か英数のみ; 票が 1 件だけ
除外	asana	仕事	1/2	記号か英数のみ; 票が 1 件だけ
除外	atf	交通	1/1	記号か英数のみ; 票が 1 件だけ
除外	attribute	情報	1/1	記号か英数のみ; 票が 1 件だけ
除外	augmentation	情報	1/2	記号か英数のみ; 票が 1 件だけ
除外	automation	情報	1/1	記号か英数のみ; 票が 1 件だけ
除外	average	情報	1/1	記号か英数のみ; 票が 1 件だけ
除外	ağrı	健康	1/1	票が 1 件だけ
除外	backup	情報	1/1	記号か英数のみ; 票が 1 件だけ
除外	bandit	情報	1/2	記号か英数のみ; 票が 1 件だけ
除外	based	情報	1/2	記号か英数のみ; 票が 1 件だけ
除外	batch	情報	2/3	記号か英数のみ; 票が 2 件だけ
除外	behavioral	法制度	1/1	記号か英数のみ; 票が 1 件だけ
除外	bellman	学習	1/1	記号か英数のみ; 票が 1 件だけ
除外	ben	健康	1/1	記号か英数のみ; 票が 1 件だけ
除外	bias	情報	1/2	記号か英数のみ; 票が 1 件だけ
除外	bir	健康	1/1	記号か英数のみ; 票が 1 件だけ
除外	biraz	健康	1/1	記号か英数のみ; 票が 1 件だけ
除外	birçok	健康	1/1	票が 1 件だけ
除外	black box	情報	1/1	票が 1 件だけ
除外	bloom	食事	1/1	記号か英数のみ; 票が 1 件だけ
除外	brightness	情報	1/1	記号か英数のみ; 票が 1 件だけ
除外	btob	仕事	1/2	記号か英数のみ; 票が 1 件だけ
除外	burnt	食事	1/1	記号か英数のみ; 票が 1 件だけ
除外	buz	健康	1/1	記号か英数のみ; 票が 1 件だけ
除外	cbm	金銭	1/1	記号か英数のみ; 票が 1 件だけ
除外	ccpa	法制度	1/1	記号か英数のみ; 票が 1 件だけ
除外	cdn	情報	1/1	記号か英数のみ; 票が 1 件だけ
除外	centos	情報	1/1	記号か英数のみ; 票が 1 件だけ
除外	ciddi	健康	1/1	記号か英数のみ; 票が 1 件だけ
除外	clip	情報	1/1	記号か英数のみ; 票が 1 件だけ
除外	cloudflare	情報	1/1	記号か英数のみ; 票が 1 件だけ
除外	cognitive	法制度	1/1	記号か英数のみ; 票が 1 件だけ
除外	cold	食事	1/1	記号か英数のみ; 票が 1 件だけ
除外	collapse	情報	2/3	記号か英数のみ; 票が 2 件だけ
除外	compression	身体	1/1	記号か英数のみ; 動作を指す名詞（サ変可能）; 票が 1 件だけ
除外	confirmation	法制度	1/1	記号か英数のみ; 票が 1 件だけ
除外	continuous	状態	1/1	記号か英数のみ; 票が 1 件だけ
除外	contraction	身体	1/1	記号か英数のみ; 票が 1 件だけ
除外	controlnet	情報	1/1	記号か英数のみ; 票が 1 件だけ
除外	crispr	自然	1/1	記号か英数のみ; 票が 1 件だけ
除外	cupping	食事	1/1	記号か英数のみ; 票が 1 件だけ
除外	curve	情報	1/2	記号か英数のみ; 動作を指す名詞（サ変可能）; 票が 1 件だけ
除外	custody	法制度	1/1	記号か英数のみ; 票が 1 件だけ
除外	cyclin	自然	1/1	記号か英数のみ; 票が 1 件だけ
除外	cyp	健康	2/2	記号か英数のみ; 票が 2 件だけ
除外	daily	健康	2/4	記号か英数のみ; 票が 2 件だけ
除外	dapps	金銭	1/2	記号か英数のみ; 票が 1 件だけ
除外	dark	食事	1/1	記号か英数のみ; 票が 1 件だけ
除外	dbscan	情報	1/1	記号か英数のみ; 票が 1 件だけ
除外	dcf	金銭	1/1	記号か英数のみ; 票が 1 件だけ
除外	de	健康	1/1	記号か英数のみ; 票が 1 件だけ
除外	decentralized	金銭	1/2	長すぎる; 記号か英数のみ; 票が 1 件だけ
除外	deception	法制度	1/1	記号か英数のみ; 票が 1 件だけ
除外	dem	自然	1/2	記号か英数のみ; 票が 1 件だけ
除外	demosnation	仕事	1/1	記号か英数のみ; 票が 1 件だけ
除外	denoising	情報	2/3	記号か英数のみ; 票が 2 件だけ
除外	density	食事	1/2	記号か英数のみ; 票が 1 件だけ
除外	devsecops	情報	1/1	記号か英数のみ; 票が 1 件だけ
除外	değil	健康	1/1	票が 1 件だけ
除外	diffusion	情報	1/2	記号か英数のみ; 票が 1 件だけ
除外	dikkatli	健康	1/1	記号か英数のみ; 票が 1 件だけ
除外	discounted	金銭	1/1	記号か英数のみ; 票が 1 件だけ
除外	discriminator	情報	1/1	長すぎる; 記号か英数のみ; 票が 1 件だけ
除外	dma	情報	1/1	記号か英数のみ; 票が 1 件だけ
除外	dnac	自然	1/1	記号か英数のみ; 票が 1 件だけ
除外	dnvb	交通	1/1	記号か英数のみ; 票が 1 件だけ
除外	do	健康	1/1	記号か英数のみ; 票が 1 件だけ
除外	doktora	健康	1/1	記号か英数のみ; 票が 1 件だけ
除外	doms	身体	1/1	記号か英数のみ; 票が 1 件だけ
除外	dvt	健康	1/1	記号か英数のみ; 票が 1 件だけ
除外	dynamics	身体	1/1	記号か英数のみ; 票が 1 件だけ
除外	ebv	健康	1/2	記号か英数のみ; 票が 1 件だけ
除外	ecg	健康	1/2	記号か英数のみ; 票が 1 件だけ
除外	echo	健康	1/1	記号か英数のみ; 票が 1 件だけ
除外	empathy	法制度	1/1	記号か英数のみ; 票が 1 件だけ
除外	evidence	法制度	1/1	記号か英数のみ; 票が 1 件だけ
除外	explainable	情報	3/3	記号か英数のみ
除外	explanations	情報	1/1	記号か英数のみ; 票が 1 件だけ
除外	eğer	健康	1/1	票が 1 件だけ
除外	eコマース	情報	1/1	票が 1 件だけ
除外	fairness	情報	1/1	記号か英数のみ; 票が 1 件だけ
除外	farming	金銭	1/2	記号か英数のみ; 票が 1 件だけ
除外	fev	健康	1/2	記号か英数のみ; 票が 1 件だけ
除外	few	情報	2/3	記号か英数のみ; 票が 2 件だけ
除外	fido	情報	1/1	記号か英数のみ; 票が 1 件だけ
除外	filter	状態	1/2	記号か英数のみ; 票が 1 件だけ
除外	flight	法制度	1/2	記号か英数のみ; 票が 1 件だけ
除外	flow	金銭	1/1	記号か英数のみ; 票が 1 件だけ
除外	fluid	交通	1/1	記号か英数のみ; 票が 1 件だけ
除外	frtpa	法制度	1/1	記号か英数のみ; 票が 1 件だけ
除外	fulfillment	交通	1/1	記号か英数のみ; 票が 1 件だけ
除外	function	学習	1/1	記号か英数のみ; 票が 1 件だけ
除外	gan	情報	2/3	記号か英数のみ; 票が 2 件だけ
除外	gateway	情報	1/1	記号か英数のみ; 票が 1 件だけ
除外	gdpr	法制度	1/1	記号か英数のみ; 票が 1 件だけ
除外	generative	情報	2/3	記号か英数のみ; 性質を指す名詞（形状詞可能）; 票が 2 件だけ
除外	generator	情報	1/1	記号か英数のみ; 票が 1 件だけ
除外	geçenlerde	健康	1/1	票が 1 件だけ
除外	ghg	自然	1/1	記号か英数のみ; 票が 1 件だけ
除外	gibi	健康	1/1	記号か英数のみ; 票が 1 件だけ
除外	github	仕事	1/1	記号か英数のみ; 票が 1 件だけ
除外	gitlab	仕事	1/1	記号か英数のみ; 票が 1 件だけ
除外	gitmelisin	健康	1/1	記号か英数のみ; 票が 1 件だけ
除外	gloss	学習	1/1	記号か英数のみ; 票が 1 件だけ
除外	governance	金銭	2/3	記号か英数のみ; 票が 2 件だけ
除外	gradient	学習	1/1	記号か英数のみ; 性質を指す名詞（形状詞可能）; 票が 1 件だけ
除外	graphql	情報	1/1	記号か英数のみ; 票が 1 件だけ
除外	ground	交通	1/1	記号か英数のみ; 票が 1 件だけ
除外	hafif	健康	1/1	記号か英数のみ; 票が 1 件だけ
除外	handling	交通	1/1	記号か英数のみ; 票が 1 件だけ
除外	hdr	情報	1/1	記号か英数のみ; 票が 1 件だけ
除外	her	健康	2/2	記号か英数のみ; 票が 2 件だけ
除外	hiit	健康	1/1	記号か英数のみ; 票が 1 件だけ
除外	home	住居	1/1	記号か英数のみ; 票が 1 件だけ
除外	how	仕事	1/1	記号か英数のみ; 票が 1 件だけ
除外	ibi	法制度	1/1	記号か英数のみ; 票が 1 件だけ
除外	icsi	健康	1/1	記号か英数のみ; 票が 1 件だけ
除外	identity	情報	1/1	記号か英数のみ; 票が 1 件だけ
除外	idp	情報	1/1	記号か英数のみ; 票が 1 件だけ
除外	iep	学習	2/4	記号か英数のみ; 票が 2 件だけ
除外	if	学習	1/1	記号か英数のみ; 票が 1 件だけ
除外	ifn	健康	1/1	記号か英数のみ; 票が 1 件だけ
除外	ige	健康	2/3	記号か英数のみ; 票が 2 件だけ
除外	igg	健康	1/1	記号か英数のみ; 票が 1 件だけ
除外	igm	健康	1/1	記号か英数のみ; 票が 1 件だけ
除外	il	健康	1/1	記号か英数のみ; 票が 1 件だけ
除外	impermanent	金銭	1/2	記号か英数のみ; 票が 1 件だけ
除外	indicator	移動	1/1	記号か英数のみ; 票が 1 件だけ
除外	infrastructure	情報	1/1	長すぎる; 記号か英数のみ; 票が 1 件だけ
除外	injection	健康	1/1	記号か英数のみ; 票が 1 件だけ
除外	insights	情報	2/2	記号か英数のみ; 票が 2 件だけ
除外	insirna	自然	1/1	記号か英数のみ; 票が 1 件だけ
除外	interpretability	情報	2/2	長すぎる; 記号か英数のみ; 票が 2 件だけ
除外	iops	情報	1/1	記号か英数のみ; 票が 1 件だけ
除外	ipsc	身体	1/1	記号か英数のみ; 票が 1 件だけ
除外	iyi	健康	1/1	記号か英数のみ; 票が 1 件だけ
除外	için	健康	1/1	票が 1 件だけ
除外	js	情報	2/2	記号か英数のみ; 票が 2 件だけ
除外	json	情報	1/1	記号か英数のみ; 票が 1 件だけ
除外	kHz	健康	1/2	記号か英数のみ; 品詞から取れる（助数詞可能 → #数量）; 票が 1 件だけ
除外	kWh	法制度	1/1	記号か英数のみ; 品詞から取れる（助数詞可能 → #数量）; 票が 1 件だけ
除外	kas	健康	1/1	記号か英数のみ; 票が 1 件だけ
除外	kesin	健康	1/1	記号か英数のみ; 票が 1 件だけ
除外	klik	健康	1/1	記号か英数のみ; 票が 1 件だけ
除外	kubernetes	情報	3/4	記号か英数のみ
除外	lai	自然	1/2	記号か英数のみ; 票が 1 件だけ
除外	latent	情報	1/2	記号か英数のみ; 票が 1 件だけ
除外	layer	情報	1/1	記号か英数のみ; 票が 1 件だけ
除外	lcp	情報	1/1	記号か英数のみ; 票が 1 件だけ
除外	ldi	住居	1/1	記号か英数のみ; 票が 1 件だけ
除外	lge	身体	1/1	記号か英数のみ; 票が 1 件だけ
除外	lidar	交通	2/2	記号か英数のみ; 票が 2 件だけ
除外	lime	情報	1/1	記号か英数のみ; 票が 1 件だけ
除外	lms	情報	1/2	記号か英数のみ; 票が 1 件だけ
除外	lora	情報	1/1	記号か英数のみ; 票が 1 件だけ
除外	loss	金銭	1/2	記号か英数のみ; 動作を指す名詞（サ変可能）; 票が 1 件だけ
除外	lrp	情報	1/1	記号か英数のみ; 票が 1 件だけ
除外	lvef	身体	1/1	記号か英数のみ; 票が 1 件だけ
除外	mRNA	自然	2/2	記号か英数のみ; 票が 2 件だけ
除外	macd	金銭	2/2	記号か英数のみ; 票が 2 件だけ
除外	majeure	交通	1/1	記号か英数のみ; 票が 1 件だけ
除外	maml	情報	1/2	記号か英数のみ; 票が 1 件だけ
除外	massive	情報	1/2	記号か英数のみ; 票が 1 件だけ
除外	mdp	学習	1/1	記号か英数のみ; 票が 1 件だけ
除外	mealprep	食事	1/1	記号か英数のみ; 票が 1 件だけ
除外	means	情報	2/2	記号か英数のみ; 票が 2 件だけ
除外	mechanism	法制度	1/2	記号か英数のみ; 票が 1 件だけ
除外	medium	食事	1/1	記号か英数のみ; 票が 1 件だけ
除外	menisküs	健康	1/1	票が 1 件だけ
除外	meta	情報	1/2	記号か英数のみ; 票が 1 件だけ
除外	metagenomics	自然	1/1	記号か英数のみ; 票が 1 件だけ
除外	mg	健康	1/1	記号か英数のみ; 票が 1 件だけ
除外	mhc	健康	1/1	記号か英数のみ; 票が 1 件だけ
除外	mimo	情報	1/1	記号か英数のみ; 票が 1 件だけ
除外	mla	学習	1/1	記号か英数のみ; 票が 1 件だけ
除外	mm	法制度	1/1	記号か英数のみ; 票が 1 件だけ
除外	mnp	法制度	1/1	記号か英数のみ; 票が 1 件だけ
除外	mode	情報	2/3	記号か英数のみ; 票が 2 件だけ
除外	model	情報	2/5	記号か英数のみ; 票が 2 件だけ; 首位の占有率 40% が閾値未満
除外	models	情報	1/2	記号か英数のみ; 票が 1 件だけ
除外	modified	食事	1/1	記号か英数のみ; 票が 1 件だけ
除外	moneyforward	金銭	1/1	記号か英数のみ; 票が 1 件だけ
除外	mooc	情報	1/2	記号か英数のみ; 票が 1 件だけ
除外	multi	情報	2/3	記号か英数のみ; 票が 2 件だけ
除外	mutlaka	健康	1/1	記号か英数のみ; 票が 1 件だけ
除外	mı	健康	1/1	票が 1 件だけ
除外	ncf	移動	1/1	記号か英数のみ; 票が 1 件だけ
除外	negative	情報	1/1	記号か英数のみ; 性質を指す名詞（形状詞可能）; 票が 1 件だけ
除外	nestjs	情報	1/1	記号か英数のみ; 票が 1 件だけ
除外	networks	情報	1/1	記号か英数のみ; 票が 1 件だけ
除外	neural	情報	2/2	記号か英数のみ; 性質を指す名詞（形状詞可能）; 票が 2 件だけ
除外	nf	情報	1/1	記号か英数のみ; 票が 1 件だけ
除外	ngs	法制度	1/1	記号か英数のみ; 票が 1 件だけ
除外	nmda	健康	1/1	記号か英数のみ; 票が 1 件だけ
除外	node	情報	2/2	記号か英数のみ; 票が 2 件だけ
除外	normalization	情報	2/3	長すぎる; 記号か英数のみ; 票が 2 件だけ
除外	np	情報	1/1	記号か英数のみ; 票が 1 件だけ
除外	null	情報	1/1	記号か英数のみ; 票が 1 件だけ
除外	objectives	移動	1/1	記号か英数のみ; 票が 1 件だけ
除外	of	健康	4/11	記号か英数のみ; 首位の占有率 36% が閾値未満
除外	olabilir	健康	1/1	記号か英数のみ; 票が 1 件だけ
除外	olap	情報	1/1	記号か英数のみ; 票が 1 件だけ
除外	oltp	情報	1/1	記号か英数のみ; 票が 1 件だけ
除外	on	情報	1/1	記号か英数のみ; 動作を指す名詞（サ変可能）; 票が 1 件だけ
除外	on-the-job training	仕事	3/4	長すぎる
除外	openapi	情報	1/1	記号か英数のみ; 票が 1 件だけ
除外	optimization	交通	1/1	記号か英数のみ; 票が 1 件だけ
除外	ortopedi	健康	1/1	記号か英数のみ; 票が 1 件だけ
除外	outcome	情報	1/1	記号か英数のみ; 票が 1 件だけ
除外	overfitting	情報	1/2	記号か英数のみ; 票が 1 件だけ
除外	pH	自然	2/3	記号か英数のみ; 票が 2 件だけ
除外	pass	交通	1/1	記号か英数のみ; 票が 1 件だけ
除外	passenger	交通	1/1	記号か英数のみ; 票が 1 件だけ
除外	pdsa	健康	1/1	記号か英数のみ; 票が 1 件だけ
除外	pe	健康	1/1	記号か英数のみ; 票が 1 件だけ
除外	perc	自然	1/1	記号か英数のみ; 票が 1 件だけ
除外	phase	健康	1/1	記号か英数のみ; 票が 1 件だけ
除外	ping	情報	1/1	記号か英数のみ; 票が 1 件だけ
除外	pixel	情報	1/1	記号か英数のみ; 票が 1 件だけ
除外	plms	健康	1/1	記号か英数のみ; 票が 1 件だけ
除外	pna	健康	1/1	記号か英数のみ; 票が 1 件だけ
除外	pooling	情報	1/1	記号か英数のみ; 票が 1 件だけ
除外	potential	金銭	1/1	記号か英数のみ; 票が 1 件だけ
除外	prmt	自然	1/1	記号か英数のみ; 票が 1 件だけ
除外	probabilistic	情報	1/2	長すぎる; 記号か英数のみ; 票が 1 件だけ
除外	process	学習	1/2	記号か英数のみ; 票が 1 件だけ
除外	programming	学習	1/1	記号か英数のみ; 票が 1 件だけ
除外	psychological	法制度	1/1	長すぎる; 記号か英数のみ; 票が 1 件だけ
除外	pufa	食事	1/1	記号か英数のみ; 票が 1 件だけ
除外	pwa	情報	1/1	記号か英数のみ; 票が 1 件だけ
除外	qid	健康	1/2	記号か英数のみ; 票が 1 件だけ
除外	qrs	健康	1/1	記号か英数のみ; 票が 1 件だけ
除外	range	健康	1/2	記号か英数のみ; 票が 1 件だけ
除外	rank	情報	1/1	記号か英数のみ; 票が 1 件だけ
除外	rankl	身体	1/1	記号か英数のみ; 票が 1 件だけ
除外	ratio	情報	1/1	記号か英数のみ; 票が 1 件だけ
除外	rbac	情報	1/1	記号か英数のみ; 票が 1 件だけ
除外	react	情報	1/1	記号か英数のみ; 票が 1 件だけ
除外	reaksiyon	健康	1/1	記号か英数のみ; 票が 1 件だけ
除外	really	食事	1/1	記号か英数のみ; 票が 1 件だけ
除外	recovery	情報	1/1	記号か英数のみ; 票が 1 件だけ
除外	reinforce	学習	1/1	記号か英数のみ; 票が 1 件だけ
除外	reinforcement	学習	2/3	長すぎる; 記号か英数のみ; 票が 2 件だけ
除外	rendering	情報	1/1	記号か英数のみ; 票が 1 件だけ
除外	request	失敗	1/1	記号か英数のみ; 票が 1 件だけ
除外	response	情報	1/2	記号か英数のみ; 票が 1 件だけ
除外	restful	情報	1/1	記号か英数のみ; 票が 1 件だけ
除外	results	移動	1/1	記号か英数のみ; 票が 1 件だけ
除外	reverse	自然	1/1	記号か英数のみ; 動作を指す名詞（サ変可能）; 票が 1 件だけ
除外	rhel	情報	1/1	記号か英数のみ; 票が 1 件だけ
除外	rnai	自然	1/1	記号か英数のみ; 票が 1 件だけ
除外	roast	食事	1/1	記号か英数のみ; 票が 1 件だけ
除外	rsi	金銭	2/2	記号か英数のみ; 票が 2 件だけ
除外	rsv	健康	1/1	記号か英数のみ; 票が 1 件だけ
除外	rubisco	自然	1/1	記号か英数のみ; 票が 1 件だけ
除外	sadece	健康	1/1	記号か英数のみ; 票が 1 件だけ
除外	scaling	情報	1/1	記号か英数のみ; 票が 1 件だけ
除外	sesi	健康	1/1	記号か英数のみ; 票が 1 件だけ
除外	sglt	健康	1/2	記号か英数のみ; 票が 1 件だけ
除外	sgs	交通	1/1	記号か英数のみ; 票が 1 件だけ
除外	shap	情報	1/1	記号か英数のみ; 票が 1 件だけ
除外	shot	情報	2/3	記号か英数のみ; 票が 2 件だけ
除外	shrna	自然	1/1	記号か英数のみ; 票が 1 件だけ
除外	siem	情報	1/1	記号か英数のみ; 票が 1 件だけ
除外	sim	金銭	1/2	記号か英数のみ; 票が 1 件だけ
除外	sirna	自然	1/1	記号か英数のみ; 票が 1 件だけ
除外	sleep	健康	2/2	記号か英数のみ; 票が 2 件だけ
除外	snapshot	情報	1/1	記号か英数のみ; 票が 1 件だけ
除外	snp	法制度	1/1	記号か英数のみ; 票が 1 件だけ
除外	sorunları	健康	1/1	票が 1 件だけ
除外	sourdough	食事	1/1	記号か英数のみ; 票が 1 件だけ
除外	spectral	情報	1/2	記号か英数のみ; 票が 1 件だけ
除外	srp	仕事	1/2	記号か英数のみ; 票が 1 件だけ
除外	ssd	情報	2/2	記号か英数のみ; 票が 2 件だけ
除外	storage	情報	1/2	記号か英数のみ; 票が 1 件だけ
除外	strep	健康	1/1	記号か英数のみ; 票が 1 件だけ
除外	stress	法制度	1/1	記号か英数のみ; 票が 1 件だけ
除外	tabii	健康	1/1	記号か英数のみ; 票が 1 件だけ
除外	tableau	仕事	1/1	記号か英数のみ; 票が 1 件だけ
除外	tarçınlı	健康	1/1	票が 1 件だけ
除外	teams	仕事	1/1	記号か英数のみ; 票が 1 件だけ
除外	tendinit	健康	1/1	記号か英数のみ; 票が 1 件だけ
除外	terraform	情報	2/2	記号か英数のみ; 票が 2 件だけ
除外	test	法制度	1/1	記号か英数のみ; 動作を指す名詞（サ変可能）; 票が 1 件だけ
除外	teşhis	健康	1/1	票が 1 件だけ
除外	tiroid	健康	1/1	記号か英数のみ; 票が 1 件だけ
除外	tiss	健康	1/1	記号か英数のみ; 票が 1 件だけ
除外	topcon	自然	1/1	記号か英数のみ; 票が 1 件だけ
除外	trace	法制度	1/1	記号か英数のみ; 動作を指す名詞（サ変可能）; 票が 1 件だけ
除外	transformer	情報	1/2	記号か英数のみ; 票が 1 件だけ
除外	uhmw	食事	1/1	記号か英数のみ; 票が 1 件だけ
除外	uti	健康	1/1	記号か英数のみ; 票が 1 件だけ
除外	uzmanına	健康	1/1	票が 1 件だけ
除外	vae	情報	1/2	記号か英数のみ; 票が 1 件だけ
除外	varsa	健康	1/1	記号か英数のみ; 票が 1 件だけ
除外	vas	健康	1/1	記号か英数のみ; 票が 1 件だけ
除外	veeam	情報	1/1	記号か英数のみ; 票が 1 件だけ
除外	veya	健康	1/1	記号か英数のみ; 票が 1 件だけ
除外	viable	仕事	2/2	記号か英数のみ; 票が 2 件だけ
除外	vitals	情報	1/1	記号か英数のみ; 票が 1 件だけ
除外	vulnerability	法制度	1/1	長すぎる; 記号か英数のみ; 票が 1 件だけ
除外	waf	情報	1/1	記号か英数のみ; 票が 1 件だけ
除外	wait	交通	1/1	記号か英数のみ; 票が 1 件だけ
除外	web	情報	3/6	記号か英数のみ
除外	webp	情報	1/1	記号か英数のみ; 票が 1 件だけ
除外	wgan	情報	1/2	記号か英数のみ; 票が 1 件だけ
除外	what	仕事	1/1	記号か英数のみ; 票が 1 件だけ
除外	whistleblowing	仕事	1/1	長すぎる; 記号か英数のみ; 票が 1 件だけ
除外	why	仕事	1/1	記号か英数のみ; 票が 1 件だけ
除外	win	努力	1/1	記号か英数のみ; 票が 1 件だけ
除外	wms	交通	2/2	記号か英数のみ; 票が 2 件だけ
除外	wow	食事	1/1	記号か英数のみ; 票が 1 件だけ
除外	wpa	情報	1/1	記号か英数のみ; 票が 1 件だけ
除外	wue	自然	1/1	記号か英数のみ; 票が 1 件だけ
除外	xai	情報	3/4	記号か英数のみ
除外	xdr	情報	1/1	記号か英数のみ; 票が 1 件だけ
除外	xeno	身体	1/1	記号か英数のみ; 票が 1 件だけ
除外	xnn	情報	1/1	記号か英数のみ; 票が 1 件だけ
除外	yield	金銭	1/2	記号か英数のみ; 票が 1 件だけ
除外	yine	健康	1/1	記号か英数のみ; 票が 1 件だけ
除外	yok	健康	1/1	記号か英数のみ; 票が 1 件だけ
除外	yorgunluk	健康	1/1	記号か英数のみ; 票が 1 件だけ
除外	yürüyüşteyken	健康	1/1	長すぎる; 票が 1 件だけ
除外	çay	健康	1/1	票が 1 件だけ
除外	çekimi	健康	1/1	票が 1 件だけ
除外	öksürük	健康	1/1	票が 1 件だけ
除外	özellikle	健康	1/1	票が 1 件だけ
除外	şey	健康	1/1	票が 1 件だけ
除外	あたり	情報	1/4	品詞から取れる（副詞可能 → #時間）; 票が 1 件だけ; 首位の占有率 25% が閾値未満
除外	いくつ	法制度	7/33	首位の占有率 21% が閾値未満
除外	いくら	食事	1/3	名詞でない（副詞）; 票が 1 件だけ; 首位の占有率 33% が閾値未満
除外	いじめ	仕事	1/2	票が 1 件だけ
除外	いっぱい	家族	1/1	性質を指す名詞（形状詞可能）; 票が 1 件だけ
除外	いつ頃	法制度	1/3	品詞から取れる（副詞可能 → #時間）; 票が 1 件だけ; 首位の占有率 33% が閾値未満
除外	うつ病	健康	2/3	票が 2 件だけ
除外	おかげ	学習	1/3	票が 1 件だけ; 首位の占有率 33% が閾値未満
除外	おすすめ	食事	6/30	動作を指す名詞（サ変可能）; 首位の占有率 20% が閾値未満
除外	おにぎり	身体	1/1	票が 1 件だけ
除外	お世話	法制度	1/1	動作を指す名詞（サ変可能）; 票が 1 件だけ
採用	お子さん	学習	3/3	
除外	お客様	食事	1/3	票が 1 件だけ; 首位の占有率 33% が閾値未満
除外	お店	食事	1/1	票が 1 件だけ
除外	お父様	法制度	1/1	票が 1 件だけ
除外	お礼	情報	1/1	票が 1 件だけ
除外	お金	金銭	1/1	票が 1 件だけ
除外	お願い	健康	1/1	動作を指す名詞（サ変可能）; 票が 1 件だけ
除外	かかりつけ医	健康	1/1	票が 1 件だけ
除外	かたち	健康	1/1	票が 1 件だけ
採用	かゆみ	健康	3/5	
除外	きっかけ	法制度	1/1	票が 1 件だけ
除外	こだわり	住居	1/4	票が 1 件だけ; 首位の占有率 25% が閾値未満
除外	ご多忙	仕事	1/1	性質を指す名詞（形状詞可能）; 票が 1 件だけ
除外	ご自身	健康	4/12	首位の占有率 33% が閾値未満
除外	ご飯	家族	1/1	票が 1 件だけ
除外	しつけ	住居	1/1	票が 1 件だけ
除外	しょう	法制度	1/1	票が 1 件だけ
除外	すべて	自然	3/15	品詞から取れる（副詞可能 → #時間）; 首位の占有率 20% が閾値未満
除外	すれ違い	交通	1/1	票が 1 件だけ
除外	その後	仕事	3/16	品詞から取れる（副詞可能 → #時間）; 首位の占有率 19% が閾値未満
除外	そもそも	健康	2/11	品詞から取れる（副詞可能 → #時間）; 票が 2 件だけ; 首位の占有率 18% が閾値未満
除外	それぞれ	健康	13/79	品詞から取れる（副詞可能 → #時間）; 首位の占有率 16% が閾値未満
除外	だし巻き	食事	1/1	票が 1 件だけ
除外	ちなみ	健康	9/26	首位の占有率 35% が閾値未満
除外	つながり	家族	1/4	票が 1 件だけ; 首位の占有率 25% が閾値未満
除外	づくり	学習	2/4	票が 2 件だけ
除外	ぬるま湯	身体	1/2	票が 1 件だけ
除外	ばらつき	学習	1/2	票が 1 件だけ
除外	びっくり	法制度	1/1	動作を指す名詞（サ変可能）; 票が 1 件だけ
除外	まとめ買い	金銭	1/1	動作を指す名詞（サ変可能）; 票が 1 件だけ
除外	みんな	家族	2/5	品詞から取れる（副詞可能 → #時間）; 票が 2 件だけ; 首位の占有率 40% が閾値未満
除外	むくみ	健康	1/1	票が 1 件だけ
除外	もてなし	学習	1/1	票が 1 件だけ
除外	やり取り	金銭	1/1	動作を指す名詞（サ変可能）; 票が 1 件だけ
除外	やり方	住居	1/2	票が 1 件だけ
除外	ろ過	自然	1/1	動作を指す名詞（サ変可能）; 票が 1 件だけ
除外	アイテム	仕事	3/7	首位の占有率 43% が閾値未満
除外	アイデア	仕事	12/25	首位の占有率 48% が閾値未満
除外	アイデンティティ	学習	1/1	票が 1 件だけ
除外	アイロン	住居	2/2	票が 2 件だけ
除外	アウェアネス	住居	1/1	票が 1 件だけ
除外	アウター	交通	1/1	票が 1 件だけ
除外	アウト	健康	1/2	票が 1 件だけ
除外	アウトソーシング	仕事	1/1	票が 1 件だけ
除外	アウトプット	学習	2/2	動作を指す名詞（サ変可能）; 票が 2 件だけ
除外	アカウント	仕事	1/1	票が 1 件だけ
採用	アクション	仕事	4/5	
採用	アクションプラン	仕事	4/5	
除外	アクセス	情報	8/19	動作を指す名詞（サ変可能）; 首位の占有率 42% が閾値未満
除外	アクセスログ	学習	1/1	票が 1 件だけ
除外	アクセル	交通	1/1	票が 1 件だけ
除外	アクチン	自然	1/2	票が 1 件だけ
除外	アクティビティ	交通	1/1	票が 1 件だけ
除外	アクティブリスニング	仕事	1/2	票が 1 件だけ
除外	アクティブ・ラーニング	学習	2/3	票が 2 件だけ
除外	アクリル	住居	1/1	票が 1 件だけ
除外	アグリ	自然	1/1	票が 1 件だけ
除外	アサイン	移動	1/1	動作を指す名詞（サ変可能）; 票が 1 件だけ
除外	アザメ	自然	1/1	票が 1 件だけ
除外	アシスタント	仕事	1/1	票が 1 件だけ
除外	アジェンダ	仕事	1/1	票が 1 件だけ
採用	アジャイル	仕事	3/3	
採用	アジャイル開発	仕事	3/5	
除外	アスピリン	健康	2/2	票が 2 件だけ
除外	アセスメント	自然	2/4	票が 2 件だけ
除外	アセチル	自然	1/1	票が 1 件だけ
除外	アセチルコリン	自然	1/1	票が 1 件だけ
除外	アタック	家族	1/1	動作を指す名詞（サ変可能）; 票が 1 件だけ
除外	アップ	仕事	11/21	動作を指す名詞（サ変可能）
除外	アップグレード	情報	1/1	票が 1 件だけ
除外	アップス	仕事	1/1	動作を指す名詞（サ変可能）; 票が 1 件だけ
除外	アップデート	情報	3/9	動作を指す名詞（サ変可能）; 首位の占有率 33% が閾値未満
除外	アデノウイルス	健康	1/1	票が 1 件だけ
除外	アトピー	身体	1/1	票が 1 件だけ
除外	アトモスフェリック	交通	1/1	票が 1 件だけ
除外	アドバイス	仕事	6/24	動作を指す名詞（サ変可能）; 首位の占有率 25% が閾値未満
除外	アドバンテージ	学習	1/2	票が 1 件だけ
除外	アドレス	法制度	2/3	票が 2 件だけ
除外	アナライザー	情報	1/1	票が 1 件だけ
除外	アナログ	健康	2/4	票が 2 件だけ
除外	アニメーション	情報	1/1	票が 1 件だけ
除外	アパレイユ	食事	1/1	票が 1 件だけ
除外	アピール	仕事	5/10	動作を指す名詞（サ変可能）
除外	アプリ	金銭	3/13	首位の占有率 23% が閾値未満
採用	アプリケーション	情報	3/5	
除外	アプローチ	仕事	6/29	動作を指す名詞（サ変可能）; 首位の占有率 21% が閾値未満
除外	アポイント	仕事	1/1	票が 1 件だけ
除外	アポイントメント	仕事	2/2	票が 2 件だけ
除外	アミノ	食事	1/3	票が 1 件だけ; 首位の占有率 33% が閾値未満
除外	アムロジピン	健康	2/2	票が 2 件だけ
除外	アメニティ	交通	1/1	票が 1 件だけ
除外	アライアンス	仕事	1/1	票が 1 件だけ
除外	アラーム	状態	1/1	票が 1 件だけ
除外	アリ	食事	1/3	票が 1 件だけ; 首位の占有率 33% が閾値未満
採用	アリバイ	法制度	3/3	
除外	アリルエルギニン	健康	1/1	票が 1 件だけ
除外	アルカリ性	自然	1/2	票が 1 件だけ
除外	アルコール	自然	1/4	票が 1 件だけ; 首位の占有率 25% が閾値未満
除外	アルゴリズム	情報	4/14	首位の占有率 29% が閾値未満
除外	アルデヒド	住居	1/1	票が 1 件だけ
除外	アルバイト	学習	1/3	動作を指す名詞（サ変可能）; 票が 1 件だけ; 首位の占有率 33% が閾値未満
除外	アルパカ	金銭	1/2	票が 1 件だけ
除外	アレルギー	健康	7/15	首位の占有率 47% が閾値未満
採用	アレルギー性	健康	4/5	
除外	アレルゲン	健康	2/3	票が 2 件だけ
除外	アレンジ	仕事	1/3	動作を指す名詞（サ変可能）; 票が 1 件だけ; 首位の占有率 33% が閾値未満
除外	アロマ	健康	1/1	票が 1 件だけ
除外	アロマターゼ	健康	1/1	票が 1 件だけ
除外	アロマティック	食事	1/1	性質を指す名詞（形状詞可能）; 票が 1 件だけ
除外	アロマテラピー	状態	1/1	票が 1 件だけ
除外	アワー	学習	1/1	票が 1 件だけ
除外	アンカー	健康	1/1	票が 1 件だけ
除外	アンギオグラフィー	健康	1/1	票が 1 件だけ
除外	アングル	交通	1/1	票が 1 件だけ
除外	アンケート	食事	1/2	票が 1 件だけ
除外	アンテナ	情報	2/5	票が 2 件だけ; 首位の占有率 40% が閾値未満
除外	アンド	家族	1/1	票が 1 件だけ
除外	アンバー	住居	1/1	票が 1 件だけ
除外	アンモニア	自然	1/1	票が 1 件だけ
除外	アーカイブ	情報	1/1	票が 1 件だけ
除外	アーキテクチャ	情報	1/1	票が 1 件だけ
除外	アーチ	状態	1/2	票が 1 件だけ
除外	アーティスト	情報	1/1	票が 1 件だけ
除外	アート	金銭	1/3	票が 1 件だけ; 首位の占有率 33% が閾値未満
除外	イオン	身体	2/4	票が 2 件だけ
除外	イノベーション	仕事	2/3	票が 2 件だけ
除外	イベント	仕事	3/9	首位の占有率 33% が閾値未満
除外	イメージ	情報	6/36	動作を指す名詞（サ変可能）; 首位の占有率 17% が閾値未満
除外	イメージング	法制度	1/2	票が 1 件だけ
除外	イライラ	健康	2/6	品詞から取れる（副詞可能 → #時間）; 票が 2 件だけ; 首位の占有率 33% が閾値未満
除外	イラスト	情報	1/2	票が 1 件だけ
除外	イルカ	自然	1/1	票が 1 件だけ
除外	インカムゲイン	金銭	1/1	票が 1 件だけ
除外	インクルーシブ	学習	1/1	性質を指す名詞（形状詞可能）; 票が 1 件だけ
除外	インクルージョン	自然	1/1	票が 1 件だけ
除外	インシデント	情報	1/1	票が 1 件だけ
除外	インスリン	食事	2/4	票が 2 件だけ
除外	インセンティブ	仕事	1/2	票が 1 件だけ
除外	インタビュー	仕事	1/2	動作を指す名詞（サ変可能）; 票が 1 件だけ
除外	インタラクション	情報	1/2	動作を指す名詞（サ変可能）; 票が 1 件だけ
除外	インタラクティブ	学習	2/4	性質を指す名詞（形状詞可能）; 票が 2 件だけ
除外	インター	学習	1/1	票が 1 件だけ
除外	インターチェンジ	交通	1/1	票が 1 件だけ
除外	インターネット	情報	3/7	首位の占有率 43% が閾値未満
除外	インターバル	健康	1/2	票が 1 件だけ
除外	インターフェース	学習	1/2	票が 1 件だけ
採用	インターンシップ	仕事	3/4	
除外	インテグレーション	仕事	1/1	票が 1 件だけ
除外	インテリジェンス	情報	1/1	票が 1 件だけ
除外	インデックス	情報	1/1	票が 1 件だけ
除外	インデックスファンド	金銭	1/1	票が 1 件だけ
除外	インパクト	学習	2/4	票が 2 件だけ
除外	インフォームドコンセント	健康	1/1	票が 1 件だけ
除外	インフラ	金銭	2/4	票が 2 件だけ
除外	インフルエンサー	仕事	2/2	票が 2 件だけ
除外	インフルエンザ	健康	2/3	票が 2 件だけ
除外	インフルエンザウイルス	自然	1/1	票が 1 件だけ
除外	インフレ	金銭	1/2	票が 1 件だけ
除外	インプラント	健康	2/2	票が 2 件だけ
除外	インベスティング	金銭	1/2	票が 1 件だけ
除外	イールド	金銭	1/1	票が 1 件だけ
除外	ウィスベロウイルス	健康	1/1	票が 1 件だけ
除外	ウィング	自然	1/1	票が 1 件だけ
採用	ウイルス	健康	5/9	
除外	ウェアハウス	情報	1/1	票が 1 件だけ
除外	ウェアラブル	健康	1/2	票が 1 件だけ
除外	ウェイ	交通	1/1	票が 1 件だけ
採用	ウェブサイト	法制度	4/6	
除外	ウェルカム	仕事	1/2	票が 1 件だけ
除外	ウォッシング	仕事	1/1	票が 1 件だけ
除外	ウォッチ	状態	1/1	動作を指す名詞（サ変可能）; 票が 1 件だけ
除外	ウォレット	金銭	2/4	票が 2 件だけ
除外	ウォーキング	身体	2/3	票が 2 件だけ
除外	ウォール	住居	2/4	票が 2 件だけ
除外	ウッド	健康	1/2	票が 1 件だけ
除外	ウレタン	健康	1/1	票が 1 件だけ
除外	ウール	住居	1/2	票が 1 件だけ
除外	エアコン	住居	1/2	票が 1 件だけ
除外	エキス	食事	1/1	票が 1 件だけ
除外	エクササイズ	状態	1/2	票が 1 件だけ
除外	エクスペリエンス	仕事	2/3	票が 2 件だけ
除外	エグゼクティブ	仕事	1/1	票が 1 件だけ
除外	エコ	住居	1/1	票が 1 件だけ
除外	エコシステム	仕事	1/1	票が 1 件だけ
除外	エコノミー	仕事	1/1	票が 1 件だけ
採用	エコー	健康	3/5	
除外	エスカレーション	仕事	1/2	票が 1 件だけ
除外	エスカレート	仕事	1/2	動作を指す名詞（サ変可能）; 票が 1 件だけ
除外	エステル	住居	1/1	票が 1 件だけ
除外	エストロゲン	健康	1/1	票が 1 件だけ
除外	エスプレッソ	食事	1/1	票が 1 件だけ
除外	エタノール	住居	1/1	票が 1 件だけ
除外	エチレンガス	食事	1/1	票が 1 件だけ
除外	エッセイ	学習	1/1	票が 1 件だけ
除外	エッセンス	健康	1/2	票が 1 件だけ
除外	エネルギー	自然	7/18	首位の占有率 39% が閾値未満
除外	エネルギー源	食事	2/2	票が 2 件だけ
除外	エピジェネティクス	自然	1/1	票が 1 件だけ
除外	エピソード	仕事	2/5	票が 2 件だけ; 首位の占有率 40% が閾値未満
除外	エボリューション	身体	1/1	票が 1 件だけ
除外	エラー	情報	5/12	動作を指す名詞（サ変可能）; 首位の占有率 42% が閾値未満
除外	エラーコード	金銭	1/1	票が 1 件だけ
除外	エラーメッセージ	金銭	1/2	票が 1 件だけ
除外	エリア	情報	1/3	票が 1 件だけ; 首位の占有率 33% が閾値未満
採用	エンゲージメント	仕事	3/4	
除外	エンコード	情報	1/1	票が 1 件だけ
除外	エンザイム	食事	1/1	票が 1 件だけ
除外	エンジニア	努力	1/3	票が 1 件だけ; 首位の占有率 33% が閾値未満
除外	エンジニアリング	情報	1/2	票が 1 件だけ
除外	エンジン	交通	1/2	票が 1 件だけ
除外	エンジンオイル	交通	1/1	票が 1 件だけ
除外	エンターテイメント	仕事	1/1	票が 1 件だけ
除外	エンタープライズ	情報	1/1	票が 1 件だけ
除外	エントリ	移動	1/1	動作を指す名詞（サ変可能）; 票が 1 件だけ
除外	エントリーシート	仕事	1/1	票が 1 件だけ
除外	エンドツーエンド	交通	1/1	票が 1 件だけ
除外	エンドポイント	情報	2/2	票が 2 件だけ
除外	エンベロープ	失敗	1/1	票が 1 件だけ
除外	エージェント	仕事	1/1	票が 1 件だけ
除外	オイスターソース	食事	1/1	票が 1 件だけ
除外	オイル	食事	1/3	票が 1 件だけ; 首位の占有率 33% が閾値未満
除外	オオルリ	自然	1/1	票が 1 件だけ
除外	オカピ	自然	1/1	票が 1 件だけ
除外	オキシメータ	健康	1/1	票が 1 件だけ
除外	オキシメーター	健康	1/1	票が 1 件だけ
除外	オス	自然	1/1	票が 1 件だけ
除外	オススメ	学習	2/7	票が 2 件だけ; 首位の占有率 29% が閾値未満
除外	オハイドン	交通	1/1	票が 1 件だけ
除外	オフィス	学習	2/6	票が 2 件だけ; 首位の占有率 33% が閾値未満
除外	オフサイト	情報	1/1	票が 1 件だけ
除外	オフセット	金銭	2/3	票が 2 件だけ
除外	オフライン	情報	1/4	票が 1 件だけ; 首位の占有率 25% が閾値未満
除外	オフロード	情報	1/1	票が 1 件だけ
除外	オブ	法制度	1/1	票が 1 件だけ
除外	オブジェクト	情報	1/1	票が 1 件だけ
除外	オプション	金銭	3/7	首位の占有率 43% が閾値未満
除外	オペレーション	食事	1/1	票が 1 件だけ
除外	オペレーター	交通	1/1	票が 1 件だけ
除外	オミクロン株	健康	1/2	票が 1 件だけ
除外	オリエンテーション	学習	1/1	票が 1 件だけ
除外	オリジナル	住居	1/3	性質を指す名詞（形状詞可能）; 票が 1 件だけ; 首位の占有率 33% が閾値未満
除外	オリジン	食事	2/2	票が 2 件だけ
除外	オルソケラトロジー	健康	1/1	票が 1 件だけ
除外	オレンジ	交通	1/1	票が 1 件だけ
除外	オンプレミス	情報	1/1	票が 1 件だけ
除外	オンボーディング	仕事	2/3	票が 2 件だけ
除外	オンライン	情報	3/18	首位の占有率 17% が閾値未満
除外	オンライン申請	法制度	1/1	票が 1 件だけ
採用	オーケストレーション	情報	3/3	
除外	オーディオ	情報	2/2	票が 2 件だけ
除外	オーナー	住居	1/1	票が 1 件だけ
除外	オーナーシップ	仕事	1/1	票が 1 件だけ
除外	オーバー	交通	2/6	動作を指す名詞（サ変形状詞可能）; 票が 2 件だけ; 首位の占有率 33% が閾値未満
除外	オーブン	食事	1/2	票が 1 件だけ
除外	オープン	学習	3/6	動作を指す名詞（サ変形状詞可能）
除外	カウンセラー	仕事	1/1	票が 1 件だけ
除外	カウンセリング	健康	2/3	動作を指す名詞（サ変可能）; 票が 2 件だけ
除外	カウンター	健康	1/1	票が 1 件だけ
除外	カウント	法制度	1/1	動作を指す名詞（サ変可能）; 票が 1 件だけ
除外	カオス	努力	1/1	票が 1 件だけ
除外	カシューナッツ	健康	1/2	票が 1 件だけ
除外	カスケード	健康	1/2	票が 1 件だけ
除外	カスタマイズ	情報	1/2	動作を指す名詞（サ変可能）; 票が 1 件だけ
採用	カスタマー	仕事	3/4	
除外	カスタードクリーム	食事	1/1	票が 1 件だけ
除外	カタログ	住居	1/1	票が 1 件だけ
除外	カット	健康	1/3	動作を指す名詞（サ変可能）; 票が 1 件だけ; 首位の占有率 33% が閾値未満
除外	カツオ	食事	1/1	票が 1 件だけ
除外	カテゴリ	健康	1/5	票が 1 件だけ; 首位の占有率 20% が閾値未満
除外	カテゴリー	食事	1/3	票が 1 件だけ; 首位の占有率 33% が閾値未満
除外	カバー	法制度	1/4	動作を指す名詞（サ変可能）; 票が 1 件だけ; 首位の占有率 25% が閾値未満
除外	カビ	住居	2/4	票が 2 件だけ
除外	カビ臭	住居	2/2	票が 2 件だけ
除外	カフェイン	食事	1/4	票が 1 件だけ; 首位の占有率 25% が閾値未満
除外	カプセル化	食事	1/1	票が 1 件だけ
除外	カメラ	情報	1/1	票が 1 件だけ
除外	カモ	交通	1/1	票が 1 件だけ
除外	カモミール	健康	1/1	票が 1 件だけ
除外	カラス	自然	2/3	票が 2 件だけ
除外	カラム	情報	1/1	票が 1 件だけ
除外	カラー	住居	2/4	票が 2 件だけ
除外	カラーリング	住居	1/1	票が 1 件だけ
除外	カリウム	自然	1/2	票が 1 件だけ
除外	カリキュラム	仕事	1/3	票が 1 件だけ; 首位の占有率 33% が閾値未満
除外	カルシウム	法制度	1/2	票が 1 件だけ
除外	カルテ	健康	2/4	票が 2 件だけ
除外	カルト	家族	1/1	票が 1 件だけ
除外	カルマンフィルタ	状態	1/1	2 形態素に割れる; 票が 1 件だけ
除外	カレー	金銭	1/1	票が 1 件だけ
除外	カロリー	食事	2/2	品詞から取れる（助数詞可能 → #数量）; 票が 2 件だけ
採用	カンバン	仕事	3/3	
除外	カンパニー	金銭	1/2	票が 1 件だけ
除外	カーテン	住居	1/1	票が 1 件だけ
除外	カート	金銭	1/1	票が 1 件だけ
除外	カード	学習	3/8	首位の占有率 38% が閾値未満
除外	カーネル	情報	1/2	票が 1 件だけ
除外	カーボン	金銭	2/3	票が 2 件だけ
除外	ガイド	交通	1/3	動作を指す名詞（サ変可能）; 票が 1 件だけ; 首位の占有率 33% が閾値未満
除外	ガイドライン	健康	4/11	首位の占有率 36% が閾値未満
除外	ガス	健康	3/9	首位の占有率 33% が閾値未満
除外	ガス代	金銭	1/2	票が 1 件だけ
除外	ガソリン	金銭	1/2	票が 1 件だけ
除外	ガドリニウム	健康	1/1	票が 1 件だけ
除外	ガバナンス	金銭	2/4	票が 2 件だけ
除外	ガラス	住居	2/2	票が 2 件だけ
除外	キセル	交通	1/1	票が 1 件だけ
除外	キッチン	住居	1/1	票が 1 件だけ
除外	キット	自然	1/1	票が 1 件だけ
除外	キツネ	自然	1/2	票が 1 件だけ
除外	キハダ	食事	1/1	票が 1 件だけ
採用	キャッシュ	金銭	3/4	
除外	キャッチアップ	仕事	1/2	票が 1 件だけ
除外	キャッチコピー	仕事	1/1	票が 1 件だけ
除外	キャプチャ	状態	1/1	動作を指す名詞（サ変可能）; 票が 1 件だけ
除外	キャプテン	身体	1/1	票が 1 件だけ
除外	キャラクター	情報	1/1	票が 1 件だけ
採用	キャリア	仕事	6/10	
除外	キャリアアップ	仕事	2/3	票が 2 件だけ
除外	キャリアパス	仕事	1/2	票が 1 件だけ
除外	キャリアプラン	仕事	2/3	票が 2 件だけ
除外	キャリア形成	健康	1/1	票が 1 件だけ
除外	キャンセル	法制度	1/1	動作を指す名詞（サ変可能）; 票が 1 件だけ
除外	キャンペーン	法制度	2/4	票が 2 件だけ
除外	キリング	仕事	1/1	票が 1 件だけ
除外	キロ	金銭	1/2	品詞から取れる（助数詞可能 → #数量）; 票が 1 件だけ
除外	キング	金銭	1/2	票が 1 件だけ
除外	キー	情報	2/3	票が 2 件だけ
除外	キーコンセプト	学習	1/1	票が 1 件だけ
除外	キーポイント	家族	1/1	票が 1 件だけ
除外	キーメッセージ	仕事	1/1	票が 1 件だけ
採用	キーワード	仕事	3/5	
除外	ギフト	交通	1/1	票が 1 件だけ
除外	ギャップ	仕事	2/3	票が 2 件だけ
除外	クイズ	学習	2/3	票が 2 件だけ
除外	クエリ	金銭	1/2	票が 1 件だけ
除外	クエン	住居	1/1	票が 1 件だけ
除外	クオリティ	情報	1/2	票が 1 件だけ
除外	クッキング	食事	2/3	動作を指す名詞（サ変可能）; 票が 2 件だけ
除外	クッション	健康	1/3	票が 1 件だけ; 首位の占有率 33% が閾値未満
除外	クライアント	情報	3/16	首位の占有率 19% が閾値未満
除外	クライミング	身体	1/1	票が 1 件だけ
採用	クラウド	情報	5/6	
除外	クラウドサービス	情報	1/1	票が 1 件だけ
除外	クラウドファンディング	情報	1/1	票が 1 件だけ
除外	クラウド型	交通	1/1	票が 1 件だけ
除外	クラス	情報	2/6	票が 2 件だけ; 首位の占有率 33% が閾値未満
除外	クラスタ	情報	1/1	票が 1 件だけ
除外	クラスタリング	情報	1/2	動作を指す名詞（サ変可能）; 票が 1 件だけ
除外	クラッチ	交通	1/1	票が 1 件だけ
除外	クリア	食事	1/4	動作を指す名詞（サ変形状詞可能）; 票が 1 件だけ; 首位の占有率 25% が閾値未満
除外	クリーナー	住居	1/1	票が 1 件だけ
除外	クリーニング	情報	1/1	動作を指す名詞（サ変可能）; 票が 1 件だけ
除外	クリープ	失敗	1/1	票が 1 件だけ
除外	クリーム	身体	2/3	票が 2 件だけ
除外	クレジットカード	法制度	1/1	票が 1 件だけ
除外	クレジットカード払い	金銭	1/1	票が 1 件だけ
除外	クレジットカード決済	法制度	1/1	票が 1 件だけ
除外	クレマ	食事	1/1	票が 1 件だけ
除外	クレンジング	身体	1/2	票が 1 件だけ
除外	クレーム	交通	1/1	票が 1 件だけ
除外	クロス	住居	2/3	動作を指す名詞（サ変可能）; 票が 2 件だけ
除外	クロック	情報	1/1	票が 1 件だけ
除外	クロネコ	学習	1/1	票が 1 件だけ
除外	クロロフィル	自然	1/1	票が 1 件だけ
除外	クロワッサン	食事	2/2	票が 2 件だけ
除外	クロージャ	情報	1/1	票が 1 件だけ
採用	クロージング	仕事	3/3	
採用	クローゼット	住居	3/3	
除外	クローン	家族	1/2	票が 1 件だけ
除外	クール	住居	1/1	名詞でない（形状詞）; 票が 1 件だけ
除外	クールダウン	状態	1/2	票が 1 件だけ
除外	グッズ	情報	1/1	票が 1 件だけ
除外	グラインダー	食事	1/1	票が 1 件だけ
除外	グラタン	食事	1/1	票が 1 件だけ
除外	グラフ	情報	1/2	票が 1 件だけ
除外	グラム	食事	1/1	品詞から取れる（人名 → #人）; 票が 1 件だけ
除外	グリッド	自然	1/1	票が 1 件だけ
採用	グリーン	仕事	3/4	
除外	グルコース	健康	1/1	票が 1 件だけ
除外	グルテン	食事	2/2	票が 2 件だけ
除外	グルテンフリー	食事	1/1	票が 1 件だけ
除外	グループ	学習	3/11	首位の占有率 27% が閾値未満
除外	グレード	金銭	1/2	票が 1 件だけ
除外	ケア	健康	7/9	動作を指す名詞（サ変可能）
除外	ケアシステム	金銭	1/2	票が 1 件だけ
採用	ケアプラン	健康	4/6	
除外	ケアマネジャー	健康	2/4	票が 2 件だけ
除外	ケガ	金銭	2/4	動作を指す名詞（サ変可能）; 票が 2 件だけ
除外	ケトジェニックダイエット	食事	2/2	票が 2 件だけ
除外	ケトン	食事	1/2	票が 1 件だけ
除外	ケーキ	食事	1/3	票が 1 件だけ; 首位の占有率 33% が閾値未満
除外	ケース	健康	14/66	首位の占有率 21% が閾値未満
除外	ケーススタディ	学習	1/1	票が 1 件だけ
除外	ケースバイケース	住居	1/2	票が 1 件だけ
除外	ケーブル	情報	1/2	票が 1 件だけ
除外	ケーブルテレビ	情報	1/2	票が 1 件だけ
除外	ゲスト	家族	1/1	票が 1 件だけ
採用	ゲノム	健康	3/6	
除外	ゲージ	健康	1/1	票が 1 件だけ
除外	ゲート	情報	1/1	票が 1 件だけ
除外	ゲーミング	情報	1/1	票が 1 件だけ
除外	ゲーム	情報	3/9	首位の占有率 33% が閾値未満
除外	コア	仕事	1/1	性質を指す名詞（形状詞可能）; 票が 1 件だけ
除外	コアコンピタンス	仕事	2/2	票が 2 件だけ
除外	コアタイム	仕事	1/1	票が 1 件だけ
除外	コアビジネス	金銭	1/1	票が 1 件だけ
除外	コアマシージョー	状態	1/1	票が 1 件だけ
除外	コク	食事	1/1	票が 1 件だけ
除外	コスト	情報	6/31	首位の占有率 19% が閾値未満
除外	コストパフォーマンス	住居	2/5	票が 2 件だけ; 首位の占有率 40% が閾値未満
除外	コスト削減	仕事	2/5	動作を指す名詞（サ変可能）; 票が 2 件だけ; 首位の占有率 40% が閾値未満
除外	コツ	情報	1/2	票が 1 件だけ
除外	コネクタ	情報	1/2	票が 1 件だけ
除外	コピー	法制度	2/3	動作を指す名詞（サ変可能）; 票が 2 件だけ
除外	コポリマー	自然	1/1	票が 1 件だけ
除外	コミュニケーション	仕事	14/42	動作を指す名詞（サ変可能）; 首位の占有率 33% が閾値未満
除外	コミュニケーションツール	仕事	2/3	票が 2 件だけ
除外	コミュニティ	情報	3/7	首位の占有率 43% が閾値未満
除外	コメント	学習	1/1	動作を指す名詞（サ変可能）; 票が 1 件だけ
除外	コルチゾール	健康	1/2	票が 1 件だけ
除外	コレクション	学習	1/1	票が 1 件だけ
除外	コレステロール	健康	1/2	票が 1 件だけ
除外	コロナ禍	移動	1/1	票が 1 件だけ
除外	コンサルタント	法制度	1/1	票が 1 件だけ
除外	コンセプト	住居	2/4	票が 2 件だけ
除外	コンセント	金銭	1/1	票が 1 件だけ
除外	コンタクトレンズ	健康	1/1	票が 1 件だけ
除外	コンチ	食事	1/1	票が 1 件だけ
除外	コンティーニュ	住居	1/1	票が 1 件だけ
除外	コンテキスト	学習	1/1	票が 1 件だけ
採用	コンテナ	情報	3/5	
除外	コンテンツ	情報	3/10	首位の占有率 30% が閾値未満
除外	コンデンス	住居	1/1	動作を指す名詞（サ変可能）; 票が 1 件だけ
除外	コントラクト	情報	2/4	票が 2 件だけ
除外	コントラスト	自然	1/5	票が 1 件だけ; 首位の占有率 20% が閾値未満
除外	コントローラー	情報	2/2	票が 2 件だけ
除外	コントロール	健康	12/28	動作を指す名詞（サ変可能）; 首位の占有率 43% が閾値未満
除外	コンバージョン率	仕事	1/2	票が 1 件だけ
除外	コンパウンド	交通	1/1	票が 1 件だけ
除外	コンパクト	食事	1/2	性質を指す名詞（形状詞可能）; 票が 1 件だけ
除外	コンピテンシー	努力	1/1	票が 1 件だけ
除外	コンピュータ	金銭	1/3	票が 1 件だけ; 首位の占有率 33% が閾値未満
除外	コンピューター	家族	1/1	票が 1 件だけ
除外	コンプライアンス	仕事	1/2	票が 1 件だけ
除外	コンプレックス	家族	1/1	票が 1 件だけ
除外	コンペンサレーション	交通	1/1	票が 1 件だけ
除外	コース	学習	3/7	首位の占有率 43% が閾値未満
除外	コーチング	学習	1/1	票が 1 件だけ
除外	コーティング	食事	3/4	動作を指す名詞（サ変可能）
除外	コーデック	情報	1/1	票が 1 件だけ
採用	コード	情報	4/8	
除外	コードレビュー	仕事	1/1	票が 1 件だけ
除外	コーナー	家族	1/1	票が 1 件だけ
採用	コーヒー	食事	3/3	
除外	コールド	食事	1/2	票が 1 件だけ
除外	ゴミ	自然	1/1	票が 1 件だけ
除外	ゴム	住居	1/2	票が 1 件だけ
除外	ゴリラ	自然	1/1	票が 1 件だけ
除外	ゴルフ	身体	1/1	票が 1 件だけ
除外	ゴールデン	金銭	1/1	票が 1 件だけ
除外	サイ	自然	1/1	票が 1 件だけ
除外	サイエンス	情報	1/1	票が 1 件だけ
除外	サイクル	身体	1/4	動作を指す名詞（サ変可能）; 票が 1 件だけ; 首位の占有率 25% が閾値未満
除外	サイズ	住居	3/16	首位の占有率 19% が閾値未満
除外	サイト	情報	2/9	票が 2 件だけ; 首位の占有率 22% が閾値未満
除外	サイトカイン	健康	2/2	票が 2 件だけ
除外	サイド	情報	1/2	票が 1 件だけ
除外	サイドメニュー	食事	2/2	票が 2 件だけ
除外	サイン	健康	6/10	動作を指す名詞（サ変可能）
除外	サクラ	金銭	1/2	票が 1 件だけ
除外	サケ	食事	1/1	票が 1 件だけ
除外	サステナビリティ	金銭	1/2	票が 1 件だけ
除外	サスペンション	交通	1/1	票が 1 件だけ
除外	サッカー	健康	1/1	票が 1 件だけ
除外	サッシ	住居	1/1	票が 1 件だけ
除外	サテライト	法制度	1/1	票が 1 件だけ
除外	サバ	健康	1/2	票が 1 件だけ
除外	サブスクリプションモデル	金銭	1/1	票が 1 件だけ
除外	サプライズ	家族	2/3	票が 2 件だけ
採用	サプライチェーン	交通	4/8	
除外	サプライヤー	交通	2/3	票が 2 件だけ
除外	サプリズムレンズ	健康	1/1	票が 1 件だけ
除外	サプリメント	食事	2/2	票が 2 件だけ
除外	サポート	健康	12/47	動作を指す名詞（サ変可能）; 首位の占有率 26% が閾値未満
除外	サルサ	食事	1/1	票が 1 件だけ
除外	サンゴ	自然	1/2	票が 1 件だけ
除外	サンゴ礁	自然	2/3	票が 2 件だけ
除外	サンプリング	仕事	1/3	動作を指す名詞（サ変可能）; 票が 1 件だけ; 首位の占有率 33% が閾値未満
除外	サンプル	情報	3/9	首位の占有率 33% が閾値未満
除外	サーキュラーエコノミー	自然	1/1	票が 1 件だけ
除外	サークル	仕事	1/1	票が 1 件だけ
採用	サーバー	情報	4/4	
除外	サーバーレスアーキテクチャ	情報	1/1	長すぎる; 票が 1 件だけ
除外	サービス	情報	6/27	動作を指す名詞（サ変可能）; 首位の占有率 22% が閾値未満
除外	サービスエリア	交通	1/1	票が 1 件だけ
除外	サーベイランス	健康	1/1	票が 1 件だけ
除外	サーマル	情報	1/1	票が 1 件だけ
除外	シウダー	食事	1/1	票が 1 件だけ
除外	シェアリング	金銭	1/1	票が 1 件だけ
除外	シェル	金銭	1/2	票が 1 件だけ
除外	シェルフ	住居	1/1	票が 1 件だけ
除外	シェード	住居	1/1	票が 1 件だけ
除外	シグナル	自然	2/4	票が 2 件だけ
除外	シジミ	自然	1/1	票が 1 件だけ
除外	システム	交通	11/55	首位の占有率 20% が閾値未満
除外	システムエラー	交通	1/1	票が 1 件だけ
除外	シダー	健康	1/1	票が 1 件だけ
除外	シデマウンテン	食事	1/1	票が 1 件だけ
除外	シナジー	仕事	2/3	票が 2 件だけ
除外	シナプス	身体	2/2	票が 2 件だけ
除外	シナリオ	仕事	1/5	票が 1 件だけ; 首位の占有率 20% が閾値未満
除外	シフト	仕事	2/9	動作を指す名詞（サ変可能）; 票が 2 件だけ; 首位の占有率 22% が閾値未満
除外	シミ	法制度	1/2	票が 1 件だけ
除外	シミュレーション	交通	4/17	動作を指す名詞（サ変可能）; 首位の占有率 24% が閾値未満
除外	シャツ	住居	1/1	票が 1 件だけ
除外	シャワー	身体	2/3	票が 2 件だけ
除外	シャープレイ	情報	1/1	票が 1 件だけ
除外	ショック	金銭	1/4	性質を指す名詞（形状詞可能）; 票が 1 件だけ; 首位の占有率 25% が閾値未満
除外	ショット	身体	1/1	票が 1 件だけ
除外	ショッピング	交通	1/1	動作を指す名詞（サ変可能）; 票が 1 件だけ
除外	ショップ	交通	2/4	票が 2 件だけ
除外	ショー	仕事	1/1	票が 1 件だけ
除外	ショーケース	交通	1/1	票が 1 件だけ
除外	シラバス	学習	1/1	票が 1 件だけ
除外	シリアル	金銭	1/1	票が 1 件だけ
除外	シリンダー	交通	1/1	票が 1 件だけ
除外	シルエット	住居	1/1	票が 1 件だけ
除外	シルク	住居	1/2	票が 1 件だけ
除外	シロクマ	自然	2/2	票が 2 件だけ
除外	シロザメ	自然	1/1	票が 1 件だけ
除外	シワ	住居	2/2	票が 2 件だけ
除外	シンク	住居	1/1	票が 1 件だけ
除外	シングル	食事	2/3	票が 2 件だけ
除外	シーケンス	自然	1/2	票が 1 件だけ
除外	シート	食事	1/3	票が 1 件だけ; 首位の占有率 33% が閾値未満
除外	シームレス	交通	1/1	票が 1 件だけ
除外	シールド	情報	1/1	票が 1 件だけ
除外	シーン	住居	1/3	票が 1 件だけ; 首位の占有率 33% が閾値未満
除外	ジェット	交通	1/1	票が 1 件だけ
除外	ジェネレーション	情報	1/1	動作を指す名詞（サ変可能）; 票が 1 件だけ
除外	ジャッキ	交通	1/1	票が 1 件だけ
除外	ジャンル	家族	1/1	票が 1 件だけ
除外	ジャーナル	学習	2/2	票が 2 件だけ
採用	ジャーニー	仕事	3/3	
除外	ジョイン	法制度	1/1	票が 1 件だけ
除外	ジョブ	仕事	1/1	票が 1 件だけ
除外	ジレンマ	交通	1/1	票が 1 件だけ
除外	スイッチング	健康	1/1	動作を指す名詞（サ変可能）; 票が 1 件だけ
除外	スイング	身体	1/1	動作を指す名詞（サ変可能）; 票が 1 件だけ
除外	スカーリング	健康	1/1	票が 1 件だけ
除外	スガー	健康	1/1	票が 1 件だけ
除外	スキャナル	金銭	1/1	票が 1 件だけ
除外	スキャナー	金銭	1/1	票が 1 件だけ
除外	スキャン	健康	2/5	動作を指す名詞（サ変可能）; 票が 2 件だけ; 首位の占有率 40% が閾値未満
除外	スキュラーステスト	情報	1/1	票が 1 件だけ
除外	スキル	仕事	18/39	首位の占有率 46% が閾値未満
除外	スキルイミグラント	仕事	1/1	票が 1 件だけ
除外	スキーマ	学習	2/3	票が 2 件だけ
除外	スキーム	法制度	2/4	票が 2 件だけ
除外	スクエア	住居	1/1	票が 1 件だけ
除外	スクラッチ	情報	1/2	票が 1 件だけ
除外	スクラム	仕事	1/2	票が 1 件だけ
除外	スクランブル	交通	1/1	票が 1 件だけ
除外	スクリプト	情報	1/1	票が 1 件だけ
除外	スクリーニング	健康	2/4	票が 2 件だけ
除外	スクワット	身体	2/2	票が 2 件だけ
除外	スケジュール	仕事	3/12	首位の占有率 25% が閾値未満
除外	スケーラビリティ	情報	2/2	票が 2 件だけ
除外	スケーリング	情報	1/1	動作を指す名詞（サ変可能）; 票が 1 件だけ
除外	スケール	健康	2/3	票が 2 件だけ
除外	スコア	健康	2/4	票が 2 件だけ
除外	スコープ	努力	1/3	票が 1 件だけ; 首位の占有率 33% が閾値未満
除外	スズメ	自然	1/1	票が 1 件だけ
採用	スタイル	学習	6/11	
除外	スタック	交通	1/2	票が 1 件だけ
除外	スタッフ	家族	1/3	票が 1 件だけ; 首位の占有率 33% が閾値未満
除外	スタンディング	住居	2/2	票が 2 件だけ
除外	スタンドアップ	仕事	2/3	票が 2 件だけ
除外	スター	情報	1/1	票が 1 件だけ
除外	スターター	食事	1/1	票が 1 件だけ
除外	スタート	法制度	1/1	動作を指す名詞（サ変可能）; 票が 1 件だけ
採用	スタートアップ	仕事	4/4	
除外	スチーム	住居	1/1	票が 1 件だけ
除外	スチームアイロン	住居	1/1	票が 1 件だけ
除外	スチームレス	住居	1/1	票が 1 件だけ
除外	ステップ	仕事	2/6	動作を指す名詞（サ変可能）; 票が 2 件だけ; 首位の占有率 33% が閾値未満
除外	ステレオタイプ	情報	1/1	票が 1 件だけ
採用	ステロイド	健康	4/7	
除外	ステンレス	食事	1/2	票が 1 件だけ
採用	ステークホルダー	仕事	4/6	
除外	ステーション	交通	2/5	票が 2 件だけ; 首位の占有率 40% が閾値未満
除外	ステージ	健康	2/3	票が 2 件だけ
除外	ステータス	仕事	2/3	票が 2 件だけ
除外	ストップロスオーダー	金銭	1/1	票が 1 件だけ
除外	ストレス	健康	7/16	首位の占有率 44% が閾値未満
採用	ストレッチ	身体	3/4	
除外	ストレージ	情報	2/3	票が 2 件だけ
除外	ストレート	仕事	1/2	性質を指す名詞（形状詞可能）; 票が 1 件だけ
除外	ストーリー	仕事	2/4	票が 2 件だけ
除外	ストーリーテリング	学習	1/3	票が 1 件だけ; 首位の占有率 33% が閾値未満
除外	スハ	交通	1/1	票が 1 件だけ
除外	スパイス	食事	1/1	票が 1 件だけ
除外	スパイラル	自然	1/1	票が 1 件だけ
除外	スパゲッティ	食事	1/1	票が 1 件だけ
除外	スパム	移動	1/1	票が 1 件だけ
除外	スパース	移動	1/1	性質を指す名詞（形状詞可能）; 票が 1 件だけ
採用	スピード	交通	3/6	
除外	スピードアップ	交通	1/2	動作を指す名詞（サ変可能）; 票が 1 件だけ
除外	スピード感	仕事	1/1	票が 1 件だけ
除外	スプリット	情報	1/1	動作を指す名詞（サ変可能）; 票が 1 件だけ
除外	スプリント	仕事	2/3	票が 2 件だけ
除外	スペクトラム	情報	1/1	動作を指す名詞（サ変可能）; 票が 1 件だけ
除外	スペクトル	学習	1/1	票が 1 件だけ
除外	スペーサー	交通	1/1	票が 1 件だけ
採用	スペース	住居	5/10	
除外	スポット	交通	2/2	票が 2 件だけ
除外	スポットライト	住居	1/1	票が 1 件だけ
除外	スポンジ	食事	1/2	票が 1 件だけ
除外	スポーツ	身体	3/4	動作を指す名詞（サ変可能）
除外	スマホ	家族	3/9	首位の占有率 33% が閾値未満
除外	スマートグリッド	金銭	1/2	票が 1 件だけ
除外	スマートシティ	自然	1/1	票が 1 件だけ
採用	スマートフォン	法制度	3/3	
除外	スモーク	健康	1/1	票が 1 件だけ
除外	スモールスタート	仕事	2/2	票が 2 件だけ
除外	スライス	食事	1/1	動作を指す名詞（サ変可能）; 票が 1 件だけ
除外	スライド	仕事	1/1	動作を指す名詞（サ変可能）; 票が 1 件だけ
除外	スラング	交通	1/1	票が 1 件だけ
除外	スラー	食事	1/1	票が 1 件だけ
除外	スリープ	努力	1/1	票が 1 件だけ
除外	スループット	情報	1/2	票が 1 件だけ
除外	スロット	情報	1/1	票が 1 件だけ
除外	スロープ	住居	1/1	票が 1 件だけ
除外	スワップ	情報	1/1	票が 1 件だけ
除外	スーパー	食事	2/3	票が 2 件だけ
除外	スーパーマーケット	金銭	1/2	票が 1 件だけ
除外	スープ	食事	1/1	票が 1 件だけ
除外	セカンド	家族	1/1	票が 1 件だけ
除外	セカンドオピニオン	健康	2/2	票が 2 件だけ
採用	セキュリティ	情報	9/16	
除外	セクション	仕事	1/1	票が 1 件だけ
除外	セクター	金銭	2/2	票が 2 件だけ
除外	セグメンテーション	情報	2/4	票が 2 件だけ
採用	セグメント	仕事	3/4	
除外	セグメントミディアス	自然	1/1	票が 1 件だけ
除外	セグメント化	仕事	1/1	動作を指す名詞（サ変可能）; 票が 1 件だけ
除外	セッション	仕事	1/1	票が 1 件だけ
除外	セット	食事	2/6	動作を指す名詞（サ変可能）; 票が 2 件だけ; 首位の占有率 33% が閾値未満
採用	セミナー	仕事	3/3	
除外	セラピー	健康	1/1	票が 1 件だけ
除外	セラミック	食事	1/2	票が 1 件だけ
除外	セラミド	健康	1/2	票が 1 件だけ
除外	センサー	身体	2/8	票が 2 件だけ; 首位の占有率 25% が閾値未満
除外	センター	法制度	1/6	票が 1 件だけ; 首位の占有率 17% が閾値未満
除外	セントロイド	情報	1/1	票が 1 件だけ
除外	ゼロデイ	情報	1/1	票が 1 件だけ
除外	ゼロトラスト	情報	1/1	票が 1 件だけ
除外	ゼロヘパリン	健康	1/2	票が 1 件だけ
除外	ソフト	仕事	1/2	性質を指す名詞（形状詞可能）; 票が 1 件だけ
除外	ソフトウェア	金銭	2/5	票が 2 件だけ; 首位の占有率 40% が閾値未満
除外	ソリューション	仕事	2/5	票が 2 件だけ; 首位の占有率 40% が閾値未満
除外	ソーシャル	情報	1/3	票が 1 件だけ; 首位の占有率 33% が閾値未満
除外	ソーシャルメディア	金銭	1/3	票が 1 件だけ; 首位の占有率 33% が閾値未満
除外	ソーシャルワーカー	健康	1/1	票が 1 件だけ
除外	ソース	食事	2/2	票が 2 件だけ
除外	ゾウ	自然	1/1	票が 1 件だけ
除外	ゾーン	情報	1/2	票が 1 件だけ
除外	タイト	仕事	1/1	性質を指す名詞（形状詞可能）; 票が 1 件だけ
除外	タイプ	住居	4/12	首位の占有率 33% が閾値未満
除外	タイマー	食事	1/2	票が 1 件だけ
除外	タイミング	食事	4/18	首位の占有率 22% が閾値未満
除外	タイム	交通	3/8	首位の占有率 38% が閾値未満
除外	タイムシート	仕事	1/1	票が 1 件だけ
除外	タイムゾーン	情報	1/2	票が 1 件だけ
除外	タイヤ	交通	1/1	票が 1 件だけ
除外	タイル	交通	1/1	票が 1 件だけ
除外	タオル	身体	1/1	票が 1 件だけ
採用	タスク	仕事	6/12	
除外	タバコ	健康	1/2	票が 1 件だけ
除外	タブー	情報	1/1	票が 1 件だけ
除外	タンニン	食事	1/1	票が 1 件だけ
除外	タンパク質	健康	4/14	首位の占有率 29% が閾値未満
除外	タンポナーディゼス	身体	1/1	票が 1 件だけ
除外	タンポナーディネ	健康	1/2	票が 1 件だけ
除外	ターゲット	仕事	3/9	首位の占有率 33% が閾値未満
除外	ターゲティング	法制度	1/2	票が 1 件だけ
除外	ターミネーション	自然	1/1	票が 1 件だけ
除外	ダイナミクス	身体	1/2	票が 1 件だけ
除外	ダイニング	家族	1/2	票が 1 件だけ
除外	ダイバーシティ	自然	1/1	票が 1 件だけ
除外	ダイヤ	健康	1/3	票が 1 件だけ; 首位の占有率 33% が閾値未満
除外	ダイヤモンド	食事	1/2	票が 1 件だけ
除外	ダウン	住居	1/2	動作を指す名詞（サ変可能）; 票が 1 件だけ
除外	ダウンロード	情報	1/3	動作を指す名詞（サ変可能）; 票が 1 件だけ; 首位の占有率 33% が閾値未満
除外	ダッシュボード	仕事	2/2	票が 2 件だけ
除外	ダメージ	食事	1/3	票が 1 件だけ; 首位の占有率 33% が閾値未満
除外	ダンス	身体	1/1	動作を指す名詞（サ変可能）; 票が 1 件だけ
除外	チェック	交通	6/24	動作を指す名詞（サ変可能）; 首位の占有率 25% が閾値未満
除外	チェックアウト	交通	1/1	動作を指す名詞（サ変可能）; 票が 1 件だけ
除外	チェックイン	交通	2/2	票が 2 件だけ
除外	チェックポイント	健康	1/2	票が 1 件だけ
除外	チェックリスト	仕事	1/1	票が 1 件だけ
除外	チェーン	情報	3/8	首位の占有率 38% が閾値未満
除外	チケット	交通	1/1	票が 1 件だけ
除外	チャット	仕事	1/4	動作を指す名詞（サ変可能）; 票が 1 件だけ; 首位の占有率 25% が閾値未満
除外	チャットボット	情報	1/2	票が 1 件だけ
除外	チャネル	身体	2/3	票が 2 件だけ
除外	チャプター	失敗	1/1	票が 1 件だけ
除外	チャンス	仕事	1/3	票が 1 件だけ; 首位の占有率 33% が閾値未満
除外	チャンネル	情報	1/1	票が 1 件だけ
除外	チャンバー	学習	1/1	票が 1 件だけ
除外	チャート	仕事	2/4	票が 2 件だけ
除外	チュートリアル	情報	1/2	票が 1 件だけ
除外	チューニング	情報	3/3	動作を指す名詞（サ変可能）
除外	チューブ	身体	1/1	票が 1 件だけ
除外	チョイス	食事	1/1	動作を指す名詞（サ変可能）; 票が 1 件だけ
除外	チョウ	自然	1/1	票が 1 件だけ
除外	チョコレート	食事	1/1	票が 1 件だけ
除外	チンパンジー	自然	1/1	票が 1 件だけ
除外	チーズ	自然	1/1	票が 1 件だけ
採用	チーム	仕事	15/28	
除外	チームビルディング	移動	1/1	票が 1 件だけ
採用	チームメンバー	仕事	6/8	
除外	チームリーダー	仕事	1/1	票が 1 件だけ
採用	チームワーク	仕事	3/5	
除外	チーム内	仕事	1/2	票が 1 件だけ
除外	ツイン	交通	1/1	票が 1 件だけ
除外	ツーリズム	自然	1/1	票が 1 件だけ
除外	ツール	仕事	10/38	首位の占有率 26% が閾値未満
除外	ティック	交通	1/1	票が 1 件だけ
除外	テイン	食事	1/1	票が 1 件だけ
除外	テキスト	学習	1/1	票が 1 件だけ
除外	テクスチャ	住居	1/2	票が 1 件だけ
除外	テクニカルデブート	仕事	1/1	票が 1 件だけ
除外	テクニック	情報	2/6	票が 2 件だけ; 首位の占有率 33% が閾値未満
除外	テクノロジー	家族	1/1	票が 1 件だけ
除外	テクフレーム	金銭	1/1	票が 1 件だけ
除外	テスト	情報	4/11	動作を指す名詞（サ変可能）; 首位の占有率 36% が閾値未満
除外	テスト環境	仕事	1/1	票が 1 件だけ
除外	テニス	身体	1/1	票が 1 件だけ
除外	テフロン	食事	1/2	票が 1 件だけ
除外	テレビ	家族	1/1	票が 1 件だけ
除外	テレワーク	仕事	1/3	票が 1 件だけ; 首位の占有率 33% が閾値未満
除外	テロワール	食事	1/1	票が 1 件だけ
除外	テンション	食事	1/1	票が 1 件だけ
採用	テンプレート	仕事	3/6	
除外	テーブル	住居	1/5	票が 1 件だけ; 首位の占有率 20% が閾値未満
除外	テーブルクロス	家族	1/2	票が 1 件だけ
除外	テープ	情報	1/1	票が 1 件だけ
除外	テーマ	仕事	4/17	首位の占有率 24% が閾値未満
除外	ディスカッション	仕事	1/2	動作を指す名詞（サ変可能）; 票が 1 件だけ
除外	ディスク	情報	1/2	票が 1 件だけ
除外	ディスタンス	交通	1/3	票が 1 件だけ; 首位の占有率 33% が閾値未満
除外	ディスプレイ	情報	1/1	票が 1 件だけ
除外	ディスレクシア	学習	1/1	票が 1 件だけ
除外	ディップ	食事	1/1	票が 1 件だけ
除外	ディテール	情報	1/1	票が 1 件だけ
除外	ディナー	交通	1/1	票が 1 件だけ
除外	ディベロッパー	金銭	1/1	票が 1 件だけ
除外	ディープラーニング	学習	2/3	票が 2 件だけ
除外	デイサービス	家族	1/2	票が 1 件だけ
除外	デイサービスセンター	金銭	1/2	票が 1 件だけ
除外	デイリー	仕事	1/2	票が 1 件だけ
除外	デカフェ	食事	2/2	票が 2 件だけ
除外	デザイナー	仕事	1/1	票が 1 件だけ
除外	デザイン	情報	3/13	動作を指す名詞（サ変可能）; 首位の占有率 23% が閾値未満
除外	デザイン思考	仕事	1/1	票が 1 件だけ
除外	デザート	食事	2/2	票が 2 件だけ
除外	デジタル	法制度	4/18	性質を指す名詞（形状詞可能）; 首位の占有率 22% が閾値未満
除外	デジタルフォレンジック	法制度	2/2	票が 2 件だけ
除外	デスク	住居	2/2	票が 2 件だけ
除外	デタッチメント	食事	1/1	票が 1 件だけ
除外	デッキング	住居	1/1	票が 1 件だけ
除外	デッド	住居	1/1	性質を指す名詞（形状詞可能）; 票が 1 件だけ
除外	デトックス	家族	1/2	票が 1 件だけ
除外	デバイス	情報	2/4	票が 2 件だけ
除外	デフォルト	住居	1/1	票が 1 件だけ
除外	デプロイメント	情報	1/2	票が 1 件だけ
除外	デマ	健康	1/1	票が 1 件だけ
除外	デメリット	情報	2/9	票が 2 件だけ; 首位の占有率 22% が閾値未満
除外	デモ	仕事	1/1	動作を指す名詞（サ変可能）; 票が 1 件だけ
除外	デリバリー	食事	1/1	票が 1 件だけ
除外	データ	情報	13/63	首位の占有率 21% が閾値未満
除外	データセット	情報	3/7	首位の占有率 43% が閾値未満
除外	データベース	情報	2/6	票が 2 件だけ; 首位の占有率 33% が閾値未満
除外	データモデリング	情報	1/1	票が 1 件だけ
除外	データ分析	仕事	4/9	動作を指す名詞（サ変可能）; 首位の占有率 44% が閾値未満
除外	デート	家族	1/1	動作を指す名詞（サ変可能）; 票が 1 件だけ
除外	トイレ	住居	2/3	票が 2 件だけ
除外	トイレットペーパー	住居	1/1	票が 1 件だけ
除外	トップス	住居	1/1	票が 1 件だけ
除外	トップダウン	仕事	1/1	票が 1 件だけ
除外	トップレベル	仕事	1/1	票が 1 件だけ
除外	トピック	学習	1/1	票が 1 件だけ
除外	トマト	食事	1/1	票が 1 件だけ
除外	トライアル	仕事	1/1	票が 1 件だけ
除外	トラウマ	健康	1/1	票が 1 件だけ
除外	トラッキング	交通	1/1	票が 1 件だけ
除外	トラック	交通	2/2	票が 2 件だけ
採用	トラフィック	情報	3/3	
採用	トラブル	法制度	5/10	
除外	トラブルシューティング	金銭	1/1	票が 1 件だけ
除外	トランザクション	情報	2/5	票が 2 件だけ; 首位の占有率 40% が閾値未満
除外	トランジション	学習	1/1	票が 1 件だけ
除外	トランジット	交通	1/1	票が 1 件だけ
除外	トランスピエント	自然	1/1	票が 1 件だけ
除外	トランスペレーター	自然	1/1	票が 1 件だけ
除外	トリガー	学習	1/1	票が 1 件だけ
除外	トリプル	健康	1/2	票が 1 件だけ
除外	トルテージ	食事	1/1	票が 1 件だけ
除外	トレンド	情報	2/10	票が 2 件だけ; 首位の占有率 20% が閾値未満
除外	トレーサビリティ	金銭	1/3	票が 1 件だけ; 首位の占有率 33% が閾値未満
除外	トレードオフ	情報	2/2	票が 2 件だけ
除外	トレーニング	身体	4/15	動作を指す名詞（サ変可能）; 首位の占有率 27% が閾値未満
除外	トロッコ	交通	1/1	票が 1 件だけ
除外	トロポニン	身体	2/2	票が 2 件だけ
除外	トンネル	交通	1/1	動作を指す名詞（サ変可能）; 票が 1 件だけ
除外	トーク	仕事	1/1	票が 1 件だけ
除外	トークン	情報	2/3	票が 2 件だけ
除外	トータル	交通	1/1	動作を指す名詞（サ変可能）; 票が 1 件だけ
除外	トーン	健康	1/1	票が 1 件だけ
除外	ドキュメント	情報	2/5	票が 2 件だけ; 首位の占有率 40% が閾値未満
除外	ドット	情報	1/1	票が 1 件だけ
除外	ドナー	身体	1/1	票が 1 件だけ
除外	ドメイン	交通	1/1	票が 1 件だけ
除外	ドライアイ	健康	1/1	票が 1 件だけ
除外	ドライバ	情報	1/1	票が 1 件だけ
除外	ドライブレコーダー	金銭	1/2	票が 1 件だけ
除外	ドライヤー	身体	1/2	票が 1 件だけ
除外	ドラマ	家族	1/1	票が 1 件だけ
除外	ドリンク	食事	1/3	票が 1 件だけ; 首位の占有率 33% が閾値未満
除外	ドリーム	健康	1/1	票が 1 件だけ
除外	ドレナージ	健康	1/1	票が 1 件だけ
除外	ドロップ	食事	1/1	動作を指す名詞（サ変可能）; 票が 1 件だけ
除外	ドロップアウト	家族	1/1	動作を指す名詞（サ変可能）; 票が 1 件だけ
除外	ドローン	交通	1/1	票が 1 件だけ
除外	ドーパミン	身体	1/1	票が 1 件だけ
除外	ナイフ	住居	1/1	票が 1 件だけ
除外	ナゲット	食事	1/1	票が 1 件だけ
除外	ナッツ	食事	1/1	票が 1 件だけ
除外	ナトリウム	自然	1/1	票が 1 件だけ
除外	ナノテクノロジー	健康	1/1	票が 1 件だけ
除外	ナビゲーション	交通	1/1	票が 1 件だけ
除外	ナラティブ	状態	1/1	票が 1 件だけ
除外	ナレッジマネジメント	移動	1/1	票が 1 件だけ
除外	ナンバー	金銭	1/1	票が 1 件だけ
除外	ナンプラー	食事	1/1	票が 1 件だけ
除外	ニキビ	健康	1/2	票が 1 件だけ
除外	ニコチン	健康	2/3	票が 2 件だけ
除外	ニッチ	状態	1/2	票が 1 件だけ
除外	ニュアンス	仕事	2/6	票が 2 件だけ; 首位の占有率 33% が閾値未満
除外	ニュース	法制度	2/7	票が 2 件だけ; 首位の占有率 29% が閾値未満
除外	ニューラル	情報	2/2	性質を指す名詞（形状詞可能）; 票が 2 件だけ
除外	ニューロン	身体	1/1	票が 1 件だけ
除外	ニーズ	仕事	8/20	首位の占有率 40% が閾値未満
除外	ネイティブ	情報	1/2	性質を指す名詞（形状詞可能）; 票が 1 件だけ
除外	ネガティブ	健康	2/6	性質を指す名詞（形状詞可能）; 票が 2 件だけ; 首位の占有率 33% が閾値未満
除外	ネグレクト	家族	1/1	動作を指す名詞（サ変可能）; 票が 1 件だけ
除外	ネック	学習	2/7	票が 2 件だけ; 首位の占有率 29% が閾値未満
除外	ネット	自然	1/5	票が 1 件だけ; 首位の占有率 20% が閾値未満
除外	ネットワーク	情報	11/27	首位の占有率 41% が閾値未満
採用	ノイズ	情報	8/16	
除外	ノウハウ	仕事	2/4	票が 2 件だけ
除外	ノスタルジー	仕事	1/1	票が 1 件だけ
除外	ノズル	交通	1/1	票が 1 件だけ
除外	ノンフロン	食事	1/2	票が 1 件だけ
除外	ノンリターン	住居	1/1	票が 1 件だけ
除外	ノンレム	状態	1/2	票が 1 件だけ
除外	ノーコード	情報	1/1	票が 1 件だけ
除外	ノート	住居	1/1	動作を指す名詞（サ変可能）; 票が 1 件だけ
除外	ノード	金銭	1/1	票が 1 件だけ
除外	ハイクオリティイミグラント	仕事	1/1	長すぎる; 票が 1 件だけ
除外	ハイドロ	交通	1/1	票が 1 件だけ
除外	ハイドロリゾミス	健康	1/2	票が 1 件だけ
除外	ハイブリッド	交通	2/4	票が 2 件だけ
除外	ハイブリッド車	金銭	1/2	票が 1 件だけ
除外	ハイポーズ	学習	1/1	票が 1 件だけ
除外	ハサミ	住居	1/1	票が 1 件だけ
除外	ハザードマップ	交通	1/1	票が 1 件だけ
除外	ハチ	自然	1/1	票が 1 件だけ
除外	ハッキング	金銭	1/2	票が 1 件だけ
除外	ハナシジミ	自然	1/1	票が 1 件だけ
除外	ハニー	家族	1/1	票が 1 件だけ
除外	ハラスメント	仕事	1/2	票が 1 件だけ
除外	ハラペーニョ	食事	1/1	票が 1 件だけ
除外	ハンガー	住居	1/1	票が 1 件だけ
除外	ハンド	交通	1/1	票が 1 件だけ
除外	ハンドリング	交通	1/1	票が 1 件だけ
除外	ハンマー	食事	1/1	票が 1 件だけ
除外	ハード	家族	1/1	性質を指す名詞（形状詞可能）; 票が 1 件だけ
除外	ハードウェア	情報	2/2	票が 2 件だけ
除外	ハードル	仕事	3/9	首位の占有率 33% が閾値未満
除外	ハーブ	食事	1/1	票が 1 件だけ
除外	バイ	交通	1/1	票が 1 件だけ
除外	バイアス	情報	3/8	首位の占有率 38% が閾値未満
除外	バイオ	食事	1/2	票が 1 件だけ
除外	バイオアッセイ	自然	1/1	票が 1 件だけ
除外	バイオプシー	身体	1/2	票が 1 件だけ
除外	バイオマス	自然	1/1	票が 1 件だけ
除外	バグ	金銭	1/1	票が 1 件だけ
除外	バズビー	自然	1/1	票が 1 件だけ
除外	バター	食事	2/2	票が 2 件だけ
除外	バチルス	自然	1/1	票が 1 件だけ
除外	バック	健康	1/1	動作を指す名詞（サ変可能）; 票が 1 件だけ
除外	バックアップ	情報	2/6	動作を指す名詞（サ変可能）; 票が 2 件だけ; 首位の占有率 33% が閾値未満
除外	バックエンド	情報	1/2	票が 1 件だけ
除外	バックグラウンド	交通	1/1	票が 1 件だけ
除外	バックルズ	情報	1/1	票が 1 件だけ
除外	バックログ	交通	1/1	票が 1 件だけ
除外	バッチ	交通	1/1	票が 1 件だけ
除外	バッテリー	交通	2/4	票が 2 件だけ
除外	バッファ	仕事	1/2	票が 1 件だけ
除外	バディ	学習	1/1	票が 1 件だけ
除外	バラ	食事	2/2	票が 2 件だけ
除外	バラエティ	交通	1/1	票が 1 件だけ
除外	バランス	食事	11/56	動作を指す名詞（サ変可能）; 首位の占有率 20% が閾値未満
除外	バリア	健康	1/1	票が 1 件だけ
除外	バリアフリー	住居	1/1	票が 1 件だけ
除外	バリエーション	住居	1/1	票が 1 件だけ
除外	バリュエーション	仕事	1/1	票が 1 件だけ
除外	バリュー	仕事	1/1	票が 1 件だけ
除外	バルブ	健康	1/2	票が 1 件だけ
除外	バー	金銭	1/1	票が 1 件だけ
除外	バーコード	金銭	1/2	票が 1 件だけ
除外	バーコードスキャナー	金銭	1/1	票が 1 件だけ
除外	バージョン	情報	2/3	票が 2 件だけ
除外	バーチャル	住居	1/3	票が 1 件だけ; 首位の占有率 33% が閾値未満
除外	バーナー	食事	1/1	票が 1 件だけ
除外	パイプライン	情報	1/2	票が 1 件だけ
除外	パウダー	食事	1/1	票が 1 件だけ
除外	パスタ	食事	1/1	票が 1 件だけ
除外	パスポート	法制度	1/2	票が 1 件だけ
除外	パスワード	情報	2/4	票が 2 件だけ
除外	パズル	自然	1/2	票が 1 件だけ
除外	パソコン	法制度	2/5	票が 2 件だけ; 首位の占有率 40% が閾値未満
除外	パターン	仕事	5/29	首位の占有率 17% が閾値未満
除外	パチ	身体	1/1	名詞でない（副詞）; 票が 1 件だけ
除外	パッキン	住居	1/1	票が 1 件だけ
除外	パック	食事	1/1	動作を指す名詞（サ変可能）; 票が 1 件だけ
除外	パッケージ	交通	1/2	動作を指す名詞（サ変可能）; 票が 1 件だけ
除外	パッケージング	自然	1/2	票が 1 件だけ
除外	パッチ	情報	1/2	票が 1 件だけ
除外	パッド	交通	1/1	票が 1 件だけ
除外	パトロールカー	交通	1/1	票が 1 件だけ
採用	パフォーマンス	情報	8/14	
除外	パラメータ	情報	3/7	首位の占有率 43% が閾値未満
除外	パルス	健康	1/1	票が 1 件だけ
除外	パルミト	食事	1/1	票が 1 件だけ
除外	パレット	交通	2/4	票が 2 件だけ
除外	パワハラスメント	仕事	1/1	票が 1 件だけ
除外	パワー	交通	1/2	票が 1 件だけ
除外	パワーハラスメント	仕事	1/1	票が 1 件だけ
採用	パン	食事	3/4	
除外	パンタグラフ	交通	1/1	票が 1 件だけ
除外	パンメイド	食事	1/1	票が 1 件だけ
除外	パーキングエリア	交通	1/1	票が 1 件だけ
除外	パーク	交通	1/1	票が 1 件だけ
除外	パーセント	食事	2/3	品詞から取れる（助数詞可能 → #数量）; 票が 2 件だけ
除外	パーソナライズ	仕事	3/4	動作を指す名詞（サ変可能）
除外	パーソナル	住居	1/5	性質を指す名詞（形状詞可能）; 票が 1 件だけ; 首位の占有率 20% が閾値未満
除外	パーティション	情報	1/1	票が 1 件だけ
除外	パートナーシップ	仕事	1/1	票が 1 件だけ
除外	ヒアリング	仕事	2/4	票が 2 件だけ
除外	ヒオドウ	自然	1/1	票が 1 件だけ
除外	ヒストン	自然	2/2	票が 2 件だけ
除外	ヒダ	身体	1/1	票が 1 件だけ
除外	ヒット	仕事	1/1	動作を指す名詞（サ変可能）; 票が 1 件だけ
除外	ヒト	身体	2/3	票が 2 件だけ
除外	ヒラメ	食事	1/1	票が 1 件だけ
除外	ヒント	学習	1/2	票が 1 件だけ
除外	ヒーター	住居	2/3	票が 2 件だけ
除外	ビザ	法制度	1/3	票が 1 件だけ; 首位の占有率 33% が閾値未満
採用	ビジネス	仕事	6/9	
除外	ビジネスパートナー	法制度	1/1	票が 1 件だけ
除外	ビジネスモデル	仕事	2/3	票が 2 件だけ
除外	ビジネス環境	仕事	1/1	票が 1 件だけ
除外	ビジョン	仕事	2/3	票が 2 件だけ
除外	ビタミン	健康	1/2	票が 1 件だけ
除外	ビット	情報	1/1	品詞から取れる（助数詞可能 → #数量）; 票が 1 件だけ
除外	ビデオ	健康	1/4	票が 1 件だけ; 首位の占有率 25% が閾値未満
除外	ビニール	食事	1/1	票が 1 件だけ
除外	ビフィズス	食事	1/1	票が 1 件だけ
除外	ビフィドバクテリウム	自然	1/1	票が 1 件だけ
除外	ビュッフェ	交通	1/1	票が 1 件だけ
除外	ビーチ	交通	1/1	票が 1 件だけ
除外	ピア	学習	1/1	票が 1 件だけ
除外	ピアサポート	学習	1/1	票が 1 件だけ
除外	ピアノ	身体	1/1	票が 1 件だけ
除外	ピクセル	情報	2/3	票が 2 件だけ
採用	ピッキング	交通	3/3	
除外	ピックアップ	交通	2/2	動作を指す名詞（サ変可能）; 票が 2 件だけ
除外	ピッチ	仕事	1/1	票が 1 件だけ
除外	ピボット	仕事	1/1	票が 1 件だけ
除外	ピロコーン	法制度	1/1	票が 1 件だけ
除外	ピング	食事	1/1	票が 1 件だけ
除外	ピント	学習	1/1	票が 1 件だけ
除外	ピーク	移動	1/3	票が 1 件だけ; 首位の占有率 33% が閾値未満
除外	ピーナッツ	健康	1/2	票が 1 件だけ
除外	ファイアウォール	情報	1/1	票が 1 件だけ
除外	ファイバー	住居	2/4	票が 2 件だけ
除外	ファイル	情報	1/1	動作を指す名詞（サ変可能）; 票が 1 件だけ
除外	ファイン	情報	1/1	票が 1 件だけ
除外	ファキーショナル	情報	1/1	票が 1 件だけ
除外	ファクター	学習	2/3	票が 2 件だけ
除外	ファシリテーション	仕事	1/3	票が 1 件だけ; 首位の占有率 33% が閾値未満
除外	ファッション	法制度	1/2	票が 1 件だけ
除外	ファミリー	家族	1/1	票が 1 件だけ
除外	ファミレス	食事	1/1	票が 1 件だけ
除外	ファンダメンタルズ	金銭	1/1	性質を指す名詞（形状詞可能）; 票が 1 件だけ
除外	ファンド	金銭	2/4	票が 2 件だけ
除外	ファージ	自然	1/1	票が 1 件だけ
除外	ファースト	身体	1/1	票が 1 件だけ
除外	ファームウェア	情報	2/2	票が 2 件だけ
除外	フィッシング	情報	2/4	票が 2 件だけ
除外	フィット	健康	1/1	動作を指す名詞（サ変可能）; 票が 1 件だけ
除外	フィメール	食事	1/1	票が 1 件だけ
除外	フィラメント	自然	1/2	票が 1 件だけ
除外	フィルタ	状態	1/2	票が 1 件だけ
除外	フィルタリング	移動	1/1	動作を指す名詞（サ変可能）; 票が 1 件だけ
採用	フィルター	住居	3/4	
除外	フィーチャー	仕事	1/1	動作を指す名詞（サ変可能）; 票が 1 件だけ
除外	フィードバック	仕事	6/18	動作を指す名詞（サ変可能）; 首位の占有率 33% が閾値未満
除外	フィールドワーク	交通	1/2	票が 1 件だけ
除外	フェアネス	情報	1/1	票が 1 件だけ
除外	フェンダー	交通	1/1	票が 1 件だけ
除外	フェーズ	仕事	1/1	票が 1 件だけ
除外	フォニックス	学習	1/1	票が 1 件だけ
採用	フォローアップ	仕事	3/5	
除外	フォワーディング	交通	2/2	票が 2 件だけ
除外	フォワード	交通	1/1	票が 1 件だけ
除外	フォーカス	学習	1/2	動作を指す名詞（サ変可能）; 票が 1 件だけ
除外	フォーマット	情報	3/9	動作を指す名詞（サ変可能）; 首位の占有率 33% が閾値未満
除外	フォーム	状態	1/3	票が 1 件だけ; 首位の占有率 33% が閾値未満
除外	フォーラム	情報	2/3	票が 2 件だけ
除外	フック	住居	1/1	票が 1 件だけ
除外	フューチャー	家族	1/1	票が 1 件だけ
除外	フライト	交通	1/1	動作を指す名詞（サ変可能）; 票が 1 件だけ
除外	フライパン	食事	1/2	票が 1 件だけ
除外	フラッグ	金銭	1/2	票が 1 件だけ
採用	フラッシュ	学習	3/4	
除外	フランス語	食事	1/1	票が 1 件だけ
除外	フリー	情報	1/2	性質を指す名詞（形状詞可能）; 票が 1 件だけ
除外	フリーランス	金銭	1/2	票が 1 件だけ
除外	フルボード	交通	1/1	票が 1 件だけ
除外	フルーツ	食事	1/2	票が 1 件だけ
除外	フルード	交通	1/1	票が 1 件だけ
除外	フレックスタイム	仕事	1/1	票が 1 件だけ
除外	フレックスタイム制度	仕事	1/2	票が 1 件だけ
除外	フレーバー	食事	2/2	票が 2 件だけ
除外	フレーム	情報	2/3	票が 2 件だけ
除外	フレームワーク	仕事	2/4	票が 2 件だけ
除外	フロント	交通	1/3	票が 1 件だけ; 首位の占有率 33% が閾値未満
採用	フロー	金銭	3/4	
除外	フローチャート	学習	1/1	票が 1 件だけ
除外	フローラ	食事	1/1	票が 1 件だけ
除外	フローラル	食事	2/2	性質を指す名詞（形状詞可能）; 票が 2 件だけ
除外	フード	家族	1/1	票が 1 件だけ
除外	ブッセ	食事	1/1	票が 1 件だけ
除外	ブドウ	食事	1/1	票が 1 件だけ
除外	ブラウザ	情報	1/3	票が 1 件だけ; 首位の占有率 33% が閾値未満
除外	ブラック	失敗	1/1	票が 1 件だけ
除外	ブランケット	健康	1/1	票が 1 件だけ
除外	ブランチ	仕事	1/1	票が 1 件だけ
除外	ブランディング	住居	1/2	票が 1 件だけ
採用	ブランド	仕事	3/5	
除外	ブリッジ	健康	1/1	動作を指す名詞（サ変可能）; 票が 1 件だけ
除外	ブルー	交通	1/3	性質を指す名詞（形状詞可能）; 票が 1 件だけ; 首位の占有率 33% が閾値未満
除外	ブルーオーシャン	仕事	1/1	票が 1 件だけ
除外	ブレ	学習	1/1	票が 1 件だけ
除外	ブレイク	健康	1/2	動作を指す名詞（サ変可能）; 票が 1 件だけ
除外	ブレインストーミング	仕事	1/2	票が 1 件だけ
除外	ブレーキ	金銭	1/3	票が 1 件だけ; 首位の占有率 33% が閾値未満
除外	ブレード	自然	1/1	票が 1 件だけ
除外	ブログ	情報	1/1	票が 1 件だけ
除外	ブロック	情報	4/11	動作を指す名詞（サ変可能）; 首位の占有率 36% が閾値未満
除外	ブロッコリー	健康	1/2	票が 1 件だけ
除外	ブロード	健康	1/1	票が 1 件だけ
除外	ブース	住居	1/3	票が 1 件だけ; 首位の占有率 33% が閾値未満
除外	ブースター	健康	1/1	票が 1 件だけ
除外	ブースト	交通	1/1	票が 1 件だけ
除外	プット	家族	1/1	票が 1 件だけ
除外	プライバシー	情報	1/2	票が 1 件だけ
除外	プライバシー保護	健康	2/7	票が 2 件だけ; 首位の占有率 29% が閾値未満
除外	プライベート	交通	1/1	性質を指す名詞（形状詞可能）; 票が 1 件だけ
除外	プライマー	法制度	1/1	票が 1 件だけ
除外	プラグ	金銭	1/1	票が 1 件だけ
除外	プラザ	身体	1/1	票が 1 件だけ
除外	プラス	仕事	1/1	動作を指す名詞（サ変可能）; 票が 1 件だけ
除外	プラスチック	自然	1/2	票が 1 件だけ
除外	プラセボ	健康	2/2	票が 2 件だけ
除外	プラットフォーム	情報	3/9	首位の占有率 33% が閾値未満
除外	プラン	法制度	3/11	首位の占有率 27% が閾値未満
除外	プランクトン	自然	2/2	票が 2 件だけ
除外	プランニング	健康	2/3	動作を指す名詞（サ変可能）; 票が 2 件だけ
除外	プリック	健康	1/2	票が 1 件だけ
除外	プリンター	交通	1/1	票が 1 件だけ
除外	プリンティング	交通	1/1	票が 1 件だけ
除外	プレイ	情報	1/1	動作を指す名詞（サ変可能）; 票が 1 件だけ
除外	プレイス	住居	1/3	票が 1 件だけ; 首位の占有率 33% が閾値未満
除外	プレイスメント	仕事	1/1	票が 1 件だけ
除外	プレゼン	仕事	1/1	票が 1 件だけ
除外	プレゼンテーション	仕事	3/3	動作を指す名詞（サ変可能）
除外	プレゼント	学習	1/3	動作を指す名詞（サ変可能）; 票が 1 件だけ; 首位の占有率 33% が閾値未満
採用	プレッシャー	仕事	3/6	
除外	プレバイオティクス	健康	1/1	票が 1 件だけ
除外	プレプリント	学習	1/1	票が 1 件だけ
除外	プレート	食事	1/2	票が 1 件だけ
除外	プロ	食事	1/3	票が 1 件だけ; 首位の占有率 33% が閾値未満
除外	プログラミング	学習	3/5	動作を指す名詞（サ変可能）
除外	プログラム	学習	4/14	動作を指す名詞（サ変可能）; 首位の占有率 29% が閾値未満
除外	プログレッシブ	身体	1/1	性質を指す名詞（形状詞可能）; 票が 1 件だけ
除外	プロジェクト	仕事	13/40	首位の占有率 32% が閾値未満
除外	プロジェクトマネジメント	仕事	1/2	票が 1 件だけ
除外	プロジェクトマネージャー	仕事	2/3	票が 2 件だけ
除外	プロジェクト管理	仕事	2/2	票が 2 件だけ
除外	プロスペクト	仕事	1/1	票が 1 件だけ
除外	プロセス	学習	11/45	首位の占有率 24% が閾値未満
除外	プロダクト	努力	1/1	票が 1 件だけ
除外	プロテイン	食事	1/1	票が 1 件だけ
除外	プロテインバー	身体	1/1	票が 1 件だけ
除外	プロトタイピング	失敗	1/2	票が 1 件だけ
除外	プロトタイプ	情報	1/2	票が 1 件だけ
除外	プロバイオティクス	食事	1/3	票が 1 件だけ; 首位の占有率 33% が閾値未満
除外	プロバイオテクター	食事	1/1	票が 1 件だけ
除外	プロバイダ	情報	2/3	票が 2 件だけ
除外	プロバイダー	情報	2/2	票が 2 件だけ
除外	プロパティ	情報	1/1	票が 1 件だけ
除外	プロファイリング	法制度	2/2	票が 2 件だけ
除外	プロファイル	健康	1/2	票が 1 件だけ
除外	プロフェッショナル	仕事	1/1	性質を指す名詞（形状詞可能）; 票が 1 件だけ
除外	プロモーション	仕事	1/1	票が 1 件だけ
除外	プロモーター	自然	1/2	票が 1 件だけ
除外	プロラクチン	健康	1/1	票が 1 件だけ
除外	プロリン	自然	1/1	票が 1 件だけ
除外	プロンプト	情報	1/1	票が 1 件だけ
除外	プロンプトエンジニアリング	情報	1/1	長すぎる; 票が 1 件だけ
除外	プローブ	健康	1/1	票が 1 件だけ
除外	プーリング	情報	1/1	票が 1 件だけ
除外	プール	金銭	1/3	動作を指す名詞（サ変可能）; 票が 1 件だけ; 首位の占有率 33% が閾値未満
除外	ヘタ	食事	1/1	動作を指す名詞（サ変形状詞可能）; 票が 1 件だけ
除外	ヘッジ	金銭	1/1	動作を指す名詞（サ変可能）; 票が 1 件だけ
除外	ヘッド	情報	1/1	票が 1 件だけ
除外	ヘパリン	健康	2/2	票が 2 件だけ
除外	ヘルスケア	仕事	1/1	票が 1 件だけ
除外	ヘルニア	健康	1/1	票が 1 件だけ
除外	ヘルパー	健康	2/3	票が 2 件だけ
除外	ベアリング	交通	1/1	票が 1 件だけ
除外	ベイエス	学習	1/1	票が 1 件だけ
除外	ベイクマスター	食事	1/2	票が 1 件だけ
除外	ベイジアン	情報	1/1	票が 1 件だけ
除外	ベクター	情報	1/1	票が 1 件だけ
除外	ベクトル	移動	1/1	票が 1 件だけ
除外	ベジマック	食事	1/1	票が 1 件だけ
除外	ベジマックセット	食事	1/1	票が 1 件だけ
除外	ベスト	仕事	2/13	性質を指す名詞（形状詞可能）; 票が 2 件だけ; 首位の占有率 15% が閾値未満
除外	ベゼル	失敗	1/1	票が 1 件だけ
除外	ベタつき	住居	1/1	票が 1 件だけ
除外	ベテラン	仕事	2/2	票が 2 件だけ
除外	ベニシジミ	自然	1/1	票が 1 件だけ
除外	ベヒンガ	食事	1/2	票が 1 件だけ
除外	ベランダ	自然	1/1	票が 1 件だけ
除外	ベンゾイン	健康	1/2	票が 1 件だけ
除外	ベンダー	情報	1/2	票が 1 件だけ
除外	ベンチ	食事	1/1	票が 1 件だけ
除外	ベンチマーク	法制度	1/1	票が 1 件だけ
除外	ベンチャー企業	仕事	1/1	票が 1 件だけ
除外	ベース	情報	5/15	首位の占有率 33% が閾値未満
除外	ベースライン	健康	1/1	票が 1 件だけ
除外	ベール	食事	1/1	票が 1 件だけ
除外	ペア	学習	2/2	票が 2 件だけ
除外	ペアプログラミング	仕事	1/1	票が 1 件だけ
除外	ペアリング	家族	1/1	動作を指す名詞（サ変可能）; 票が 1 件だけ
除外	ペイメント	情報	1/1	票が 1 件だけ
除外	ペグ	法制度	1/1	票が 1 件だけ
除外	ペット	自然	1/1	票が 1 件だけ
除外	ペッパー	情報	1/1	票が 1 件だけ
除外	ペナルティ	交通	1/1	票が 1 件だけ
除外	ペネトレーションテスト	情報	2/2	票が 2 件だけ
採用	ペプチド	健康	3/4	
除外	ペンダント	住居	1/1	票が 1 件だけ
除外	ページ	情報	2/4	品詞から取れる（助数詞可能 → #数量）; 票が 2 件だけ
採用	ペース	学習	3/6	
除外	ペースト	食事	1/1	票が 1 件だけ
除外	ペーパー	学習	1/4	票が 1 件だけ; 首位の占有率 25% が閾値未満
除外	ホコリ	住居	2/2	票が 2 件だけ
除外	ホテル	交通	1/1	票が 1 件だけ
除外	ホルダー	仕事	1/3	票が 1 件だけ; 首位の占有率 33% が閾値未満
採用	ホルモン	健康	4/6	
除外	ホーム	交通	1/1	票が 1 件だけ
除外	ホームステイ	学習	1/1	動作を指す名詞（サ変可能）; 票が 1 件だけ
除外	ホームセンター	住居	1/1	票が 1 件だけ
除外	ホームドア	交通	1/1	票が 1 件だけ
採用	ボックス	住居	3/5	
除外	ボディ	食事	1/1	票が 1 件だけ
除外	ボトルネック	仕事	4/10	首位の占有率 40% が閾値未満
採用	ボラティリティ	金銭	4/5	
除外	ボリューム	住居	1/1	票が 1 件だけ
除外	ボルト	交通	1/1	票が 1 件だけ
除外	ボード	仕事	2/3	票が 2 件だけ
除外	ボーナス	仕事	1/1	票が 1 件だけ
除外	ボール	交通	2/4	票が 2 件だけ
除外	ポイント	仕事	9/60	品詞から取れる（助数詞可能 → #数量）; 首位の占有率 15% が閾値未満
除外	ポジショニング	仕事	2/4	動作を指す名詞（サ変可能）; 票が 2 件だけ
除外	ポジション	仕事	1/2	票が 1 件だけ
除外	ポジティブ	健康	1/8	性質を指す名詞（形状詞可能）; 票が 1 件だけ; 首位の占有率 12% が閾値未満
除外	ポスト	学習	1/1	票が 1 件だけ
除外	ポストン	努力	1/1	票が 1 件だけ
除外	ポテト	食事	1/1	票が 1 件だけ
除外	ポテンシャルイミグラント	仕事	1/1	票が 1 件だけ
除外	ポプラ	健康	1/1	票が 1 件だけ
除外	ポリグラフ	健康	1/1	票が 1 件だけ
除外	ポリシー	学習	2/3	票が 2 件だけ
除外	ポリソムノグラフィー	状態	1/2	票が 1 件だけ
除外	ポリバンピング	法制度	1/1	票が 1 件だけ
除外	ポリメラーゼ	法制度	1/1	票が 1 件だけ
除外	ポンプ	学習	1/3	票が 1 件だけ; 首位の占有率 33% が閾値未満
除外	ポーズ	情報	1/1	票が 1 件だけ
除外	ポート	情報	1/1	票が 1 件だけ
採用	ポートフォリオ	金銭	3/5	
除外	マイクロ	情報	2/10	票が 2 件だけ; 首位の占有率 20% が閾値未満
除外	マイクロサービス	情報	1/1	票が 1 件だけ
除外	マイクロラーニング	情報	1/2	票が 1 件だけ
除外	マイナンバーカード	交通	1/2	票が 1 件だけ
除外	マイナー	金銭	1/2	性質を指す名詞（形状詞可能）; 票が 1 件だけ
除外	マインド	努力	1/2	票が 1 件だけ
除外	マインドフル	家族	1/2	票が 1 件だけ
除外	マインドフルネス	健康	1/1	票が 1 件だけ
除外	マクロ	自然	1/3	性質を指す名詞（形状詞可能）; 票が 1 件だけ; 首位の占有率 33% が閾値未満
除外	マクロファージ	健康	1/1	票が 1 件だけ
除外	マシン	情報	1/1	票が 1 件だけ
除外	マジック	仕事	1/1	票が 1 件だけ
除外	マスキングテープ	住居	1/1	票が 1 件だけ
除外	マスク	健康	1/1	票が 1 件だけ
除外	マスター	交通	1/2	動作を指す名詞（サ変可能）; 票が 1 件だけ
除外	マセラシオン	食事	1/1	票が 1 件だけ
除外	マッサージ	身体	1/1	動作を指す名詞（サ変可能）; 票が 1 件だけ
除外	マッチング	金銭	1/4	動作を指す名詞（サ変可能）; 票が 1 件だけ; 首位の占有率 25% が閾値未満
除外	マットレス	健康	2/2	票が 2 件だけ
除外	マップ	仕事	6/11	動作を指す名詞（サ変可能）
除外	マトリックス	努力	1/1	票が 1 件だけ
除外	マナー	交通	1/1	票が 1 件だけ
除外	マニュアル	仕事	1/2	票が 1 件だけ
除外	マネジメント	仕事	1/1	票が 1 件だけ
除外	マネジメントシステム	交通	1/1	票が 1 件だけ
除外	マネージャー	努力	1/1	票が 1 件だけ
除外	マネーロンダリング	金銭	1/2	票が 1 件だけ
除外	マルクス主義	学習	1/1	票が 1 件だけ
除外	マルチ	情報	1/1	票が 1 件だけ
除外	マルチシグウォレット	金銭	1/2	票が 1 件だけ
除外	マングローブ	自然	1/1	票が 1 件だけ
除外	マンゴー	食事	1/1	票が 1 件だけ
除外	マンション	住居	2/2	票が 2 件だけ
除外	マンモグラフィー	健康	1/1	票が 1 件だけ
除外	マーカー	健康	1/1	票が 1 件だけ
除外	マーク	法制度	1/1	動作を指す名詞（サ変可能）; 票が 1 件だけ
除外	マーケター	仕事	1/1	票が 1 件だけ
除外	マーケット	金銭	1/2	票が 1 件だけ
採用	マーケティング	仕事	7/12	
除外	マージリクエスト	仕事	1/1	票が 1 件だけ
除外	マート	自然	1/1	票が 1 件だけ
除外	ミオシン	自然	1/1	票が 1 件だけ
除外	ミス	法制度	3/7	動作を指す名詞（サ変可能）; 首位の占有率 43% が閾値未満
除外	ミスト	住居	1/1	票が 1 件だけ
除外	ミセル	身体	1/1	票が 1 件だけ
除外	ミッション	仕事	2/3	票が 2 件だけ
除外	ミトコンドリア	食事	1/3	票が 1 件だけ; 首位の占有率 33% が閾値未満
除外	ミニサリッド	健康	1/1	票が 1 件だけ
除外	ミニバッチ	情報	1/1	票が 1 件だけ
除外	ミネラル	健康	2/2	票が 2 件だけ
採用	ミーティング	仕事	3/4	
除外	ムラ	食事	1/2	票が 1 件だけ
除外	メイン	食事	4/10	首位の占有率 40% が閾値未満
除外	メカニズム	身体	4/12	首位の占有率 33% が閾値未満
除外	メス	自然	1/1	票が 1 件だけ
除外	メタ	学習	1/1	票が 1 件だけ
除外	メタゲノミクス	自然	1/1	票が 1 件だけ
除外	メタゲノム	自然	1/1	票が 1 件だけ
除外	メタバース	金銭	1/2	票が 1 件だけ
除外	メタヒューリスティクス	情報	1/1	票が 1 件だけ
採用	メタ認知	学習	6/6	
除外	メチオニン	食事	1/1	票が 1 件だけ
除外	メチル	自然	1/1	票が 1 件だけ
除外	メチル化	自然	2/2	票が 2 件だけ
除外	メッセージ	仕事	1/2	票が 1 件だけ
除外	メディア	情報	2/2	票が 2 件だけ
採用	メニュー	食事	4/8	
除外	メモ	食事	1/2	動作を指す名詞（サ変可能）; 票が 1 件だけ
除外	メモリ	情報	2/5	票が 2 件だけ; 首位の占有率 40% が閾値未満
除外	メラトニン	状態	1/2	票が 1 件だけ
除外	メリット	仕事	7/27	首位の占有率 26% が閾値未満
除外	メリハリ	住居	1/2	票が 1 件だけ
除外	メンタル	仕事	1/2	性質を指す名詞（形状詞可能）; 票が 1 件だけ
除外	メンタルヘルス	仕事	1/1	票が 1 件だけ
除外	メンター制度	仕事	2/2	票が 2 件だけ
除外	メンテナンス	住居	2/7	動作を指す名詞（サ変可能）; 票が 2 件だけ; 首位の占有率 29% が閾値未満
採用	メンバー	仕事	5/9	
除外	メーカー	食事	2/7	票が 2 件だけ; 首位の占有率 29% が閾値未満
除外	メーター	金銭	1/2	票が 1 件だけ
除外	メール	仕事	5/7	動作を指す名詞（サ変可能）
採用	モジュール	情報	3/3	
除外	モチベーション	仕事	6/13	首位の占有率 46% が閾値未満
除外	モデリング	自然	1/2	票が 1 件だけ
除外	モデル	情報	9/30	首位の占有率 30% が閾値未満
除外	モデル化	状態	1/2	動作を指す名詞（サ変可能）; 票が 1 件だけ
除外	モニタリング	健康	9/20	首位の占有率 45% が閾値未満
除外	モニタリングシステム	法制度	1/1	票が 1 件だけ
除外	モニター	健康	1/1	動作を指す名詞（サ変可能）; 票が 1 件だけ
除外	モバイル	情報	1/2	票が 1 件だけ
除外	モバイルアプリ	情報	1/1	票が 1 件だけ
除外	モーション	状態	1/1	票が 1 件だけ
採用	モード	情報	3/6	
除外	ユッカ	自然	1/1	品詞から取れる（人名 → #人）; 票が 1 件だけ
除外	ユニット	交通	1/2	票が 1 件だけ
除外	ユニバーサルデザイン	学習	1/1	票が 1 件だけ
除外	ユーザビリティテスト	情報	1/2	票が 1 件だけ
除外	ユーザー	情報	5/11	首位の占有率 45% が閾値未満
除外	ユース	仕事	1/1	票が 1 件だけ
除外	ヨガ	身体	1/1	票が 1 件だけ
除外	ヨーグルト	交通	1/2	票が 1 件だけ
除外	ライオン	自然	1/1	票が 1 件だけ
除外	ライト	健康	2/6	票が 2 件だけ; 首位の占有率 33% が閾値未満
除外	ライフ	金銭	1/2	票が 1 件だけ
除外	ライフサイクル	情報	2/4	票が 2 件だけ
除外	ライフスタイル	食事	3/13	首位の占有率 23% が閾値未満
除外	ライン	交通	1/4	票が 1 件だけ; 首位の占有率 25% が閾値未満
除外	ラウンド	家族	1/1	票が 1 件だけ
除外	ラクト	自然	1/1	票が 1 件だけ
除外	ラグ	住居	1/1	票が 1 件だけ
除外	ラザニア	食事	1/1	票が 1 件だけ
除外	ラジアルミディアス	自然	1/1	票が 1 件だけ
除外	ラストワンマイル	交通	1/1	票が 1 件だけ
除外	ラック	交通	1/1	票が 1 件だけ
除外	ラッシュ	交通	1/1	票が 1 件だけ
除外	ラップ	食事	2/2	動作を指す名詞（サ変可能）; 票が 2 件だけ
除外	ラピスラズリ	交通	1/1	票が 1 件だけ
除外	ラベンダー	健康	1/1	票が 1 件だけ
除外	ラムネ	食事	1/1	票が 1 件だけ
除外	ランキング	情報	1/1	動作を指す名詞（サ変可能）; 票が 1 件だけ
除外	ランク	交通	2/2	動作を指す名詞（サ変可能）; 票が 2 件だけ
除外	ランゲージ	仕事	1/1	票が 1 件だけ
除外	ランサムウェア	情報	1/1	票が 1 件だけ
除外	ランダム	情報	2/3	性質を指す名詞（形状詞可能）; 票が 2 件だけ
除外	ランダム化	情報	1/1	票が 1 件だけ
除外	ランチ	仕事	1/2	票が 1 件だけ
除外	ランチャー	交通	1/1	票が 1 件だけ
除外	ランディング	仕事	1/1	動作を指す名詞（サ変可能）; 票が 1 件だけ
除外	ランニング	身体	1/3	票が 1 件だけ; 首位の占有率 33% が閾値未満
除外	ランプ	住居	1/1	票が 1 件だけ
除外	ラーニング	学習	1/1	票が 1 件だけ
除外	ラー油	食事	1/1	票が 1 件だけ
除外	リアル	仕事	1/3	性質を指す名詞（形状詞可能）; 票が 1 件だけ; 首位の占有率 33% が閾値未満
除外	リアルタイム	交通	9/24	首位の占有率 38% が閾値未満
除外	リカバリー	身体	1/1	動作を指す名詞（サ変可能）; 票が 1 件だけ
除外	リクエスト	情報	1/1	動作を指す名詞（サ変可能）; 票が 1 件だけ
除外	リサイクル	住居	2/4	動作を指す名詞（サ変可能）; 票が 2 件だけ
除外	リスキリング	仕事	1/1	票が 1 件だけ
除外	リスク	健康	23/88	首位の占有率 26% が閾値未満
除外	リスクアセスメント	仕事	5/13	首位の占有率 38% が閾値未満
除外	リスクヘッジ	金銭	1/2	票が 1 件だけ
除外	リスクマネジメント	仕事	1/5	票が 1 件だけ; 首位の占有率 20% が閾値未満
除外	リスク管理	金銭	3/8	首位の占有率 38% が閾値未満
除外	リスト	仕事	2/8	動作を指す名詞（サ変可能）; 票が 2 件だけ; 首位の占有率 25% が閾値未満
除外	リストアップ	食事	1/3	票が 1 件だけ; 首位の占有率 33% が閾値未満
除外	リズム	家族	1/1	票が 1 件だけ
除外	リセット	状態	1/1	動作を指す名詞（サ変可能）; 票が 1 件だけ
除外	リソース	情報	3/8	首位の占有率 38% が閾値未満
除外	リゾート	交通	1/1	票が 1 件だけ
除外	リターン	金銭	2/4	動作を指す名詞（サ変可能）; 票が 2 件だけ
除外	リチウムイオン電池	情報	1/2	票が 1 件だけ
除外	リノベーション	住居	1/1	票が 1 件だけ
除外	リハビリ	状態	1/3	動作を指す名詞（サ変可能）; 票が 1 件だけ; 首位の占有率 33% が閾値未満
除外	リハビリテーション	健康	6/13	首位の占有率 46% が閾値未満
除外	リハーサル	健康	1/3	票が 1 件だけ; 首位の占有率 33% が閾値未満
除外	リバウンド	食事	1/1	動作を指す名詞（サ変可能）; 票が 1 件だけ
除外	リバランス	金銭	1/1	票が 1 件だけ
除外	リビング	住居	2/2	票が 2 件だけ
除外	リピート	健康	1/3	動作を指す名詞（サ変可能）; 票が 1 件だけ; 首位の占有率 33% が閾値未満
除外	リファクター	仕事	1/1	票が 1 件だけ
除外	リファラル	仕事	1/1	票が 1 件だけ
除外	リフォーメーション	健康	1/1	票が 1 件だけ
除外	リフト	交通	1/1	票が 1 件だけ
除外	リボソーム	自然	1/1	票が 1 件だけ
除外	リポジトリ	仕事	1/1	票が 1 件だけ
除外	リモデリング	身体	2/3	票が 2 件だけ
除外	リモートワーク	仕事	1/2	票が 1 件だけ
除外	リユース	住居	1/1	動作を指す名詞（サ変可能）; 票が 1 件だけ
除外	リラキラ	健康	1/1	票が 1 件だけ
除外	リラックス	住居	2/10	動作を指す名詞（サ変可能）; 票が 2 件だけ; 首位の占有率 20% が閾値未満
除外	リリース	情報	1/2	動作を指す名詞（サ変可能）; 票が 1 件だけ
除外	リン	食事	1/1	票が 1 件だけ
除外	リンク	交通	1/1	動作を指す名詞（サ変可能）; 票が 1 件だけ
除外	リング	情報	2/2	票が 2 件だけ
除外	リンパ	健康	2/4	票が 2 件だけ
除外	リンパ液	健康	1/1	票が 1 件だけ
除外	リン酸	自然	2/2	票が 2 件だけ
除外	リーダー	法制度	1/5	票が 1 件だけ; 首位の占有率 20% が閾値未満
採用	リーダーシップ	仕事	4/5	
除外	リード	交通	2/3	動作を指す名詞（サ変可能）; 票が 2 件だけ
除外	リーブ	学習	1/1	票が 1 件だけ
除外	リーン	仕事	1/1	名詞でない（副詞）; 票が 1 件だけ
除外	ルーター	情報	2/3	票が 2 件だけ
採用	ルート	交通	7/11	
除外	ループ	情報	1/5	票が 1 件だけ; 首位の占有率 20% が閾値未満
除外	ルール	仕事	3/16	首位の占有率 19% が閾値未満
除外	レイアウト	住居	2/5	動作を指す名詞（サ変可能）; 票が 2 件だけ; 首位の占有率 40% が閾値未満
除外	レイズ	身体	1/1	票が 1 件だけ
除外	レイン	食事	1/1	品詞から取れる（人名 → #人）; 票が 1 件だけ
除外	レクリエーション	健康	1/1	票が 1 件だけ
採用	レシピ	食事	3/4	
除外	レシート	金銭	1/1	票が 1 件だけ
除外	レジ	金銭	1/1	票が 1 件だけ
除外	レジシステム	金銭	1/1	票が 1 件だけ
除外	レジスタンス	努力	1/1	動作を指す名詞（サ変可能）; 票が 1 件だけ
除外	レジリュアリティ	金銭	1/1	票が 1 件だけ
除外	レスト	健康	1/2	票が 1 件だけ
除外	レストラン	食事	2/4	票が 2 件だけ
除外	レスポンス	情報	1/1	票が 1 件だけ
除外	レスポンスタイム	仕事	1/1	票が 1 件だけ
除外	レゾリューション	情報	1/1	票が 1 件だけ
除外	レッグ	身体	1/1	票が 1 件だけ
除外	レッド	金銭	1/2	票が 1 件だけ
除外	レップート	移動	1/1	票が 1 件だけ
除外	レバレッジ	金銭	2/2	票が 2 件だけ
除外	レパートリー	学習	1/1	票が 1 件だけ
除外	レビュー	学習	3/8	動作を指す名詞（サ変可能）; 首位の占有率 38% が閾値未満
除外	レピテーション	食事	1/1	票が 1 件だけ
除外	レベル	情報	9/40	首位の占有率 22% が閾値未満
除外	レボノルエチステロン	健康	1/1	票が 1 件だけ
除外	レポート	法制度	1/1	動作を指す名詞（サ変可能）; 票が 1 件だけ
除外	レム	状態	1/1	票が 1 件だけ
除外	レンジ	食事	1/1	票が 1 件だけ
除外	レンズ	学習	1/2	票が 1 件だけ
除外	レンタル	情報	1/2	動作を指す名詞（サ変可能）; 票が 1 件だけ
除外	レンダリング	情報	1/5	票が 1 件だけ; 首位の占有率 20% が閾値未満
除外	レントゲン	身体	1/2	品詞から取れる（助数詞可能 → #数量）; 票が 1 件だけ
除外	レーザー	健康	2/4	票が 2 件だけ
除外	レーション	状態	1/1	票が 1 件だけ
除外	レーダー	自然	1/1	票が 1 件だけ
採用	レート	情報	3/4	
除外	ロイコトリエン	健康	1/1	票が 1 件だけ
除外	ロイヤリティ	仕事	1/1	票が 1 件だけ
除外	ロカリゼーション	仕事	1/1	票が 1 件だけ
除外	ロギング	金銭	1/1	動作を指す名詞（サ変可能）; 票が 1 件だけ
除外	ログ	情報	3/10	首位の占有率 30% が閾値未満
除外	ログファイル	金銭	1/1	票が 1 件だけ
除外	ロケット	交通	1/1	票が 1 件だけ
除外	ロケーション	住居	1/2	票が 1 件だけ
除外	ロゴ	住居	1/2	票が 1 件だけ
除外	ロサルタン	健康	1/1	票が 1 件だけ
除外	ロサルタンカリウム	健康	1/1	票が 1 件だけ
除外	ロジスティクス	交通	2/2	票が 2 件だけ
除外	ロジック	学習	2/3	票が 2 件だけ
除外	ロジー	健康	1/1	票が 1 件だけ
除外	ロス	食事	1/4	動作を指す名詞（サ変可能）; 票が 1 件だけ; 首位の占有率 25% が閾値未満
除外	ロッカー	住居	1/1	票が 1 件だけ
除外	ロック	法制度	1/1	票が 1 件だけ
除外	ロット	交通	1/1	品詞から取れる（助数詞可能 → #数量）; 票が 1 件だけ
除外	ロテーション	食事	1/1	票が 1 件だけ
除外	ロボット	交通	1/3	票が 1 件だけ; 首位の占有率 33% が閾値未満
除外	ロンオペラス	健康	1/1	票が 1 件だけ
除外	ローキーイミグラント	仕事	1/1	票が 1 件だけ
除外	ローコード	情報	1/1	票が 1 件だけ
除外	ローソク	金銭	2/2	票が 2 件だけ
除外	ローター	自然	1/1	票が 1 件だけ
除外	ローテーション	金銭	1/2	票が 1 件だけ
除外	ロード	情報	1/1	票が 1 件だけ
除外	ロードマップ	仕事	1/1	票が 1 件だけ
除外	ローラー	身体	1/1	票が 1 件だけ
除外	ロールモデル	仕事	1/3	票が 1 件だけ; 首位の占有率 33% が閾値未満
除外	ローン	金銭	1/1	票が 1 件だけ
除外	ワイヤー	情報	1/3	票が 1 件だけ; 首位の占有率 33% が閾値未満
除外	ワイン	自然	1/2	票が 1 件だけ
除外	ワクチン	健康	2/2	票が 2 件だけ
除外	ワックス	住居	1/1	動作を指す名詞（サ変可能）; 票が 1 件だけ
除外	ワッシャー	交通	1/1	票が 1 件だけ
除外	ワルファリン	健康	1/1	票が 1 件だけ
除外	ワーキング	学習	1/1	票が 1 件だけ
除外	ワーキングホリデービザ	学習	1/1	票が 1 件だけ
除外	ワーク	住居	1/3	票が 1 件だけ; 首位の占有率 33% が閾値未満
除外	ワークショップ	仕事	2/3	票が 2 件だけ
除外	ワークデイ	食事	1/1	票が 1 件だけ
採用	ワークフロー	仕事	4/5	
除外	ワーケーション	交通	1/1	票が 1 件だけ
除外	ワード	健康	1/1	票が 1 件だけ
除外	ワードローブ	住居	1/1	票が 1 件だけ
除外	ワールド	自然	1/1	票が 1 件だけ
除外	ヶ月	食事	3/9	品詞から取れる（助数詞可能 → #数量）; 首位の占有率 33% が閾値未満
除外	一丸	仕事	1/2	票が 1 件だけ
除外	一人	学習	1/5	品詞から取れる（副詞可能 → #時間）; 票が 1 件だけ; 首位の占有率 20% が閾値未満
除外	一人ひとり	仕事	3/10	品詞から取れる（副詞可能 → #時間）; 首位の占有率 30% が閾値未満
除外	一人暮らし	食事	1/2	票が 1 件だけ
除外	一体	金銭	3/11	首位の占有率 27% が閾値未満
除外	一元的	情報	1/2	性質を指す名詞（形状詞可能）; 票が 1 件だけ
除外	一元管理	情報	1/1	票が 1 件だけ
除外	一切	家族	2/3	品詞から取れる（副詞可能 → #時間）; 票が 2 件だけ
除外	一同	交通	1/2	票が 1 件だけ
除外	一員	仕事	2/3	票が 2 件だけ
除外	一因	金銭	1/2	票が 1 件だけ
除外	一定	健康	4/15	動作を指す名詞（サ変形状詞可能）; 首位の占有率 27% が閾値未満
除外	一定時間	仕事	1/1	票が 1 件だけ
除外	一定期間	仕事	1/2	票が 1 件だけ
除外	一定額	金銭	2/2	票が 2 件だけ
除外	一度	金銭	2/10	品詞から取れる（副詞可能 → #時間）; 票が 2 件だけ; 首位の占有率 20% が閾値未満
除外	一心	金銭	1/2	品詞から取れる（人名 → #人）; 票が 1 件だけ
除外	一括	仕事	1/1	動作を指す名詞（サ変可能）; 票が 1 件だけ
除外	一方的	学習	3/7	性質を指す名詞（形状詞可能）; 首位の占有率 43% が閾値未満
除外	一日	家族	1/1	2 形態素に割れる; 票が 1 件だけ
除外	一時	健康	1/1	2 形態素に割れる; 票が 1 件だけ
除外	一時的	健康	8/17	性質を指す名詞（形状詞可能）; 首位の占有率 47% が閾値未満
除外	一概	学習	1/3	票が 1 件だけ; 首位の占有率 33% が閾値未満
除外	一気	自然	2/2	票が 2 件だけ
除外	一環	住居	1/8	票が 1 件だけ; 首位の占有率 12% が閾値未満
除外	一目	仕事	2/2	動作を指す名詞（サ変可能）; 票が 2 件だけ
除外	一瞬	状態	1/1	品詞から取れる（副詞可能 → #時間）; 票が 1 件だけ
除外	一種	健康	1/7	票が 1 件だけ; 首位の占有率 14% が閾値未満
除外	一筋縄	家族	1/1	票が 1 件だけ
除外	一緒	健康	7/26	動作を指す名詞（サ変可能）; 首位の占有率 27% が閾値未満
除外	一致	法制度	1/4	動作を指す名詞（サ変可能）; 票が 1 件だけ; 首位の占有率 25% が閾値未満
除外	一般	法制度	1/2	票が 1 件だけ
除外	一般的	健康	12/58	性質を指す名詞（形状詞可能）; 首位の占有率 21% が閾値未満
除外	一覧	法制度	1/1	動作を指す名詞（サ変可能）; 票が 1 件だけ
除外	一言	仕事	1/1	票が 1 件だけ
除外	一貫	法制度	3/6	動作を指す名詞（サ変可能）
除外	一連	学習	1/2	票が 1 件だけ
除外	一部	金銭	5/19	品詞から取れる（副詞可能 → #時間）; 首位の占有率 26% が閾値未満
除外	万が一	法制度	3/7	品詞から取れる（副詞可能 → #時間）; 首位の占有率 43% が閾値未満
除外	万端	学習	1/1	票が 1 件だけ
除外	上げ	住居	1/1	票が 1 件だけ
除外	上下	身体	1/2	動作を指す名詞（サ変可能）; 票が 1 件だけ
除外	上位	学習	1/2	票が 1 件だけ
採用	上司	仕事	7/8	
除外	上層	自然	1/2	票が 1 件だけ
除外	上昇	金銭	2/8	動作を指す名詞（サ変可能）; 票が 2 件だけ; 首位の占有率 25% が閾値未満
除外	上皮	健康	2/2	票が 2 件だけ
除外	上肢	状態	1/1	票が 1 件だけ
除外	上達	学習	1/1	動作を指す名詞（サ変可能）; 票が 1 件だけ
除外	上限	仕事	2/4	票が 2 件だけ
除外	上限額	金銭	1/2	票が 1 件だけ
除外	下落	金銭	2/3	動作を指す名詞（サ変可能）; 票が 2 件だけ
除外	不備	努力	1/4	性質を指す名詞（形状詞可能）; 票が 1 件だけ; 首位の占有率 25% が閾値未満
採用	不全	健康	5/7	
除外	不利	身体	1/3	性質を指す名詞（形状詞可能）; 票が 1 件だけ; 首位の占有率 33% が閾値未満
除外	不利益	情報	1/1	性質を指す名詞（形状詞可能）; 票が 1 件だけ
除外	不動産	法制度	3/9	首位の占有率 33% が閾値未満
除外	不動産会社	住居	1/1	票が 1 件だけ
除外	不十分	学習	2/12	性質を指す名詞（形状詞可能）; 票が 2 件だけ; 首位の占有率 17% が閾値未満
除外	不可能	情報	2/4	性質を指す名詞（形状詞可能）; 票が 2 件だけ
除外	不合格	学習	1/1	票が 1 件だけ
除外	不均衡	情報	1/3	性質を指す名詞（形状詞可能）; 票が 1 件だけ; 首位の占有率 33% が閾値未満
除外	不安	健康	9/33	性質を指す名詞（形状詞可能）; 首位の占有率 27% が閾値未満
除外	不安定	金銭	2/12	性質を指す名詞（形状詞可能）; 票が 2 件だけ; 首位の占有率 17% が閾値未満
除外	不履行	法制度	1/2	票が 1 件だけ
除外	不必要	移動	1/1	性質を指す名詞（形状詞可能）; 票が 1 件だけ
除外	不快	身体	1/4	性質を指す名詞（形状詞可能）; 票が 1 件だけ; 首位の占有率 25% が閾値未満
除外	不快感	住居	1/1	票が 1 件だけ
除外	不明	法制度	3/10	性質を指す名詞（形状詞可能）; 首位の占有率 30% が閾値未満
除外	不明瞭	金銭	1/3	性質を指す名詞（形状詞可能）; 票が 1 件だけ; 首位の占有率 33% が閾値未満
除外	不明確	法制度	1/1	性質を指す名詞（形状詞可能）; 票が 1 件だけ
除外	不正	情報	2/7	性質を指す名詞（形状詞可能）; 票が 2 件だけ; 首位の占有率 29% が閾値未満
除外	不正確	仕事	1/1	性質を指す名詞（形状詞可能）; 票が 1 件だけ
除外	不満	失敗	1/2	性質を指す名詞（形状詞可能）; 票が 1 件だけ
除外	不眠	健康	1/1	票が 1 件だけ
除外	不眠症	健康	1/1	票が 1 件だけ
除外	不自然	健康	1/1	性質を指す名詞（形状詞可能）; 票が 1 件だけ
除外	不良	情報	1/3	性質を指す名詞（形状詞可能）; 票が 1 件だけ; 首位の占有率 33% が閾値未満
除外	不良債権	金銭	1/1	票が 1 件だけ
除外	不誠実	交通	1/1	性質を指す名詞（形状詞可能）; 票が 1 件だけ
除外	不起訴	法制度	1/1	票が 1 件だけ
除外	不足	仕事	5/32	動作を指す名詞（サ変形状詞可能）; 首位の占有率 16% が閾値未満
除外	不透明	情報	1/1	性質を指す名詞（形状詞可能）; 票が 1 件だけ
除外	不適切	法制度	1/1	性質を指す名詞（形状詞可能）; 票が 1 件だけ
除外	不適応	学習	1/1	票が 1 件だけ
除外	世代	自然	2/3	票が 2 件だけ
除外	世界	法制度	3/11	首位の占有率 27% が閾値未満
除外	世界的	健康	1/1	性質を指す名詞（形状詞可能）; 票が 1 件だけ
除外	両方	健康	5/11	首位の占有率 45% が閾値未満
除外	両目	健康	1/1	票が 1 件だけ
除外	両立	食事	1/3	動作を指す名詞（サ変可能）; 票が 1 件だけ; 首位の占有率 33% が閾値未満
除外	両者	身体	2/3	票が 2 件だけ
除外	両親	家族	1/1	票が 1 件だけ
除外	両面	自然	1/1	票が 1 件だけ
除外	並列	移動	1/1	動作を指す名詞（サ変可能）; 票が 1 件だけ
除外	並行	金銭	2/8	動作を指す名詞（サ変形状詞可能）; 票が 2 件だけ; 首位の占有率 25% が閾値未満
除外	中央	健康	1/1	票が 1 件だけ
除外	中小企業	情報	1/3	票が 1 件だけ; 首位の占有率 33% が閾値未満
除外	中心	健康	3/13	首位の占有率 23% が閾値未満
除外	中性洗剤	住居	2/3	票が 2 件だけ
除外	中枢	身体	1/1	票が 1 件だけ
除外	中止	健康	1/2	動作を指す名詞（サ変可能）; 票が 1 件だけ
除外	中耳炎	健康	1/1	票が 1 件だけ
除外	中身	食事	1/1	票が 1 件だけ
除外	中間	情報	1/1	票が 1 件だけ
除外	丸み	住居	1/1	票が 1 件だけ
除外	主体	健康	1/2	票が 1 件だけ
採用	主体性	学習	4/6	
除外	主体的	学習	3/6	性質を指す名詞（形状詞可能）
除外	主導	金銭	1/2	動作を指す名詞（サ変可能）; 票が 1 件だけ
除外	主張	法制度	4/6	動作を指す名詞（サ変可能）
除外	主成分	移動	1/1	票が 1 件だけ
除外	主流	学習	2/13	票が 2 件だけ; 首位の占有率 15% が閾値未満
除外	主義	法制度	2/3	票が 2 件だけ
除外	主観的	健康	2/4	性質を指す名詞（形状詞可能）; 票が 2 件だけ
除外	乖離	金銭	2/5	動作を指す名詞（サ変可能）; 票が 2 件だけ; 首位の占有率 40% が閾値未満
除外	乗り	食事	1/1	票が 1 件だけ
除外	乗り換え	金銭	1/1	票が 1 件だけ
除外	乗り降り	交通	1/1	票が 1 件だけ
除外	乗員	交通	1/1	票が 1 件だけ
除外	乗客	交通	2/2	票が 2 件だけ
除外	乗車	交通	1/1	動作を指す名詞（サ変可能）; 票が 1 件だけ
除外	乗降	交通	1/1	動作を指す名詞（サ変可能）; 票が 1 件だけ
除外	乱れ	健康	1/2	票が 1 件だけ
除外	乱視	健康	1/1	票が 1 件だけ
採用	乳がん	健康	3/3	
除外	乳幼児	健康	2/3	票が 2 件だけ
除外	乳房	健康	1/1	票が 1 件だけ
除外	乳製品	健康	1/2	票が 1 件だけ
除外	乳酸	身体	2/2	票が 2 件だけ
除外	乳酸菌	食事	2/2	票が 2 件だけ
除外	乾き	住居	1/1	票が 1 件だけ
除外	乾燥	身体	3/16	動作を指す名詞（サ変可能）; 首位の占有率 19% が閾値未満
除外	乾燥機	住居	2/2	票が 2 件だけ
除外	乾燥肌	身体	2/3	票が 2 件だけ
除外	了解	金銭	2/4	動作を指す名詞（サ変可能）; 票が 2 件だけ
除外	予備校	学習	1/1	票が 1 件だけ
除外	予兆	交通	1/1	票が 1 件だけ
除外	予告	法制度	1/1	動作を指す名詞（サ変可能）; 票が 1 件だけ
除外	予報	自然	1/1	動作を指す名詞（サ変可能）; 票が 1 件だけ
除外	予定日	学習	1/1	票が 1 件だけ
除外	予後	健康	2/3	票が 2 件だけ
除外	予想	金銭	1/3	動作を指す名詞（サ変可能）; 票が 1 件だけ; 首位の占有率 33% が閾値未満
除外	予想外	金銭	1/1	票が 1 件だけ
除外	予期	努力	1/4	動作を指す名詞（サ変可能）; 票が 1 件だけ; 首位の占有率 25% が閾値未満
除外	予測	交通	9/37	動作を指す名詞（サ変可能）; 首位の占有率 24% が閾値未満
除外	予知	交通	1/3	動作を指す名詞（サ変可能）; 票が 1 件だけ; 首位の占有率 33% が閾値未満
除外	予算	法制度	2/8	票が 2 件だけ; 首位の占有率 25% が閾値未満
除外	予約	法制度	2/6	動作を指す名詞（サ変可能）; 票が 2 件だけ; 首位の占有率 33% が閾値未満
除外	予防	食事	3/6	動作を指す名詞（サ変可能）
除外	予防接種	法制度	1/3	票が 1 件だけ; 首位の占有率 33% が閾値未満
除外	予防策	健康	2/2	票が 2 件だけ
除外	争い	金銭	1/3	票が 1 件だけ; 首位の占有率 33% が閾値未満
除外	争点	交通	1/1	票が 1 件だけ
採用	事件	法制度	11/14	
除外	事例	仕事	3/9	首位の占有率 33% が閾値未満
除外	事前	仕事	10/57	首位の占有率 18% が閾値未満
除外	事務室	学習	1/1	票が 1 件だけ
除外	事務所	法制度	1/3	票が 1 件だけ; 首位の占有率 33% が閾値未満
除外	事務的	仕事	1/2	性質を指す名詞（形状詞可能）; 票が 1 件だけ
除外	事実	健康	4/16	品詞から取れる（副詞可能 → #時間）; 首位の占有率 25% が閾値未満
除外	事後	情報	1/1	票が 1 件だけ
除外	事情	学習	2/4	票が 2 件だけ
除外	事態	努力	1/4	票が 1 件だけ; 首位の占有率 25% が閾値未満
採用	事故	交通	8/14	
除外	事業	仕事	4/11	首位の占有率 36% が閾値未満
除外	事業所得	金銭	1/1	票が 1 件だけ
除外	事項	仕事	2/6	票が 2 件だけ; 首位の占有率 33% が閾値未満
除外	二酸化炭素	食事	1/2	票が 1 件だけ
除外	互い	仕事	2/9	票が 2 件だけ; 首位の占有率 22% が閾値未満
除外	五感	食事	1/1	票が 1 件だけ
除外	些細	健康	1/1	性質を指す名詞（形状詞可能）; 票が 1 件だけ
除外	亜種	自然	2/2	票が 2 件だけ
除外	亢進	健康	1/2	動作を指す名詞（サ変可能）; 票が 1 件だけ
除外	交互	健康	1/2	票が 1 件だけ
除外	交付	法制度	1/1	動作を指す名詞（サ変可能）; 票が 1 件だけ
除外	交差	自然	1/4	動作を指す名詞（サ変可能）; 票が 1 件だけ; 首位の占有率 25% が閾値未満
除外	交感	健康	2/2	票が 2 件だけ
除外	交換	健康	4/23	動作を指す名詞（サ変可能）; 首位の占有率 17% が閾値未満
除外	交流	学習	3/7	動作を指す名詞（サ変可能）; 首位の占有率 43% が閾値未満
除外	交渉	仕事	3/10	動作を指す名詞（サ変可能）; 首位の占有率 30% が閾値未満
除外	交通	交通	5/8	動作を指す名詞（サ変可能）
除外	交通費	金銭	2/4	票が 2 件だけ
除外	交通量	移動	1/1	票が 1 件だけ
除外	人々	金銭	1/2	票が 1 件だけ
除外	人事担当者	仕事	1/1	票が 1 件だけ
除外	人事評価	仕事	1/1	票が 1 件だけ
採用	人事部	仕事	3/6	
除外	人件費	金銭	1/1	票が 1 件だけ
除外	人口	金銭	1/2	票が 1 件だけ
除外	人員	仕事	2/3	票が 2 件だけ
除外	人員削減	法制度	1/1	票が 1 件だけ
除外	人工	健康	1/1	票が 1 件だけ
除外	人数	金銭	1/1	票が 1 件だけ
除外	人材	仕事	2/6	票が 2 件だけ; 首位の占有率 33% が閾値未満
除外	人材育成	仕事	2/3	票が 2 件だけ
除外	人格	家族	1/1	票が 1 件だけ
除外	人権	金銭	1/3	票が 1 件だけ; 首位の占有率 33% が閾値未満
除外	人気	食事	6/22	首位の占有率 27% が閾値未満
除外	人物	法制度	1/2	票が 1 件だけ
除外	人物像	仕事	2/3	票が 2 件だけ
除外	人生	家族	1/2	票が 1 件だけ
除外	人種	情報	1/1	票が 1 件だけ
除外	人道	自然	1/1	票が 1 件だけ
除外	人道的	仕事	1/1	性質を指す名詞（形状詞可能）; 票が 1 件だけ
除外	人間	情報	4/18	首位の占有率 22% が閾値未満
除外	人間ドック	健康	1/1	票が 1 件だけ
除外	人間的	仕事	1/2	性質を指す名詞（形状詞可能）; 票が 1 件だけ
除外	人間関係	健康	1/6	票が 1 件だけ; 首位の占有率 17% が閾値未満
除外	今まで	健康	3/15	品詞から取れる（副詞可能 → #時間）; 首位の占有率 20% が閾値未満
除外	今年	法制度	1/3	品詞から取れる（副詞可能 → #時間）; 票が 1 件だけ; 首位の占有率 33% が閾値未満
除外	今後	健康	9/39	品詞から取れる（副詞可能 → #時間）; 首位の占有率 23% が閾値未満
除外	今月	仕事	2/4	品詞から取れる（副詞可能 → #時間）; 票が 2 件だけ
除外	今期	仕事	1/1	票が 1 件だけ
除外	今週	仕事	3/6	品詞から取れる（副詞可能 → #時間）
除外	今週末	住居	1/1	票が 1 件だけ
除外	介入	健康	1/3	動作を指す名詞（サ変可能）; 票が 1 件だけ; 首位の占有率 33% が閾値未満
除外	介助	健康	2/3	動作を指す名詞（サ変可能）; 票が 2 件だけ
除外	介護	健康	3/8	動作を指す名詞（サ変可能）; 首位の占有率 38% が閾値未満
除外	介護休業	健康	1/1	票が 1 件だけ
除外	介護保険	金銭	2/4	票が 2 件だけ
除外	介護者	健康	1/1	票が 1 件だけ
採用	仕上がり	食事	4/5	
除外	仕事	健康	5/16	動作を指す名詞（サ変可能）; 首位の占有率 31% が閾値未満
除外	仕事内容	仕事	2/4	票が 2 件だけ
除外	仕入れ	食事	1/1	票が 1 件だけ
除外	仕切り板	住居	1/1	票が 1 件だけ
除外	仕方	健康	1/2	票が 1 件だけ
除外	仕様	仕事	1/3	票が 1 件だけ; 首位の占有率 33% が閾値未満
除外	仕様書	住居	1/1	票が 1 件だけ
除外	仕組み	情報	9/38	首位の占有率 24% が閾値未満
除外	仕組みづくり	努力	1/1	票が 1 件だけ
除外	仕組み作り	健康	1/2	票が 1 件だけ
除外	仕訳	学習	1/1	動作を指す名詞（サ変可能）; 票が 1 件だけ
除外	他人	健康	1/1	票が 1 件だけ
除外	他者	法制度	1/1	票が 1 件だけ
除外	付け	仕事	1/2	票が 1 件だけ
除外	付け根	健康	1/1	票が 1 件だけ
除外	付与	情報	1/5	動作を指す名詞（サ変可能）; 票が 1 件だけ; 首位の占有率 20% が閾値未満
除外	付加	健康	1/1	動作を指す名詞（サ変可能）; 票が 1 件だけ
除外	付加価値	住居	1/2	票が 1 件だけ
除外	付帯	交通	1/1	動作を指す名詞（サ変可能）; 票が 1 件だけ
除外	付着	身体	1/5	動作を指す名詞（サ変可能）; 票が 1 件だけ; 首位の占有率 20% が閾値未満
除外	付近	交通	3/7	首位の占有率 43% が閾値未満
除外	仙腸	身体	2/2	票が 2 件だけ
除外	仙骨	身体	2/2	票が 2 件だけ
除外	代わり	学習	2/4	票が 2 件だけ
除外	代替	交通	2/5	動作を指す名詞（サ変可能）; 票が 2 件だけ; 首位の占有率 40% が閾値未満
除外	代替案	仕事	1/3	票が 1 件だけ; 首位の占有率 33% が閾値未満
除外	代替肉	自然	1/1	票が 1 件だけ
除外	代理	健康	1/2	動作を指す名詞（サ変可能）; 票が 1 件だけ
除外	代理人	健康	1/1	票が 1 件だけ
除外	代理店	金銭	1/2	票が 1 件だけ
除外	代用	住居	1/1	動作を指す名詞（サ変可能）; 票が 1 件だけ
除外	代行	交通	2/6	動作を指す名詞（サ変可能）; 票が 2 件だけ; 首位の占有率 33% が閾値未満
除外	代行業	法制度	1/1	票が 1 件だけ
除外	代表	自然	1/1	動作を指す名詞（サ変可能）; 票が 1 件だけ
除外	代表的	学習	2/4	性質を指す名詞（形状詞可能）; 票が 2 件だけ
除外	代謝	健康	4/11	動作を指す名詞（サ変可能）; 首位の占有率 36% が閾値未満
除外	代金	法制度	1/2	票が 1 件だけ
除外	以内	法制度	2/5	品詞から取れる（副詞可能 → #時間）; 票が 2 件だけ; 首位の占有率 40% が閾値未満
除外	以降	健康	1/2	品詞から取れる（副詞可能 → #時間）; 票が 1 件だけ
除外	仮定	仕事	1/3	動作を指す名詞（サ変可能）; 票が 1 件だけ; 首位の占有率 33% が閾値未満
採用	仮説	自然	4/6	
除外	仲介手数料	住居	1/1	票が 1 件だけ
除外	仲良し	家族	1/1	票が 1 件だけ
除外	仲間	学習	1/1	票が 1 件だけ
除外	企業	仕事	12/37	首位の占有率 32% が閾値未満
除外	企業の社会的責任	金銭	2/2	票が 2 件だけ
除外	企業価値	金銭	2/2	票が 2 件だけ
除外	企画	学習	1/2	動作を指す名詞（サ変可能）; 票が 1 件だけ
除外	休息	健康	2/3	動作を指す名詞（サ変可能）; 票が 2 件だけ
除外	休憩	身体	1/2	動作を指す名詞（サ変可能）; 票が 1 件だけ
除外	休暇	仕事	2/2	票が 2 件だけ
除外	休業	健康	1/1	動作を指す名詞（サ変可能）; 票が 1 件だけ
除外	会員	家族	1/1	票が 1 件だけ
除外	会場費	仕事	1/1	票が 1 件だけ
除外	会社	金銭	7/23	既に辞書にある; 首位の占有率 30% が閾値未満
除外	会社員	金銭	1/2	票が 1 件だけ
除外	会計	金銭	2/3	動作を指す名詞（サ変可能）; 票が 2 件だけ
除外	会計処理	金銭	1/1	票が 1 件だけ
除外	会話	健康	4/12	動作を指す名詞（サ変可能）; 首位の占有率 33% が閾値未満
除外	会議	仕事	8/16	動作を指す名詞（サ変可能）
除外	伝導率	健康	1/2	票が 1 件だけ
除外	伝播	自然	1/2	動作を指す名詞（サ変可能）; 票が 1 件だけ
除外	伝統	法制度	1/1	票が 1 件だけ
除外	伝統的	移動	1/1	性質を指す名詞（形状詞可能）; 票が 1 件だけ
除外	伝達	学習	2/10	動作を指す名詞（サ変可能）; 票が 2 件だけ; 首位の占有率 20% が閾値未満
除外	伸び	食事	1/1	票が 1 件だけ
除外	位置	自然	3/12	動作を指す名詞（サ変可能）; 首位の占有率 25% が閾値未満
除外	位置づけ	自然	1/1	票が 1 件だけ
除外	低コスト	交通	1/1	票が 1 件だけ
除外	低下	健康	21/51	動作を指す名詞（サ変可能）; 首位の占有率 41% が閾値未満
除外	低周波	自然	1/1	票が 1 件だけ
除外	低学年	学習	1/1	票が 1 件だけ
除外	低層	法制度	1/2	票が 1 件だけ
除外	低木	自然	1/2	票が 1 件だけ
除外	低気圧	自然	1/1	票が 1 件だけ
除外	低減	法制度	1/4	動作を指す名詞（サ変可能）; 票が 1 件だけ; 首位の占有率 25% が閾値未満
除外	低温	食事	2/4	性質を指す名詞（形状詞可能）; 票が 2 件だけ
除外	低血圧	健康	1/1	票が 1 件だけ
除外	住まい	情報	1/2	票が 1 件だけ
除外	住宅	住居	2/3	票が 2 件だけ
除外	住宅ローン	住居	1/1	票が 1 件だけ
除外	住居	法制度	1/2	動作を指す名詞（サ変可能）; 票が 1 件だけ
除外	住所	法制度	3/7	首位の占有率 43% が閾値未満
除外	住民	法制度	1/1	票が 1 件だけ
除外	住民票	法制度	1/2	票が 1 件だけ
除外	住環境	金銭	1/2	票が 1 件だけ
採用	体位	健康	3/4	
除外	体内	食事	4/11	首位の占有率 36% が閾値未満
除外	体制	仕事	8/28	首位の占有率 29% が閾値未満
除外	体力	仕事	1/1	票が 1 件だけ
除外	体圧	健康	1/1	票が 1 件だけ
除外	体型	健康	1/2	票が 1 件だけ
除外	体外	健康	1/1	票が 1 件だけ
除外	体幹	状態	1/1	票が 1 件だけ
除外	体温	健康	2/3	票が 2 件だけ
除外	体積	自然	2/2	票が 2 件だけ
除外	体系	学習	2/6	票が 2 件だけ; 首位の占有率 33% が閾値未満
除外	体系的	情報	1/2	性質を指す名詞（形状詞可能）; 票が 1 件だけ
除外	体調	健康	1/2	票が 1 件だけ
除外	体調不良	交通	1/1	票が 1 件だけ
除外	体質	身体	1/3	票が 1 件だけ; 首位の占有率 33% が閾値未満
除外	体重	健康	2/4	票が 2 件だけ
除外	体験	学習	4/12	動作を指す名詞（サ変可能）; 首位の占有率 33% が閾値未満
除外	何回	住居	1/3	票が 1 件だけ; 首位の占有率 33% が閾値未満
除外	何度	健康	3/8	首位の占有率 38% が閾値未満
除外	余地	健康	1/1	票が 1 件だけ
除外	余白	食事	1/1	票が 1 件だけ
採用	余裕	仕事	5/10	
採用	作り	食事	4/5	
除外	作り方	食事	1/1	票が 1 件だけ
除外	作品	金銭	1/4	票が 1 件だけ; 首位の占有率 25% が閾値未満
除外	作家	情報	1/1	票が 1 件だけ
除外	作成	仕事	10/36	動作を指す名詞（サ変可能）; 首位の占有率 28% が閾値未満
除外	作曲	学習	1/1	動作を指す名詞（サ変可能）; 票が 1 件だけ
除外	作業	法制度	3/11	動作を指す名詞（サ変可能）; 首位の占有率 27% が閾値未満
除外	作業員	交通	2/2	票が 2 件だけ
除外	作業療法士	金銭	1/2	票が 1 件だけ
除外	作物	自然	1/1	票が 1 件だけ
除外	作用	健康	11/16	動作を指す名詞（サ変可能）
除外	併用	健康	12/14	動作を指す名詞（サ変可能）
除外	使い	食事	1/2	票が 1 件だけ
除外	使い分け	情報	1/6	票が 1 件だけ; 首位の占有率 17% が閾値未満
除外	使い捨て	住居	1/2	票が 1 件だけ
除外	使い方	食事	2/7	票が 2 件だけ; 首位の占有率 29% が閾値未満
除外	使用	健康	8/35	動作を指す名詞（サ変可能）; 首位の占有率 23% が閾値未満
除外	使用量	健康	2/9	票が 2 件だけ; 首位の占有率 22% が閾値未満
除外	例外	交通	1/1	票が 1 件だけ
除外	例文	学習	2/2	票が 2 件だけ
除外	例示	情報	1/1	動作を指す名詞（サ変可能）; 票が 1 件だけ
除外	供給	自然	3/9	動作を指す名詞（サ変可能）; 首位の占有率 33% が閾値未満
除外	供託	金銭	1/1	動作を指す名詞（サ変可能）; 票が 1 件だけ
除外	供述	法制度	3/3	動作を指す名詞（サ変可能）
除外	依存	情報	4/9	動作を指す名詞（サ変可能）; 首位の占有率 44% が閾値未満
除外	依頼	交通	4/10	動作を指す名詞（サ変可能）; 首位の占有率 40% が閾値未満
除外	価値	仕事	4/25	首位の占有率 16% が閾値未満
除外	価値観	仕事	3/12	首位の占有率 25% が閾値未満
除外	価格	金銭	6/13	首位の占有率 46% が閾値未満
除外	価格競争	仕事	1/1	票が 1 件だけ
除外	侵入	自然	2/4	動作を指す名詞（サ変可能）; 票が 2 件だけ
除外	侵害	健康	2/7	動作を指す名詞（サ変可能）; 票が 2 件だけ; 首位の占有率 29% が閾値未満
除外	侵襲	健康	2/3	票が 2 件だけ
除外	便利	情報	4/23	性質を指す名詞（形状詞可能）; 首位の占有率 17% が閾値未満
除外	係数	身体	1/1	票が 1 件だけ
除外	促進	健康	6/26	動作を指す名詞（サ変可能）; 首位の占有率 23% が閾値未満
除外	促進剤	自然	1/1	票が 1 件だけ
除外	保全	法制度	4/9	動作を指す名詞（サ変可能）; 首位の占有率 44% が閾値未満
除外	保存	情報	3/12	動作を指す名詞（サ変可能）; 首位の占有率 25% が閾値未満
除外	保持	情報	2/7	動作を指す名詞（サ変可能）; 票が 2 件だけ; 首位の占有率 29% が閾値未満
除外	保持力	食事	1/1	票が 1 件だけ
除外	保有	金銭	2/5	動作を指す名詞（サ変可能）; 票が 2 件だけ; 首位の占有率 40% が閾値未満
除外	保湿	身体	3/4	動作を指す名詞（サ変可能）
除外	保湿剤	身体	1/1	票が 1 件だけ
除外	保留	住居	1/1	動作を指す名詞（サ変可能）; 票が 1 件だけ
除外	保管	法制度	3/7	動作を指す名詞（サ変可能）; 首位の占有率 43% が閾値未満
除外	保管場所	法制度	1/2	票が 1 件だけ
除外	保育	学習	1/1	動作を指す名詞（サ変可能）; 票が 1 件だけ
除外	保育園	学習	1/2	票が 1 件だけ
除外	保証	情報	3/5	動作を指す名詞（サ変可能）
除外	保証料	住居	1/1	票が 1 件だけ
除外	保護	健康	7/19	動作を指す名詞（サ変可能）; 首位の占有率 37% が閾値未満
採用	保護者	学習	4/6	
除外	保険	交通	3/7	首位の占有率 43% が閾値未満
除外	保険会社	交通	1/3	票が 1 件だけ; 首位の占有率 33% が閾値未満
除外	保険制度	金銭	2/3	票が 2 件だけ
除外	保険加入	学習	1/1	票が 1 件だけ
除外	保険契約	金銭	1/2	票が 1 件だけ
除外	保険料	金銭	1/2	票が 1 件だけ
除外	保険診療	仕事	1/3	票が 1 件だけ; 首位の占有率 33% が閾値未満
除外	保険証	仕事	1/3	票が 1 件だけ; 首位の占有率 33% が閾値未満
除外	保険金	金銭	1/2	票が 1 件だけ
除外	保険金額	金銭	1/3	票が 1 件だけ; 首位の占有率 33% が閾値未満
除外	保障	金銭	2/6	動作を指す名詞（サ変可能）; 票が 2 件だけ; 首位の占有率 33% が閾値未満
除外	保障内容	情報	1/3	票が 1 件だけ; 首位の占有率 33% が閾値未満
除外	保障額	金銭	1/1	票が 1 件だけ
採用	信号	交通	5/10	
除外	信用	金銭	2/3	動作を指す名詞（サ変可能）; 票が 2 件だけ
除外	信託	金銭	1/1	動作を指す名詞（サ変可能）; 票が 1 件だけ
除外	信頼	情報	4/16	動作を指す名詞（サ変可能）; 首位の占有率 25% が閾値未満
除外	信頼度	情報	1/2	票が 1 件だけ
除外	信頼性	法制度	6/17	首位の占有率 35% が閾値未満
除外	信頼関係	仕事	2/8	票が 2 件だけ; 首位の占有率 25% が閾値未満
除外	修了証	情報	1/4	票が 1 件だけ; 首位の占有率 25% が閾値未満
除外	修学旅行	交通	1/2	票が 1 件だけ
除外	修復	身体	3/3	動作を指す名詞（サ変可能）
除外	修正	学習	5/22	動作を指す名詞（サ変可能）; 首位の占有率 23% が閾値未満
除外	修理	自然	1/2	動作を指す名詞（サ変可能）; 票が 1 件だけ
除外	修理費用	交通	2/2	票が 2 件だけ
除外	修飾	自然	2/3	動作を指す名詞（サ変可能）; 票が 2 件だけ
除外	俯瞰	仕事	1/2	動作を指す名詞（サ変可能）; 票が 1 件だけ
採用	倉庫	交通	4/4	
除外	個々	健康	2/9	票が 2 件だけ; 首位の占有率 22% が閾値未満
除外	個人	健康	5/24	首位の占有率 21% が閾値未満
除外	個人事業主	金銭	1/1	票が 1 件だけ
採用	個人差	健康	3/6	
除外	個人年金	金銭	1/1	票が 1 件だけ
除外	個人情報	情報	1/5	票が 1 件だけ; 首位の占有率 20% が閾値未満
除外	個人情報保護	健康	1/1	票が 1 件だけ
除外	個人情報保護法	仕事	1/4	票が 1 件だけ; 首位の占有率 25% が閾値未満
除外	個人的	食事	1/2	性質を指す名詞（形状詞可能）; 票が 1 件だけ
採用	個体	自然	3/5	
除外	個別	健康	7/28	性質を指す名詞（形状詞可能）; 首位の占有率 25% が閾値未満
除外	個性	学習	4/9	首位の占有率 44% が閾値未満
除外	個性的	食事	1/1	性質を指す名詞（形状詞可能）; 票が 1 件だけ
除外	倍率	学習	1/1	票が 1 件だけ
除外	候補	学習	1/4	票が 1 件だけ; 首位の占有率 25% が閾値未満
除外	候補者	仕事	1/1	票が 1 件だけ
除外	借方	学習	1/1	票が 1 件だけ
除外	値段	住居	1/1	票が 1 件だけ
除外	倦怠感	健康	1/1	票が 1 件だけ
除外	倫理	仕事	1/4	票が 1 件だけ; 首位の占有率 25% が閾値未満
除外	倫理学	自然	1/1	票が 1 件だけ
除外	倫理的	法制度	3/9	性質を指す名詞（形状詞可能）; 首位の占有率 33% が閾値未満
除外	倫理観	自然	1/3	票が 1 件だけ; 首位の占有率 33% が閾値未満
除外	偏り	情報	1/2	票が 1 件だけ
除外	偏光	学習	1/1	票が 1 件だけ
除外	偏差	移動	1/1	票が 1 件だけ
除外	停止	交通	2/6	動作を指す名詞（サ変可能）; 票が 2 件だけ; 首位の占有率 33% が閾値未満
除外	停車	交通	3/3	動作を指す名詞（サ変可能）
除外	健康	健康	4/15	性質を指す名詞（形状詞可能）; 首位の占有率 27% が閾値未満
除外	健康保険	法制度	1/1	票が 1 件だけ
除外	健康保険証	交通	1/2	票が 1 件だけ
除外	健康状態	身体	2/6	票が 2 件だけ; 首位の占有率 33% が閾値未満
除外	健康管理	健康	2/2	票が 2 件だけ
除外	健康経営	仕事	1/1	票が 1 件だけ
除外	健康診断	法制度	1/4	票が 1 件だけ; 首位の占有率 25% が閾値未満
除外	健診	金銭	1/1	票が 1 件だけ
除外	側面	健康	5/22	首位の占有率 23% が閾値未満
除外	偽装	健康	1/2	動作を指す名詞（サ変可能）; 票が 1 件だけ
採用	偽陽性	健康	4/5	
除外	備品	交通	1/2	票が 1 件だけ
除外	備長	食事	1/1	票が 1 件だけ
除外	債券	金銭	2/2	票が 2 件だけ
除外	債権	金銭	1/1	票が 1 件だけ
除外	傾き	状態	1/2	票が 1 件だけ
除外	傾向	情報	6/44	首位の占有率 14% が閾値未満
除外	傾斜	金銭	1/2	動作を指す名詞（サ変可能）; 票が 1 件だけ
除外	働き	自然	1/2	票が 1 件だけ
除外	働き方	住居	1/4	票が 1 件だけ; 首位の占有率 25% が閾値未満
除外	働き方改革	仕事	1/2	票が 1 件だけ
除外	優位	健康	1/2	性質を指す名詞（形状詞可能）; 票が 1 件だけ
除外	優位性	食事	1/4	票が 1 件だけ; 首位の占有率 25% が閾値未満
除外	優先	法制度	2/6	動作を指す名詞（サ変可能）; 票が 2 件だけ; 首位の占有率 33% が閾値未満
除外	優先度	努力	1/1	票が 1 件だけ
除外	優先的	情報	1/3	性質を指す名詞（形状詞可能）; 票が 1 件だけ; 首位の占有率 33% が閾値未満
採用	優先順位	仕事	3/6	
除外	元気	家族	1/2	性質を指す名詞（形状詞可能）; 票が 1 件だけ
除外	元素	自然	1/2	票が 1 件だけ
除外	充実	情報	5/17	動作を指す名詞（サ変可能）; 首位の占有率 29% が閾値未満
除外	充実度	仕事	1/1	票が 1 件だけ
除外	兆候	金銭	2/6	票が 2 件だけ; 首位の占有率 33% が閾値未満
除外	先ほど	学習	2/3	品詞から取れる（副詞可能 → #時間）; 票が 2 件だけ
除外	先住	自然	1/1	票が 1 件だけ
除外	先日	仕事	2/6	品詞から取れる（副詞可能 → #時間）; 票が 2 件だけ; 首位の占有率 33% が閾値未満
除外	先月	仕事	1/1	品詞から取れる（副詞可能 → #時間）; 票が 1 件だけ
採用	先生	健康	14/28	
除外	先端	住居	1/1	票が 1 件だけ
除外	先行	学習	1/1	動作を指す名詞（サ変可能）; 票が 1 件だけ
除外	先輩	仕事	2/5	票が 2 件だけ; 首位の占有率 40% が閾値未満
除外	先週	仕事	2/2	品詞から取れる（副詞可能 → #時間）; 票が 2 件だけ
除外	先進国	自然	1/1	票が 1 件だけ
除外	光回線	情報	1/2	2 形態素に割れる; 票が 1 件だけ
除外	光学	仕事	1/3	票が 1 件だけ; 首位の占有率 33% が閾値未満
除外	光学式	学習	1/1	票が 1 件だけ
除外	光学系	学習	1/1	票が 1 件だけ
採用	光熱費	金銭	3/3	
除外	克服	学習	2/3	動作を指す名詞（サ変可能）; 票が 2 件だけ
採用	免疫	健康	8/14	
除外	免疫力	身体	1/1	票が 1 件だけ
除外	免疫系	健康	1/2	票が 1 件だけ
除外	免許	法制度	1/3	動作を指す名詞（サ変可能）; 票が 1 件だけ; 首位の占有率 33% が閾値未満
除外	免責	仕事	1/4	動作を指す名詞（サ変可能）; 票が 1 件だけ; 首位の占有率 25% が閾値未満
除外	免除	法制度	1/2	動作を指す名詞（サ変可能）; 票が 1 件だけ
除外	児童	学習	2/5	票が 2 件だけ; 首位の占有率 40% が閾値未満
除外	入り	食事	1/3	票が 1 件だけ; 首位の占有率 33% が閾値未満
除外	入力	金銭	2/9	動作を指す名詞（サ変可能）; 票が 2 件だけ; 首位の占有率 22% が閾値未満
除外	入学	学習	1/1	動作を指す名詞（サ変可能）; 票が 1 件だけ
除外	入居	住居	2/3	動作を指す名詞（サ変可能）; 票が 2 件だけ
除外	入居者	住居	2/3	票が 2 件だけ
除外	入手	金銭	1/1	動作を指す名詞（サ変可能）; 票が 1 件だけ
除外	入札	法制度	1/1	動作を指す名詞（サ変可能）; 票が 1 件だけ
除外	入浴	健康	2/2	動作を指す名詞（サ変可能）; 票が 2 件だけ
除外	入眠	健康	1/1	票が 1 件だけ
除外	入社	法制度	1/1	動作を指す名詞（サ変可能）; 票が 1 件だけ
除外	入社前	法制度	1/1	票が 1 件だけ
除外	入門	情報	1/1	動作を指す名詞（サ変可能）; 票が 1 件だけ
除外	入院	健康	3/6	動作を指す名詞（サ変可能）
除外	全て	食事	3/12	品詞から取れる（副詞可能 → #時間）; 首位の占有率 25% が閾値未満
除外	全体	仕事	15/89	首位の占有率 17% が閾値未満
除外	全体像	学習	1/3	票が 1 件だけ; 首位の占有率 33% が閾値未満
除外	全力	身体	1/2	票が 1 件だけ
除外	全員	仕事	3/7	品詞から取れる（副詞可能 → #時間）; 首位の占有率 43% が閾値未満
除外	全社	仕事	1/1	票が 1 件だけ
除外	全身	健康	2/3	票が 2 件だけ
除外	全部	情報	1/6	品詞から取れる（副詞可能 → #時間）; 票が 1 件だけ; 首位の占有率 17% が閾値未満
除外	全額	金銭	1/2	票が 1 件だけ
除外	公共	法制度	1/1	票が 1 件だけ
除外	公共交通機関	移動	1/2	票が 1 件だけ
除外	公告	法制度	1/1	動作を指す名詞（サ変可能）; 票が 1 件だけ
除外	公園	学習	1/2	既に辞書にある; 票が 1 件だけ
除外	公平	情報	2/2	性質を指す名詞（形状詞可能）; 票が 2 件だけ
除外	公平性	情報	1/3	票が 1 件だけ; 首位の占有率 33% が閾値未満
除外	公式	学習	2/3	性質を指す名詞（形状詞可能）; 票が 2 件だけ
除外	公正	法制度	1/1	性質を指す名詞（形状詞可能）; 票が 1 件だけ
除外	公的年金	金銭	1/1	票が 1 件だけ
除外	公的機関	健康	1/1	票が 1 件だけ
除外	公証	法制度	1/1	票が 1 件だけ
除外	公開	法制度	1/3	動作を指す名詞（サ変可能）; 票が 1 件だけ; 首位の占有率 33% が閾値未満
除外	共分散	移動	1/1	票が 1 件だけ
除外	共同	交通	2/6	動作を指す名詞（サ変可能）; 票が 2 件だけ; 首位の占有率 33% が閾値未満
除外	共同研究	自然	1/1	動作を指す名詞（サ変可能）; 票が 1 件だけ
除外	共存	自然	2/3	動作を指す名詞（サ変可能）; 票が 2 件だけ
除外	共感	仕事	4/11	動作を指す名詞（サ変可能）; 首位の占有率 36% が閾値未満
除外	共感力	仕事	1/1	票が 1 件だけ
除外	共感性	法制度	1/1	票が 1 件だけ
除外	共感的	学習	1/3	票が 1 件だけ; 首位の占有率 33% が閾値未満
除外	共有	仕事	12/31	動作を指す名詞（サ変可能）; 首位の占有率 39% が閾値未満
除外	共生	自然	3/4	動作を指す名詞（サ変可能）
除外	共通	仕事	4/13	動作を指す名詞（サ変形状詞可能）; 首位の占有率 31% が閾値未満
除外	共通点	学習	1/3	票が 1 件だけ; 首位の占有率 33% が閾値未満
除外	共鳴	状態	1/1	動作を指す名詞（サ変可能）; 票が 1 件だけ
除外	具体的	健康	38/204	性質を指す名詞（形状詞可能）; 首位の占有率 19% が閾値未満
除外	具合	食事	2/9	票が 2 件だけ; 首位の占有率 22% が閾値未満
除外	典型	法制度	1/1	票が 1 件だけ
除外	典型例	仕事	1/4	票が 1 件だけ; 首位の占有率 25% が閾値未満
除外	典型的	自然	2/5	性質を指す名詞（形状詞可能）; 票が 2 件だけ; 首位の占有率 40% が閾値未満
除外	兼ね合い	学習	2/3	票が 2 件だけ
除外	内側	健康	2/3	票が 2 件だけ
除外	内分泌	健康	1/1	票が 1 件だけ
除外	内因性	健康	1/1	票が 1 件だけ
除外	内定	法制度	1/1	動作を指す名詞（サ変可能）; 票が 1 件だけ
除外	内定承諾	法制度	1/1	票が 1 件だけ
除外	内容	学習	10/43	首位の占有率 23% が閾値未満
除外	内服	健康	2/3	動作を指す名詞（サ変可能）; 票が 2 件だけ
採用	内科	健康	3/5	
除外	内科医	身体	1/3	票が 1 件だけ; 首位の占有率 33% が閾値未満
除外	内耳	健康	1/1	票が 1 件だけ
除外	内膜	健康	1/1	票が 1 件だけ
除外	内見	住居	1/1	動作を指す名詞（サ変可能）; 票が 1 件だけ
除外	内視鏡	健康	1/1	票が 1 件だけ
除外	内訳	金銭	1/2	票が 1 件だけ
除外	内転	身体	1/1	動作を指す名詞（サ変可能）; 票が 1 件だけ
除外	内部	金銭	2/4	票が 2 件だけ
除外	内部構造	身体	1/2	票が 1 件だけ
除外	再利用	住居	1/3	票が 1 件だけ; 首位の占有率 33% が閾値未満
除外	再度	食事	1/2	品詞から取れる（副詞可能 → #時間）; 票が 1 件だけ
除外	再燃	情報	1/1	動作を指す名詞（サ変可能）; 票が 1 件だけ
除外	再現	情報	2/8	動作を指す名詞（サ変可能）; 票が 2 件だけ; 首位の占有率 25% が閾値未満
除外	再現性	情報	1/2	票が 1 件だけ
除外	再生	自然	2/6	動作を指す名詞（サ変可能）; 票が 2 件だけ; 首位の占有率 33% が閾値未満
除外	再生産	学習	1/1	動作を指す名詞（サ変可能）; 票が 1 件だけ
除外	再発	健康	1/2	動作を指す名詞（サ変可能）; 票が 1 件だけ
除外	再突入	交通	1/1	動作を指す名詞（サ変可能）; 票が 1 件だけ
除外	再評価	食事	1/1	票が 1 件だけ
除外	再開発	金銭	1/1	動作を指す名詞（サ変可能）; 票が 1 件だけ
除外	再雇用	仕事	1/1	動作を指す名詞（サ変可能）; 票が 1 件だけ
除外	冗長性	情報	2/2	票が 2 件だけ
除外	写真	交通	4/9	首位の占有率 44% が閾値未満
除外	写真展	仕事	1/1	票が 1 件だけ
除外	冬場	自然	2/5	票が 2 件だけ; 首位の占有率 40% が閾値未満
除外	冬季	健康	1/1	票が 1 件だけ
除外	冷え性	健康	1/1	票が 1 件だけ
除外	冷凍	食事	1/1	動作を指す名詞（サ変可能）; 票が 1 件だけ
除外	冷却	食事	1/1	動作を指す名詞（サ変可能）; 票が 1 件だけ
除外	冷媒	食事	1/1	票が 1 件だけ
除外	冷感	健康	1/1	票が 1 件だけ
除外	冷水	食事	2/2	票が 2 件だけ
除外	冷蔵	食事	1/1	動作を指す名詞（サ変可能）; 票が 1 件だけ
採用	冷蔵庫	食事	4/5	
除外	冷静	仕事	2/8	性質を指す名詞（形状詞可能）; 票が 2 件だけ; 首位の占有率 25% が閾値未満
除外	准看護師	健康	1/1	票が 1 件だけ
除外	凍結	食事	2/2	動作を指す名詞（サ変可能）; 票が 2 件だけ
除外	凍結乾燥	食事	1/1	票が 1 件だけ
除外	凝固	健康	1/1	動作を指す名詞（サ変可能）; 票が 1 件だけ
除外	凝縮	食事	3/3	動作を指す名詞（サ変可能）
除外	処分	法制度	2/4	動作を指す名詞（サ変可能）; 票が 2 件だけ
除外	処方	健康	2/2	動作を指す名詞（サ変可能）; 票が 2 件だけ
除外	処理	情報	8/26	動作を指す名詞（サ変可能）; 首位の占有率 31% が閾値未満
除外	処置	身体	1/1	動作を指す名詞（サ変可能）; 票が 1 件だけ
除外	凹凸	健康	1/1	票が 1 件だけ
除外	出力	情報	2/3	動作を指す名詞（サ変可能）; 票が 2 件だけ
除外	出張	仕事	1/1	動作を指す名詞（サ変可能）; 票が 1 件だけ
除外	出来事	学習	1/3	票が 1 件だけ; 首位の占有率 33% が閾値未満
除外	出版	学習	2/2	動作を指す名詞（サ変可能）; 票が 2 件だけ
除外	出現	健康	2/4	動作を指す名詞（サ変可能）; 票が 2 件だけ
除外	出産	自然	1/1	動作を指す名詞（サ変可能）; 票が 1 件だけ
除外	出発	交通	1/1	動作を指す名詞（サ変可能）; 票が 1 件だけ
除外	出発点	仕事	1/2	票が 1 件だけ
除外	出荷	交通	1/1	動作を指す名詞（サ変可能）; 票が 1 件だけ
除外	出血	健康	3/4	動作を指す名詞（サ変可能）
除外	出費	金銭	1/1	動作を指す名詞（サ変可能）; 票が 1 件だけ
除外	分け	交通	1/5	名詞でない（動詞）; 票が 1 件だけ; 首位の占有率 20% が閾値未満
除外	分光器	学習	1/1	票が 1 件だけ
除外	分割	情報	2/9	動作を指す名詞（サ変可能）; 票が 2 件だけ; 首位の占有率 22% が閾値未満
採用	分子	自然	5/10	
除外	分岐点	金銭	2/5	票が 2 件だけ; 首位の占有率 40% が閾値未満
除外	分布	情報	2/12	動作を指す名詞（サ変可能）; 票が 2 件だけ; 首位の占有率 17% が閾値未満
除外	分担	仕事	2/3	動作を指す名詞（サ変可能）; 票が 2 件だけ
除外	分散	情報	3/14	動作を指す名詞（サ変可能）; 首位の占有率 21% が閾値未満
除外	分散型	金銭	1/4	票が 1 件だけ; 首位の占有率 25% が閾値未満
除外	分断	移動	1/1	動作を指す名詞（サ変可能）; 票が 1 件だけ
除外	分析	金銭	9/62	動作を指す名詞（サ変可能）; 首位の占有率 15% が閾値未満
除外	分極	健康	1/1	票が 1 件だけ
除外	分泌	健康	6/10	動作を指す名詞（サ変可能）
除外	分裂	自然	1/1	動作を指す名詞（サ変可能）; 票が 1 件だけ
除外	分解	自然	6/21	動作を指す名詞（サ変可能）; 首位の占有率 29% が閾値未満
除外	分解能	交通	1/1	票が 1 件だけ
除外	分配	金銭	1/1	動作を指す名詞（サ変可能）; 票が 1 件だけ
除外	分野	学習	8/36	首位の占有率 22% が閾値未満
除外	分離	食事	2/6	動作を指す名詞（サ変可能）; 票が 2 件だけ; 首位の占有率 33% が閾値未満
除外	分類	健康	2/14	動作を指す名詞（サ変可能）; 票が 2 件だけ; 首位の占有率 14% が閾値未満
除外	分類学	自然	2/2	票が 2 件だけ
除外	切り方	食事	1/1	票が 1 件だけ
除外	切り替え	仕事	1/1	票が 1 件だけ
除外	切手	法制度	1/1	票が 1 件だけ
除外	切断	金銭	1/2	動作を指す名詞（サ変可能）; 票が 1 件だけ
除外	刑事	法制度	2/3	票が 2 件だけ
除外	列車	交通	2/2	票が 2 件だけ
除外	初回	金銭	1/2	票が 1 件だけ
除外	初心者	仕事	1/3	票が 1 件だけ; 首位の占有率 33% が閾値未満
除外	初期	健康	5/25	首位の占有率 20% が閾値未満
除外	初期投資	金銭	1/2	票が 1 件だけ
除外	初期段階	仕事	3/11	首位の占有率 27% が閾値未満
採用	初期症状	健康	4/5	
除外	初期設定	情報	1/1	票が 1 件だけ
除外	初期費用	食事	1/3	票が 1 件だけ; 首位の占有率 33% が閾値未満
除外	判例	法制度	1/1	票が 1 件だけ
除外	判定	学習	1/3	動作を指す名詞（サ変可能）; 票が 1 件だけ; 首位の占有率 33% が閾値未満
除外	判断	健康	22/84	動作を指す名詞（サ変可能）; 首位の占有率 26% が閾値未満
除外	判断力	健康	2/3	票が 2 件だけ
除外	判断基準	情報	1/6	票が 1 件だけ; 首位の占有率 17% が閾値未満
除外	別料金	法制度	1/1	票が 1 件だけ
除外	別途	情報	2/4	品詞から取れる（副詞可能 → #時間）; 票が 2 件だけ
除外	利便性	情報	1/1	票が 1 件だけ
除外	利尿剤	健康	1/2	票が 1 件だけ
除外	利点	移動	1/1	票が 1 件だけ
除外	利用	情報	11/59	動作を指す名詞（サ変可能）; 首位の占有率 19% が閾値未満
除外	利用料金	健康	1/1	票が 1 件だけ
除外	利用方法	家族	1/2	票が 1 件だけ
除外	利用状況	法制度	1/4	票が 1 件だけ; 首位の占有率 25% が閾値未満
除外	利用者	健康	2/3	票が 2 件だけ
採用	利益	金銭	4/8	
除外	利益率	交通	1/1	票が 1 件だけ
除外	到達	健康	1/2	動作を指す名詞（サ変可能）; 票が 1 件だけ
除外	制作	住居	1/1	動作を指す名詞（サ変可能）; 票が 1 件だけ
除外	制度	仕事	5/20	首位の占有率 25% が閾値未満
除外	制度設計	金銭	1/1	票が 1 件だけ
除外	制御	情報	8/24	動作を指す名詞（サ変可能）; 首位の占有率 33% が閾値未満
除外	制約	移動	1/1	動作を指す名詞（サ変可能）; 票が 1 件だけ
除外	制裁	学習	1/2	動作を指す名詞（サ変可能）; 票が 1 件だけ
除外	制限	健康	4/20	動作を指す名詞（サ変可能）; 首位の占有率 20% が閾値未満
除外	刺激	身体	6/21	動作を指す名詞（サ変可能）; 首位の占有率 29% が閾値未満
除外	刺激物	健康	1/1	票が 1 件だけ
除外	削減	仕事	4/16	動作を指す名詞（サ変可能）; 首位の占有率 25% が閾値未満
除外	削除	法制度	1/1	動作を指す名詞（サ変可能）; 票が 1 件だけ
除外	前傾	状態	1/2	動作を指す名詞（サ変可能）; 票が 1 件だけ
除外	前処理	情報	1/1	票が 1 件だけ
除外	前回	仕事	1/2	品詞から取れる（副詞可能 → #時間）; 票が 1 件だけ
除外	前後	住居	1/3	品詞から取れる（副詞可能 → #時間）; 票が 1 件だけ; 首位の占有率 33% が閾値未満
除外	前提	健康	1/2	票が 1 件だけ
除外	前月	法制度	1/1	票が 1 件だけ
除外	前期	健康	1/2	品詞から取れる（副詞可能 → #時間）; 票が 1 件だけ
除外	前立腺	健康	2/2	票が 2 件だけ
除外	前線	自然	1/1	票が 1 件だけ
除外	前職	金銭	1/3	票が 1 件だけ; 首位の占有率 33% が閾値未満
除外	前進	身体	1/1	動作を指す名詞（サ変可能）; 票が 1 件だけ
除外	前面	仕事	1/1	票が 1 件だけ
除外	前頭	健康	1/1	票が 1 件だけ
除外	剥離	健康	2/3	動作を指す名詞（サ変可能）; 票が 2 件だけ
採用	副作用	健康	14/19	
除外	割り勘	金銭	1/1	票が 1 件だけ
除外	割合	金銭	4/15	首位の占有率 27% が閾値未満
除外	割引	法制度	2/4	動作を指す名詞（サ変可能）; 票が 2 件だけ
除外	創作	食事	1/1	動作を指す名詞（サ変可能）; 票が 1 件だけ
除外	創傷	健康	1/1	票が 1 件だけ
除外	創造	食事	1/2	動作を指す名詞（サ変可能）; 票が 1 件だけ
除外	創造性	情報	1/2	票が 1 件だけ
除外	剽窃	学習	2/2	動作を指す名詞（サ変可能）; 票が 2 件だけ
除外	力学	状態	1/1	票が 1 件だけ
除外	加入	法制度	4/10	動作を指す名詞（サ変可能）; 首位の占有率 40% が閾値未満
除外	加入年齢	金銭	1/1	票が 1 件だけ
除外	加工	食事	3/7	動作を指す名詞（サ変可能）; 首位の占有率 43% が閾値未満
除外	加減	食事	1/1	動作を指す名詞（サ変可能）; 票が 1 件だけ
除外	加熱	食事	1/2	動作を指す名詞（サ変可能）; 票が 1 件だけ
除外	加算	法制度	2/4	動作を指す名詞（サ変可能）; 票が 2 件だけ
除外	加速	健康	2/3	動作を指す名詞（サ変可能）; 票が 2 件だけ
除外	加速度	交通	1/1	票が 1 件だけ
除外	劣化	食事	5/12	動作を指す名詞（サ変可能）; 首位の占有率 42% が閾値未満
除外	助け	健康	2/4	名詞でない（動詞）; 票が 2 件だけ
除外	助長	住居	1/1	動作を指す名詞（サ変可能）; 票が 1 件だけ
除外	努力	学習	5/18	動作を指す名詞（サ変可能）; 首位の占有率 28% が閾値未満
除外	労働	仕事	2/5	動作を指す名詞（サ変可能）; 票が 2 件だけ; 首位の占有率 40% が閾値未満
除外	労働力	仕事	1/1	票が 1 件だけ
除外	労働市場	状態	1/1	票が 1 件だけ
除外	労働時間	仕事	2/2	票が 2 件だけ
除外	労働条件	仕事	1/1	票が 1 件だけ
除外	労働組合	仕事	1/1	票が 1 件だけ
除外	労働者	仕事	1/1	票が 1 件だけ
除外	労力	仕事	2/5	票が 2 件だけ; 首位の占有率 40% が閾値未満
除外	効果	健康	26/89	首位の占有率 29% が閾値未満
除外	効果的	仕事	14/67	性質を指す名詞（形状詞可能）; 首位の占有率 21% が閾値未満
除外	効率	交通	5/25	首位の占有率 20% が閾値未満
除外	効率化	仕事	1/4	票が 1 件だけ; 首位の占有率 25% が閾値未満
除外	効率性	情報	1/1	票が 1 件だけ
除外	効率的	情報	5/23	性質を指す名詞（形状詞可能）; 首位の占有率 22% が閾値未満
除外	勉強	健康	9/29	動作を指す名詞（サ変可能）; 首位の占有率 31% が閾値未満
除外	動き	身体	6/18	首位の占有率 33% が閾値未満
除外	動作	健康	2/5	動作を指す名詞（サ変可能）; 票が 2 件だけ; 首位の占有率 40% が閾値未満
除外	動向	仕事	4/13	首位の占有率 31% が閾値未満
除外	動悸	健康	1/1	票が 1 件だけ
除外	動態	移動	1/1	票が 1 件だけ
除外	動機	法制度	2/3	票が 2 件だけ
除外	動物	自然	2/2	票が 2 件だけ
除外	動物園	自然	2/2	票が 2 件だけ
除外	動画	情報	3/10	首位の占有率 30% が閾値未満
採用	動脈	健康	3/4	
除外	動詞	状態	1/1	票が 1 件だけ
除外	勘定科目	学習	1/1	票が 1 件だけ
除外	勘違い	家族	1/2	動作を指す名詞（サ変可能）; 票が 1 件だけ
除外	勝敗	法制度	1/1	票が 1 件だけ
除外	募集	仕事	1/1	動作を指す名詞（サ変可能）; 票が 1 件だけ
除外	勤務	仕事	1/1	動作を指す名詞（サ変可能）; 票が 1 件だけ
除外	勤務先	金銭	2/4	票が 2 件だけ
除外	勤務時間	仕事	1/1	票が 1 件だけ
除外	勾配	情報	2/4	票が 2 件だけ
除外	匂い	住居	1/1	票が 1 件だけ
除外	包括	金銭	2/4	動作を指す名詞（サ変可能）; 票が 2 件だけ
除外	包括的	健康	2/3	性質を指す名詞（形状詞可能）; 票が 2 件だけ
除外	包装	食事	1/1	動作を指す名詞（サ変可能）; 票が 1 件だけ
除外	化合物	自然	1/2	票が 1 件だけ
除外	化学	健康	1/4	票が 1 件だけ; 首位の占有率 25% が閾値未満
除外	化学的	自然	1/1	性質を指す名詞（形状詞可能）; 票が 1 件だけ
除外	化石	自然	1/1	動作を指す名詞（サ変可能）; 票が 1 件だけ
除外	区分	金銭	1/2	動作を指す名詞（サ変可能）; 票が 1 件だけ
除外	区切り	学習	1/1	票が 1 件だけ
除外	区別	健康	4/18	動作を指す名詞（サ変可能）; 首位の占有率 22% が閾値未満
採用	区間	交通	3/3	
除外	医学	身体	2/3	票が 2 件だけ
除外	医学的	自然	1/3	性質を指す名詞（形状詞可能）; 票が 1 件だけ; 首位の占有率 33% が閾値未満
採用	医師	健康	10/16	
採用	医療	健康	10/17	
除外	医療保険	金銭	1/2	票が 1 件だけ
採用	医療機関	健康	3/6	
除外	医療用	健康	2/2	票が 2 件だけ
採用	医療費	金銭	3/6	
除外	医療費控除	金銭	2/2	票が 2 件だけ
除外	匿名	身体	1/1	票が 1 件だけ
除外	匿名性	仕事	2/4	票が 2 件だけ
除外	十字	身体	1/1	票が 1 件だけ
除外	午前中	交通	2/3	票が 2 件だけ
除外	午後	住居	1/1	品詞から取れる（副詞可能 → #時間）; 票が 1 件だけ
除外	半分	食事	1/1	品詞から取れる（副詞可能 → #時間）; 票が 1 件だけ
除外	半月	身体	1/1	票が 1 件だけ
除外	卓上	食事	1/2	票が 1 件だけ
除外	協会	交通	1/3	票が 1 件だけ; 首位の占有率 33% が閾値未満
除外	協働	自然	1/1	票が 1 件だけ
除外	協力	仕事	6/24	動作を指す名詞（サ変可能）; 首位の占有率 25% が閾値未満
除外	協和	努力	1/1	動作を指す名詞（サ変可能）; 票が 1 件だけ
除外	協調	学習	1/6	動作を指す名詞（サ変可能）; 票が 1 件だけ; 首位の占有率 17% が閾値未満
除外	協調性	学習	1/2	票が 1 件だけ
除外	協議	交通	1/3	動作を指す名詞（サ変可能）; 票が 1 件だけ; 首位の占有率 33% が閾値未満
除外	単位	学習	2/8	票が 2 件だけ; 首位の占有率 25% が閾値未満
除外	単価	仕事	2/5	票が 2 件だけ; 首位の占有率 40% が閾値未満
除外	単純化	情報	1/1	票が 1 件だけ
採用	単語	学習	3/3	
除外	単語帳	学習	2/2	票が 2 件だけ
除外	単調	住居	1/1	性質を指す名詞（形状詞可能）; 票が 1 件だけ
除外	単音	健康	1/1	票が 1 件だけ
除外	印影	法制度	1/1	票が 1 件だけ
除外	印紙代	住居	1/1	票が 1 件だけ
除外	印象	仕事	2/5	票が 2 件だけ; 首位の占有率 40% が閾値未満
除外	印象的	食事	1/1	性質を指す名詞（形状詞可能）; 票が 1 件だけ
除外	印鑑	法制度	2/3	票が 2 件だけ
除外	印鑑証明書	法制度	2/2	票が 2 件だけ
除外	危惧	自然	1/1	動作を指す名詞（サ変可能）; 票が 1 件だけ
除外	危機	状態	1/1	票が 1 件だけ
除外	危険	交通	4/22	性質を指す名詞（形状詞可能）; 首位の占有率 18% が閾値未満
除外	危険性	法制度	1/2	票が 1 件だけ
除外	危険物	学習	1/1	票が 1 件だけ
除外	危険物取扱者	学習	1/1	票が 1 件だけ
除外	即座	交通	1/2	票が 1 件だけ
除外	即日	法制度	1/1	品詞から取れる（副詞可能 → #時間）; 票が 1 件だけ
除外	却下	仕事	1/2	動作を指す名詞（サ変可能）; 票が 1 件だけ
除外	卵子	健康	1/1	票が 1 件だけ
除外	卵巣	健康	1/1	票が 1 件だけ
除外	卵胞	健康	1/1	票が 1 件だけ
除外	厄介	情報	2/5	性質を指す名詞（形状詞可能）; 票が 2 件だけ; 首位の占有率 40% が閾値未満
除外	厚生労働省	食事	1/1	票が 1 件だけ
除外	厚生年金	法制度	2/3	票が 2 件だけ
除外	原価	金銭	1/1	票が 1 件だけ
除外	原則	法制度	8/23	品詞から取れる（副詞可能 → #時間）; 首位の占有率 35% が閾値未満
除外	原動力	仕事	1/1	票が 1 件だけ
除外	原動機	金銭	1/1	票が 1 件だけ
除外	原告	法制度	1/2	票が 1 件だけ
除外	原因	健康	19/71	動作を指す名詞（サ変可能）; 首位の占有率 27% が閾値未満
除外	原料	食事	1/2	票が 1 件だけ
除外	原材料	食事	1/2	票が 1 件だけ
除外	原状	法制度	1/2	票が 1 件だけ
除外	原理	学習	2/3	票が 2 件だけ
除外	原産地	交通	1/2	票が 1 件だけ
除外	厳守	仕事	1/1	動作を指す名詞（サ変可能）; 票が 1 件だけ
除外	厳格化	情報	1/2	票が 1 件だけ
除外	厳禁	状態	1/1	動作を指す名詞（サ変可能）; 票が 1 件だけ
除外	参加	仕事	5/14	動作を指す名詞（サ変可能）; 首位の占有率 36% が閾値未満
除外	参加者	学習	2/6	票が 2 件だけ; 首位の占有率 33% が閾値未満
除外	参加費	仕事	2/3	票が 2 件だけ
除外	参照	情報	1/2	動作を指す名詞（サ変可能）; 票が 1 件だけ
除外	参考	仕事	7/22	動作を指す名詞（サ変可能）; 首位の占有率 32% が閾値未満
除外	参考文献	学習	2/2	票が 2 件だけ
除外	友人	家族	1/2	票が 1 件だけ
除外	友達	学習	2/4	票が 2 件だけ
除外	双方	仕事	2/8	品詞から取れる（副詞可能 → #時間）; 票が 2 件だけ; 首位の占有率 25% が閾値未満
除外	反射	身体	2/6	動作を指す名詞（サ変可能）; 票が 2 件だけ; 首位の占有率 33% が閾値未満
除外	反射的	身体	1/1	性質を指す名詞（形状詞可能）; 票が 1 件だけ
除外	反復	学習	3/3	動作を指す名詞（サ変可能）
除外	反復法	学習	1/1	票が 1 件だけ
除外	反応	健康	14/38	動作を指す名詞（サ変可能）; 首位の占有率 37% が閾値未満
除外	反抗期	家族	1/1	票が 1 件だけ
除外	反映	交通	4/17	動作を指す名詞（サ変可能）; 首位の占有率 24% が閾値未満
除外	反発	学習	1/3	動作を指す名詞（サ変可能）; 票が 1 件だけ; 首位の占有率 33% が閾値未満
除外	反省	仕事	1/3	動作を指す名詞（サ変可能）; 票が 1 件だけ; 首位の占有率 33% が閾値未満
除外	反証	法制度	1/1	動作を指す名詞（サ変可能）; 票が 1 件だけ
除外	反論	仕事	1/2	動作を指す名詞（サ変可能）; 票が 1 件だけ
除外	反転	情報	1/2	動作を指す名詞（サ変可能）; 票が 1 件だけ
除外	反面	身体	1/2	品詞から取れる（副詞可能 → #時間）; 票が 1 件だけ
除外	反響	自然	1/1	動作を指す名詞（サ変可能）; 票が 1 件だけ
採用	収入	金銭	5/10	
採用	収益	金銭	5/9	
除外	収益性	仕事	1/3	票が 1 件だけ; 首位の占有率 33% が閾値未満
除外	収穫	食事	1/1	動作を指す名詞（サ変可能）; 票が 1 件だけ
除外	収納	住居	4/5	動作を指す名詞（サ変可能）
除外	収縮	身体	5/11	動作を指す名詞（サ変可能）; 首位の占有率 45% が閾値未満
除外	収量	自然	1/1	票が 1 件だけ
除外	収集	法制度	8/30	動作を指す名詞（サ変可能）; 首位の占有率 27% が閾値未満
除外	取り扱い	法制度	2/3	票が 2 件だけ
除外	取り組み	自然	4/14	首位の占有率 29% が閾値未満
除外	取り込み	健康	1/1	票が 1 件だけ
除外	取引	法制度	3/10	動作を指す名詞（サ変可能）; 首位の占有率 30% が閾値未満
除外	取引先	仕事	1/1	票が 1 件だけ
除外	取引額	仕事	1/1	票が 1 件だけ
除外	取得	法制度	3/13	動作を指す名詞（サ変可能）; 首位の占有率 23% が閾値未満
除外	取得率	住居	1/1	票が 1 件だけ
除外	取扱い	学習	1/1	票が 1 件だけ
除外	受け	身体	1/2	名詞でない（動詞）; 票が 1 件だけ
除外	受け入れ	仕事	1/1	票が 1 件だけ
除外	受信	交通	2/2	動作を指す名詞（サ変可能）; 票が 2 件だけ
除外	受取	金銭	1/1	票が 1 件だけ
除外	受容	健康	1/2	動作を指す名詞（サ変可能）; 票が 1 件だけ
採用	受容体	健康	3/5	
除外	受注	住居	1/2	動作を指す名詞（サ変可能）; 票が 1 件だけ
除外	受益権	金銭	1/1	票が 1 件だけ
除外	受精	健康	1/1	動作を指す名詞（サ変可能）; 票が 1 件だけ
除外	受給資格	法制度	1/1	票が 1 件だけ
除外	受診	健康	5/8	動作を指す名詞（サ変可能）
除外	受講	情報	1/2	動作を指す名詞（サ変可能）; 票が 1 件だけ
除外	受講者	金銭	1/3	票が 1 件だけ; 首位の占有率 33% が閾値未満
除外	受験	学習	1/1	動作を指す名詞（サ変可能）; 票が 1 件だけ
除外	口コミ	食事	1/3	票が 1 件だけ; 首位の占有率 33% が閾値未満
除外	口座	金銭	1/2	票が 1 件だけ
除外	口座情報	金銭	1/1	票が 1 件だけ
除外	口座振替	金銭	1/1	票が 1 件だけ
除外	口腔	健康	1/1	票が 1 件だけ
除外	口頭	学習	1/2	票が 1 件だけ
除外	可動	身体	1/1	票が 1 件だけ
除外	可動域	健康	3/7	首位の占有率 43% が閾値未満
除外	可塑性	身体	1/2	票が 1 件だけ
除外	可溶化	自然	1/1	票が 1 件だけ
除外	可用性	情報	1/1	票が 1 件だけ
除外	可能性	健康	34/162	首位の占有率 21% が閾値未満
除外	可視光	学習	1/1	票が 1 件だけ
除外	可視化	仕事	7/15	首位の占有率 47% が閾値未満
除外	台車	交通	1/1	票が 1 件だけ
除外	台風	自然	2/4	票が 2 件だけ
除外	右手	身体	1/2	票が 1 件だけ
除外	右耳	健康	1/1	票が 1 件だけ
除外	司法書士	法制度	1/1	票が 1 件だけ
除外	各層	情報	1/1	票が 1 件だけ
除外	各種	交通	1/2	票が 1 件だけ
除外	合わせ	学習	1/1	票が 1 件だけ
除外	合併	健康	2/3	動作を指す名詞（サ変可能）; 票が 2 件だけ
採用	合併症	健康	7/7	
除外	合同	法制度	2/3	動作を指す名詞（サ変形状詞可能）; 票が 2 件だけ
除外	合意	仕事	2/5	動作を指す名詞（サ変可能）; 票が 2 件だけ; 首位の占有率 40% が閾値未満
除外	合成	自然	4/8	動作を指す名詞（サ変可能）
除外	合格	学習	1/1	動作を指す名詞（サ変可能）; 票が 1 件だけ
除外	合法的	金銭	1/2	性質を指す名詞（形状詞可能）; 票が 1 件だけ
除外	合理的	法制度	1/1	性質を指す名詞（形状詞可能）; 票が 1 件だけ
除外	合致	健康	1/2	動作を指す名詞（サ変可能）; 票が 1 件だけ
除外	合計	金銭	2/2	動作を指す名詞（サ変可能）; 票が 2 件だけ
除外	合計金額	金銭	1/1	票が 1 件だけ
除外	同僚	仕事	1/1	票が 1 件だけ
除外	同意	健康	2/6	動作を指す名詞（サ変可能）; 票が 2 件だけ; 首位の占有率 33% が閾値未満
除外	同感	仕事	1/2	動作を指す名詞（サ変可能）; 票が 1 件だけ
除外	同時	健康	9/34	首位の占有率 26% が閾値未満
除外	同期	身体	1/3	動作を指す名詞（サ変可能）; 票が 1 件だけ; 首位の占有率 33% が閾値未満
除外	名前	健康	2/9	票が 2 件だけ; 首位の占有率 22% が閾値未満
除外	名義	法制度	1/1	票が 1 件だけ
除外	向き	自然	1/4	票が 1 件だけ; 首位の占有率 25% が閾値未満
除外	向上	情報	13/44	動作を指す名詞（サ変可能）; 首位の占有率 30% が閾値未満
除外	否定	金銭	1/5	動作を指す名詞（サ変可能）; 票が 1 件だけ; 首位の占有率 20% が閾値未満
除外	含有量	自然	2/4	票が 2 件だけ
除外	吸収	自然	5/15	動作を指す名詞（サ変可能）; 首位の占有率 33% が閾値未満
除外	吸水性	住居	1/1	票が 1 件だけ
除外	吸湿性	交通	1/1	票が 1 件だけ
除外	吸着	住居	1/1	動作を指す名詞（サ変可能）; 票が 1 件だけ
除外	告発	仕事	1/1	動作を指す名詞（サ変可能）; 票が 1 件だけ
除外	告知	交通	1/1	動作を指す名詞（サ変可能）; 票が 1 件だけ
除外	周り	家族	2/7	票が 2 件だけ; 首位の占有率 29% が閾値未満
除外	周囲	法制度	2/8	票が 2 件だけ; 首位の占有率 25% が閾値未満
除外	周期	自然	1/1	票が 1 件だけ
除外	周波数	健康	1/2	票が 1 件だけ
除外	周知	健康	1/1	動作を指す名詞（サ変可能）; 票が 1 件だけ
除外	周辺	住居	2/9	票が 2 件だけ; 首位の占有率 22% が閾値未満
採用	味わい	食事	4/4	
除外	味付け	食事	1/1	動作を指す名詞（サ変可能）; 票が 1 件だけ
除外	味噌	食事	1/1	票が 1 件だけ
除外	呼出	健康	1/2	票が 1 件だけ
除外	呼吸	身体	3/7	動作を指す名詞（サ変可能）; 首位の占有率 43% が閾値未満
採用	呼吸器	健康	3/4	
除外	呼吸器系	健康	2/3	票が 2 件だけ
採用	呼吸困難	健康	3/4	
除外	呼吸数	健康	1/2	票が 1 件だけ
除外	呼吸法	健康	1/1	票が 1 件だけ
除外	呼吸音	健康	1/1	票が 1 件だけ
除外	呼気	健康	1/2	票が 1 件だけ
除外	命令	法制度	1/1	動作を指す名詞（サ変可能）; 票が 1 件だけ
除外	命令形	学習	1/1	票が 1 件だけ
除外	品種	食事	1/2	票が 1 件だけ
除外	品質	食事	7/18	首位の占有率 39% が閾値未満
除外	哲学	自然	1/1	票が 1 件だけ
除外	哺乳類	自然	1/1	票が 1 件だけ
除外	唐辛子	食事	1/1	票が 1 件だけ
除外	唯一	金銭	1/2	品詞から取れる（副詞可能 → #時間）; 票が 1 件だけ
除外	商品	交通	3/8	首位の占有率 38% が閾値未満
除外	商業地域	法制度	1/2	票が 1 件だけ
除外	問い	学習	1/2	票が 1 件だけ
除外	問い合わせ	情報	1/2	動作を指す名詞（サ変可能）; 票が 1 件だけ
除外	問診	健康	4/5	動作を指す名詞（サ変可能）
除外	問題	学習	14/98	首位の占有率 14% が閾値未満
除外	問題点	情報	1/5	票が 1 件だけ; 首位の占有率 20% が閾値未満
除外	問題視	努力	1/1	票が 1 件だけ
除外	問題解決	仕事	2/4	票が 2 件だけ
除外	問題解決能力	学習	1/2	票が 1 件だけ
除外	問題集	学習	2/2	票が 2 件だけ
除外	啓発	健康	2/4	動作を指す名詞（サ変可能）; 票が 2 件だけ
除外	喀痰	健康	2/2	票が 2 件だけ
除外	喘息	健康	1/2	票が 1 件だけ
除外	喪失	学習	1/3	動作を指す名詞（サ変可能）; 票が 1 件だけ; 首位の占有率 33% が閾値未満
除外	喫煙	健康	1/2	動作を指す名詞（サ変可能）; 票が 1 件だけ
除外	営業	仕事	1/3	動作を指す名詞（サ変可能）; 票が 1 件だけ; 首位の占有率 33% が閾値未満
除外	営業活動	仕事	2/2	票が 2 件だけ
除外	嗅覚	住居	1/1	票が 1 件だけ
除外	嗜好	食事	1/1	動作を指す名詞（サ変可能）; 票が 1 件だけ
除外	器具	住居	1/4	票が 1 件だけ; 首位の占有率 25% が閾値未満
除外	器官	身体	1/1	票が 1 件だけ
除外	噴霧乾燥	食事	1/1	動作を指す名詞（サ変可能）; 票が 1 件だけ
除外	回収	住居	2/7	動作を指す名詞（サ変可能）; 票が 2 件だけ; 首位の占有率 29% が閾値未満
除外	回帰	移動	1/2	動作を指す名詞（サ変可能）; 票が 1 件だけ
除外	回復	健康	8/16	動作を指す名詞（サ変可能）
除外	回想	学習	1/1	動作を指す名詞（サ変可能）; 票が 1 件だけ
除外	回数	健康	5/12	首位の占有率 42% が閾値未満
除外	回答	仕事	2/5	動作を指す名詞（サ変可能）; 票が 2 件だけ; 首位の占有率 40% が閾値未満
除外	回線	法制度	2/3	票が 2 件だけ
除外	回線速度	情報	1/2	票が 1 件だけ
除外	回路	身体	1/4	票が 1 件だけ; 首位の占有率 25% が閾値未満
除外	回転	情報	1/5	動作を指す名詞（サ変可能）; 票が 1 件だけ; 首位の占有率 20% が閾値未満
除外	回遊	住居	1/1	動作を指す名詞（サ変可能）; 票が 1 件だけ
除外	回避	自然	2/11	動作を指す名詞（サ変可能）; 票が 2 件だけ; 首位の占有率 18% が閾値未満
除外	回鍋肉	食事	1/1	票が 1 件だけ
採用	因子	健康	4/6	
除外	因果	情報	1/1	性質を指す名詞（形状詞可能）; 票が 1 件だけ
除外	団体	自然	2/8	票が 2 件だけ; 首位の占有率 25% が閾値未満
除外	団体交渉	仕事	1/1	票が 1 件だけ
除外	困難	健康	6/20	性質を指す名詞（形状詞可能）; 首位の占有率 30% が閾値未満
除外	囲い	身体	1/1	票が 1 件だけ
除外	囲碁	身体	1/1	票が 1 件だけ
除外	図表	学習	1/1	票が 1 件だけ
除外	固体	自然	1/1	票が 1 件だけ
除外	固執	身体	1/1	動作を指す名詞（サ変可能）; 票が 1 件だけ
除外	固定	法制度	4/16	動作を指す名詞（サ変可能）; 首位の占有率 25% が閾値未満
除外	固定的	学習	1/1	票が 1 件だけ
採用	固定費	金銭	3/4	
除外	固定資産税	住居	1/1	票が 1 件だけ
除外	固定金利	住居	1/1	票が 1 件だけ
除外	固有	交通	1/2	性質を指す名詞（形状詞可能）; 票が 1 件だけ
除外	固着	住居	1/1	動作を指す名詞（サ変可能）; 票が 1 件だけ
除外	国々	法制度	1/2	票が 1 件だけ
除外	国民	法制度	2/6	票が 2 件だけ; 首位の占有率 33% が閾値未満
除外	国民健康保険	法制度	2/3	票が 2 件だけ
除外	国民年金	金銭	1/2	票が 1 件だけ
除外	国民年金基金	金銭	1/2	票が 1 件だけ
除外	国際	法制度	1/4	票が 1 件だけ; 首位の占有率 25% が閾値未満
除外	国際的	金銭	1/1	性質を指す名詞（形状詞可能）; 票が 1 件だけ
除外	土地	食事	2/6	票が 2 件だけ; 首位の占有率 33% が閾値未満
採用	土壌	自然	3/5	
除外	土質	自然	1/1	票が 1 件だけ
除外	圧倒	身体	1/2	動作を指す名詞（サ変可能）; 票が 1 件だけ
除外	圧倒的	法制度	1/3	性質を指す名詞（形状詞可能）; 票が 1 件だけ; 首位の占有率 33% が閾値未満
除外	圧力	自然	2/4	票が 2 件だけ
除外	圧痛	身体	1/1	票が 1 件だけ
除外	圧縮	住居	2/3	動作を指す名詞（サ変可能）; 票が 2 件だけ
除外	圧縮率	情報	1/1	票が 1 件だけ
除外	圧迫	健康	2/4	動作を指す名詞（サ変可能）; 票が 2 件だけ
除外	在宅	健康	1/1	動作を指す名詞（サ変可能）; 票が 1 件だけ
除外	在庫	交通	3/3	動作を指す名詞（サ変可能）
除外	在庫管理	情報	1/3	動作を指す名詞（サ変可能）; 票が 1 件だけ; 首位の占有率 33% が閾値未満
除外	在庫管理システム	交通	1/1	票が 1 件だけ
除外	地上	交通	1/1	票が 1 件だけ
除外	地下	自然	1/1	票が 1 件だけ
除外	地下水	自然	1/1	票が 1 件だけ
除外	地元	交通	1/1	票が 1 件だけ
除外	地図	交通	2/3	票が 2 件だけ
除外	地図アプリ	交通	1/1	票が 1 件だけ
除外	地域	法制度	5/26	首位の占有率 19% が閾値未満
除外	地域社会	自然	2/7	票が 2 件だけ; 首位の占有率 29% が閾値未満
除外	地域貢献	法制度	1/1	票が 1 件だけ
除外	地層	自然	1/1	票が 1 件だけ
採用	地形	自然	3/6	
除外	地方	家族	1/2	票が 1 件だけ
除外	地方自治体	法制度	1/1	票が 1 件だけ
採用	地球	自然	3/3	
除外	地理	交通	1/1	票が 1 件だけ
除外	地磁気	交通	1/1	票が 1 件だけ
除外	地表	交通	1/1	票が 1 件だけ
除外	地質	自然	1/1	票が 1 件だけ
除外	地質学	自然	1/1	票が 1 件だけ
除外	地震	自然	1/1	票が 1 件だけ
除外	地震波	自然	1/1	票が 1 件だけ
除外	均一	食事	5/6	性質を指す名詞（形状詞可能）
除外	均等	食事	1/1	性質を指す名詞（形状詞可能）; 票が 1 件だけ
除外	坐骨	身体	2/2	票が 2 件だけ
除外	垂直	自然	1/2	性質を指す名詞（形状詞可能）; 票が 1 件だけ
除外	型崩れ	住居	1/1	動作を指す名詞（サ変可能）; 票が 1 件だけ
除外	執行	法制度	2/3	動作を指す名詞（サ変可能）; 票が 2 件だけ
除外	培養	自然	1/2	動作を指す名詞（サ変可能）; 票が 1 件だけ
除外	基本	健康	7/34	首位の占有率 21% が閾値未満
除外	基本料金	法制度	1/1	票が 1 件だけ
除外	基本方針	健康	1/1	票が 1 件だけ
除外	基本権	法制度	1/1	票が 1 件だけ
除外	基本的	法制度	10/47	性質を指す名詞（形状詞可能）; 首位の占有率 21% が閾値未満
除外	基準	金銭	6/28	首位の占有率 21% が閾値未満
除外	基準値	健康	1/1	票が 1 件だけ
除外	基礎	学習	5/12	首位の占有率 42% が閾値未満
除外	基礎疾患	健康	1/3	票が 1 件だけ; 首位の占有率 33% が閾値未満
除外	基礎的	金銭	2/9	性質を指す名詞（形状詞可能）; 票が 2 件だけ; 首位の占有率 22% が閾値未満
除外	基礎知識	仕事	2/4	票が 2 件だけ
除外	基部	自然	1/1	票が 1 件だけ
除外	基金	金銭	1/2	票が 1 件だけ
除外	報告	自然	4/19	動作を指す名詞（サ変可能）; 首位の占有率 21% が閾値未満
除外	報告会	移動	1/1	票が 1 件だけ
除外	報告書	学習	2/7	票が 2 件だけ; 首位の占有率 29% が閾値未満
除外	報酬	学習	3/10	首位の占有率 30% が閾値未満
除外	場所	健康	7/38	首位の占有率 18% が閾値未満
除外	場面	健康	3/9	首位の占有率 33% が閾値未満
除外	塗装	交通	1/2	動作を指す名詞（サ変可能）; 票が 1 件だけ
除外	塞栓症	健康	2/2	票が 2 件だけ
除外	塩分	自然	1/1	票が 1 件だけ
除外	塩害	自然	1/1	票が 1 件だけ
除外	塩性	自然	1/1	票が 1 件だけ
除外	塩類	自然	2/2	票が 2 件だけ
除外	境界	身体	1/2	票が 1 件だけ
除外	増加	健康	5/19	動作を指す名詞（サ変可能）; 首位の占有率 26% が閾値未満
除外	増員	交通	1/1	動作を指す名詞（サ変可能）; 票が 1 件だけ
除外	増大	健康	2/5	動作を指す名詞（サ変可能）; 票が 2 件だけ; 首位の占有率 40% が閾値未満
除外	増幅	健康	1/2	動作を指す名詞（サ変可能）; 票が 1 件だけ
除外	増強	健康	1/2	動作を指す名詞（サ変可能）; 票が 1 件だけ
除外	増殖	健康	2/4	動作を指す名詞（サ変可能）; 票が 2 件だけ
除外	増量	健康	1/1	動作を指す名詞（サ変可能）; 票が 1 件だけ
除外	壁厚	身体	1/1	票が 1 件だけ
除外	売り上げ	食事	1/1	票が 1 件だけ
除外	売上	金銭	2/5	票が 2 件だけ; 首位の占有率 40% が閾値未満
除外	売上高	交通	1/2	票が 1 件だけ
除外	売却	状態	1/2	動作を指す名詞（サ変可能）; 票が 1 件だけ
除外	売買	金銭	2/4	動作を指す名詞（サ変可能）; 票が 2 件だけ
除外	売買契約書	法制度	1/2	票が 1 件だけ
除外	変動	金銭	10/33	動作を指す名詞（サ変可能）; 首位の占有率 30% が閾値未満
除外	変動率	金銭	1/1	票が 1 件だけ
採用	変動費	金銭	3/3	
除外	変動金利	住居	1/1	票が 1 件だけ
除外	変化	自然	12/59	動作を指す名詞（サ変可能）; 首位の占有率 20% が閾値未満
除外	変容	学習	1/1	動作を指す名詞（サ変可能）; 票が 1 件だけ
除外	変形	健康	2/3	動作を指す名詞（サ変可能）; 票が 2 件だけ
除外	変形性	身体	1/1	票が 1 件だけ
除外	変性	健康	1/1	動作を指す名詞（サ変可能）; 票が 1 件だけ
除外	変換	情報	4/15	動作を指す名詞（サ変可能）; 首位の占有率 27% が閾値未満
除外	変数	自然	1/2	票が 1 件だけ
除外	変更	情報	5/25	動作を指す名詞（サ変可能）; 首位の占有率 20% が閾値未満
除外	変更内容	法制度	1/1	票が 1 件だけ
除外	変更手続き	交通	1/2	票が 1 件だけ
除外	変更点	学習	1/1	票が 1 件だけ
除外	変異	健康	5/9	動作を指す名詞（サ変可能）
除外	変量	移動	1/1	票が 1 件だけ
除外	変革	努力	1/1	動作を指す名詞（サ変可能）; 票が 1 件だけ
除外	夏場	健康	2/5	票が 2 件だけ; 首位の占有率 40% が閾値未満
除外	夕方	住居	1/1	品詞から取れる（副詞可能 → #時間）; 票が 1 件だけ
採用	夕食	食事	3/5	
除外	外れ値	情報	1/1	票が 1 件だけ
除外	外側	身体	1/1	票が 1 件だけ
除外	外傷	金銭	1/1	票が 1 件だけ
除外	外出	健康	1/1	動作を指す名詞（サ変可能）; 票が 1 件だけ
除外	外国人	仕事	1/1	票が 1 件だけ
除外	外国人労働者	仕事	1/1	票が 1 件だけ
除外	外来	健康	1/1	票が 1 件だけ
除外	外来種	自然	1/2	票が 1 件だけ
除外	外用薬	身体	1/1	票が 1 件だけ
除外	外部	努力	1/3	票が 1 件だけ; 首位の占有率 33% が閾値未満
除外	外部機関	学習	1/1	票が 1 件だけ
除外	外食	食事	1/1	動作を指す名詞（サ変可能）; 票が 1 件だけ
除外	多く	情報	4/23	名詞でない（形容詞）; 首位の占有率 17% が閾値未満
除外	多型	健康	2/4	票が 2 件だけ
除外	多少	食事	1/2	品詞から取れる（副詞可能 → #時間）; 票が 1 件だけ
除外	多層	情報	1/1	票が 1 件だけ
除外	多岐	健康	2/8	性質を指す名詞（形状詞可能）; 票が 2 件だけ; 首位の占有率 25% が閾値未満
除外	多数	身体	1/2	品詞から取れる（副詞可能 → #時間）; 票が 1 件だけ
除外	多様化	健康	1/3	票が 1 件だけ; 首位の占有率 33% が閾値未満
採用	多様性	自然	6/8	
除外	多段	交通	1/1	票が 1 件だけ
除外	多用	情報	1/2	動作を指す名詞（サ変可能）; 票が 1 件だけ
除外	多発	健康	2/3	動作を指す名詞（サ変可能）; 票が 2 件だけ
除外	多種	健康	1/2	票が 1 件だけ
除外	多糖	健康	1/1	票が 1 件だけ
除外	多角	身体	1/1	票が 1 件だけ
除外	多角的	学習	2/5	性質を指す名詞（形状詞可能）; 票が 2 件だけ; 首位の占有率 40% が閾値未満
除外	夜ご飯	食事	1/3	票が 1 件だけ; 首位の占有率 33% が閾値未満
除外	夜中	健康	2/2	品詞から取れる（副詞可能 → #時間）; 票が 2 件だけ
除外	夜間	健康	2/5	票が 2 件だけ; 首位の占有率 40% が閾値未満
除外	大きさ	食事	3/12	首位の占有率 25% が閾値未満
除外	大動脈	健康	1/1	票が 1 件だけ
除外	大型	交通	2/3	性質を指す名詞（形状詞可能）; 票が 2 件だけ
採用	大学	学習	3/5	
除外	大家	金銭	1/1	票が 1 件だけ
除外	大手	金銭	1/1	票が 1 件だけ
除外	大手企業	仕事	1/1	票が 1 件だけ
除外	大根	健康	1/2	票が 1 件だけ
除外	大気	自然	2/2	票が 2 件だけ
除外	大気圏	交通	1/1	票が 1 件だけ
除外	大胸筋	身体	1/1	票が 1 件だけ
除外	大腸	健康	1/1	票が 1 件だけ
除外	大腸菌	健康	1/1	票が 1 件だけ
除外	大腿	身体	2/2	票が 2 件だけ
除外	大規模	情報	6/13	性質を指す名詞（形状詞可能）; 首位の占有率 46% が閾値未満
除外	大規模言語モデル	情報	1/1	票が 1 件だけ
除外	大量	情報	2/5	性質を指す名詞（形状詞可能）; 票が 2 件だけ; 首位の占有率 40% が閾値未満
除外	天候	金銭	1/3	票が 1 件だけ; 首位の占有率 33% が閾値未満
除外	天引き	金銭	2/3	票が 2 件だけ
除外	天文学	学習	1/1	票が 1 件だけ
除外	天気	自然	1/1	票が 1 件だけ
除外	天気予報	自然	1/1	票が 1 件だけ
除外	天然	住居	1/3	票が 1 件だけ; 首位の占有率 33% が閾値未満
除外	太もも	身体	1/1	票が 1 件だけ
除外	太り	自然	1/1	名詞でない（動詞）; 票が 1 件だけ
除外	太陽	自然	1/1	票が 1 件だけ
除外	太陽光	自然	2/4	票が 2 件だけ
除外	太陽光発電	自然	1/1	票が 1 件だけ
除外	失敗	法制度	1/4	動作を指す名詞（サ変可能）; 票が 1 件だけ; 首位の占有率 25% が閾値未満
除外	失敗談	仕事	1/1	票が 1 件だけ
除外	失礼	仕事	1/1	動作を指す名詞（サ変形状詞可能）; 票が 1 件だけ
除外	失調	法制度	1/2	票が 1 件だけ
除外	契約	法制度	6/11	動作を指す名詞（サ変可能）
除外	契約内容	法制度	4/9	首位の占有率 44% が閾値未満
採用	契約書	法制度	5/8	
除外	契約解除	法制度	1/1	票が 1 件だけ
除外	奥行き	住居	1/1	票が 1 件だけ
採用	女性	健康	3/4	
除外	好み	食事	1/2	票が 1 件だけ
除外	好奇心	自然	1/1	票が 1 件だけ
除外	好意	家族	1/1	票が 1 件だけ
除外	妄想	法制度	1/1	動作を指す名詞（サ変可能）; 票が 1 件だけ
除外	妊娠	健康	1/1	動作を指す名詞（サ変可能）; 票が 1 件だけ
除外	妊娠中	食事	1/1	票が 1 件だけ
除外	妙手	身体	1/1	票が 1 件だけ
除外	妥協	家族	1/3	動作を指す名詞（サ変可能）; 票が 1 件だけ; 首位の占有率 33% が閾値未満
除外	妥当	金銭	1/3	動作を指す名詞（サ変形状詞可能）; 票が 1 件だけ; 首位の占有率 33% が閾値未満
除外	妥当性	金銭	1/3	票が 1 件だけ; 首位の占有率 33% が閾値未満
除外	妨害	交通	1/2	動作を指す名詞（サ変可能）; 票が 1 件だけ
除外	始まり	金銭	1/1	票が 1 件だけ
除外	始末	仕事	1/1	動作を指す名詞（サ変可能）; 票が 1 件だけ
除外	委員	家族	1/1	票が 1 件だけ
除外	委員会	仕事	1/3	票が 1 件だけ; 首位の占有率 33% が閾値未満
除外	姿勢	仕事	7/21	首位の占有率 33% が閾値未満
除外	威圧的	学習	1/1	性質を指す名詞（形状詞可能）; 票が 1 件だけ
除外	娯楽	金銭	1/1	票が 1 件だけ
除外	婦人科	健康	1/1	票が 1 件だけ
除外	媒体	法制度	1/2	票が 1 件だけ
除外	嫌悪	住居	1/1	動作を指す名詞（サ変可能）; 票が 1 件だけ
採用	子ども	家族	3/6	
除外	子どもたち	学習	2/6	票が 2 件だけ; 首位の占有率 33% が閾値未満
除外	子供	金銭	2/12	票が 2 件だけ; 首位の占有率 17% が閾値未満
除外	子供たち	家族	2/4	票が 2 件だけ
除外	子宮	健康	1/1	票が 1 件だけ
除外	子育て	家族	1/1	動作を指す名詞（サ変可能）; 票が 1 件だけ
除外	存在	自然	10/28	動作を指す名詞（サ変可能）; 首位の占有率 36% が閾値未満
除外	存続	仕事	1/1	動作を指す名詞（サ変可能）; 票が 1 件だけ
除外	季節	健康	2/9	票が 2 件だけ; 首位の占有率 22% が閾値未満
除外	季節性	健康	2/3	票が 2 件だけ
除外	季節感	食事	1/1	票が 1 件だけ
除外	孤立	健康	1/2	動作を指す名詞（サ変可能）; 票が 1 件だけ
採用	学び	学習	3/6	
除外	学びや	仕事	1/1	票が 1 件だけ
除外	学修	学習	1/1	動作を指す名詞（サ変可能）; 票が 1 件だけ
除外	学力	学習	1/2	票が 1 件だけ
除外	学力テスト	仕事	1/1	票が 1 件だけ
除外	学年	仕事	1/2	票が 1 件だけ
除外	学校	学習	5/8	既に辞書にある
採用	学生	学習	5/6	
除外	学科	学習	1/1	票が 1 件だけ
除外	学級	学習	2/2	票が 2 件だけ
除外	学習	学習	17/37	動作を指す名詞（サ変可能）; 首位の占有率 46% が閾値未満
採用	学習者	学習	4/5	
除外	学術的	情報	1/2	性質を指す名詞（形状詞可能）; 票が 1 件だけ
除外	学費	学習	1/1	票が 1 件だけ
除外	学部	学習	1/1	票が 1 件だけ
除外	宅配	金銭	1/1	動作を指す名詞（サ変可能）; 票が 1 件だけ
除外	安全	交通	11/37	性質を指す名詞（形状詞可能）; 首位の占有率 30% が閾値未満
除外	安全性	食事	2/6	票が 2 件だけ; 首位の占有率 33% が閾値未満
除外	安全確保	交通	2/3	票が 2 件だけ
除外	安定	情報	3/18	動作を指す名詞（サ変形状詞可能）; 首位の占有率 17% が閾値未満
除外	安定化	自然	2/2	票が 2 件だけ
除外	安定性	自然	2/9	票が 2 件だけ; 首位の占有率 22% が閾値未満
除外	安定感	交通	1/1	票が 1 件だけ
除外	安心	健康	5/22	動作を指す名詞（サ変形状詞可能）; 首位の占有率 23% が閾値未満
除外	安心感	家族	2/7	票が 2 件だけ; 首位の占有率 29% が閾値未満
除外	安楽死	健康	2/2	票が 2 件だけ
除外	安静	身体	1/2	性質を指す名詞（形状詞可能）; 票が 1 件だけ
除外	完了	法制度	3/9	動作を指す名詞（サ変可能）; 首位の占有率 33% が閾値未満
除外	完成	法制度	2/3	動作を指す名詞（サ変可能）; 票が 2 件だけ
除外	完璧	情報	2/11	性質を指す名詞（形状詞可能）; 票が 2 件だけ; 首位の占有率 18% が閾値未満
除外	完璧主義	仕事	2/3	票が 2 件だけ
除外	完結	法制度	1/1	動作を指す名詞（サ変可能）; 票が 1 件だけ
除外	宗教	学習	1/1	票が 1 件だけ
除外	宗教的	学習	1/2	性質を指す名詞（形状詞可能）; 票が 1 件だけ
除外	定例	仕事	1/1	票が 1 件だけ
除外	定型	金銭	1/1	票が 1 件だけ
除外	定性	仕事	1/1	票が 1 件だけ
除外	定性的	仕事	1/1	性質を指す名詞（形状詞可能）; 票が 1 件だけ
除外	定期	学習	1/3	票が 1 件だけ; 首位の占有率 33% が閾値未満
除外	定期的	仕事	9/38	性質を指す名詞（形状詞可能）; 首位の占有率 24% が閾値未満
除外	定理	情報	1/1	票が 1 件だけ
採用	定番	食事	4/7	
除外	定着	学習	5/9	動作を指す名詞（サ変可能）
除外	定義	情報	6/19	動作を指す名詞（サ変可能）; 首位の占有率 32% が閾値未満
除外	定跡	身体	1/1	票が 1 件だけ
除外	定量	仕事	1/2	票が 1 件だけ
除外	定量的	仕事	5/10	性質を指す名詞（形状詞可能）
除外	宝石	交通	1/1	票が 1 件だけ
除外	実体	健康	1/1	票が 1 件だけ
除外	実印	法制度	1/1	票が 1 件だけ
除外	実家	家族	1/3	票が 1 件だけ; 首位の占有率 33% が閾値未満
除外	実感	住居	1/2	動作を指す名詞（サ変可能）; 票が 1 件だけ
除外	実態	仕事	1/2	票が 1 件だけ
除外	実施	仕事	7/22	動作を指す名詞（サ変可能）; 首位の占有率 32% が閾値未満
除外	実施方法	学習	2/2	票が 2 件だけ
除外	実現	仕事	4/21	動作を指す名詞（サ変可能）; 首位の占有率 19% が閾値未満
除外	実用化	情報	2/4	動作を指す名詞（サ変可能）; 票が 2 件だけ
除外	実用的	情報	2/4	性質を指す名詞（形状詞可能）; 票が 2 件だけ
除外	実績	仕事	3/10	首位の占有率 30% が閾値未満
除外	実行	情報	7/20	動作を指す名詞（サ変可能）; 首位の占有率 35% が閾値未満
除外	実行力	努力	1/1	票が 1 件だけ
除外	実装	情報	2/4	動作を指す名詞（サ変可能）; 票が 2 件だけ
除外	実質的	金銭	2/3	性質を指す名詞（形状詞可能）; 票が 2 件だけ
除外	実践	学習	3/7	動作を指す名詞（サ変可能）; 首位の占有率 43% が閾値未満
除外	実践的	仕事	3/5	性質を指す名詞（形状詞可能）
除外	実験	学習	2/3	動作を指す名詞（サ変可能）; 票が 2 件だけ
除外	客単価	仕事	1/1	票が 1 件だけ
除外	客観性	仕事	1/2	票が 1 件だけ
除外	客観的	法制度	5/25	性質を指す名詞（形状詞可能）; 首位の占有率 20% が閾値未満
除外	室内	自然	1/2	票が 1 件だけ
除外	室温	食事	1/3	票が 1 件だけ; 首位の占有率 33% が閾値未満
除外	家事	健康	2/3	動作を指す名詞（サ変可能）; 票が 2 件だけ
採用	家具	住居	4/5	
除外	家庭	健康	2/5	票が 2 件だけ; 首位の占有率 40% が閾値未満
除外	家庭内	情報	1/2	票が 1 件だけ
除外	家庭環境	食事	1/3	票が 1 件だけ; 首位の占有率 33% が閾値未満
除外	家庭用	食事	1/2	票が 1 件だけ
採用	家族	健康	9/17	
除外	家族構成	金銭	1/2	票が 1 件だけ
除外	家族歴	健康	2/2	票が 2 件だけ
除外	家畜	自然	1/1	票が 1 件だけ
除外	家計	金銭	1/1	票が 1 件だけ
除外	家計簿	金銭	1/1	票が 1 件だけ
採用	家賃	金銭	3/6	
除外	家電	住居	1/1	票が 1 件だけ
除外	容態	健康	1/1	票が 1 件だけ
採用	容疑者	法制度	3/3	
除外	容積	健康	2/3	票が 2 件だけ
除外	容量	情報	2/9	票が 2 件だけ; 首位の占有率 22% が閾値未満
除外	宿主	自然	2/3	票が 2 件だけ
除外	宿泊	交通	1/1	動作を指す名詞（サ変可能）; 票が 1 件だけ
除外	宿題	家族	1/2	票が 1 件だけ
除外	寄与	身体	1/2	動作を指す名詞（サ変可能）; 票が 1 件だけ
除外	寄付	住居	1/2	動作を指す名詞（サ変可能）; 票が 1 件だけ
除外	寄生	自然	1/2	動作を指す名詞（サ変可能）; 票が 1 件だけ
除外	寄生虫	自然	1/2	票が 1 件だけ
除外	密封	食事	1/1	動作を指す名詞（サ変可能）; 票が 1 件だけ
除外	密度	情報	3/10	首位の占有率 30% が閾値未満
除外	密集	住居	1/2	動作を指す名詞（サ変可能）; 票が 1 件だけ
除外	寒さ	自然	1/1	票が 1 件だけ
除外	寒冷前線	自然	1/1	票が 1 件だけ
除外	寒気	健康	1/1	票が 1 件だけ
除外	寛容	健康	1/1	性質を指す名詞（形状詞可能）; 票が 1 件だけ
除外	寝だめ	状態	1/1	動作を指す名詞（サ変可能）; 票が 1 件だけ
除外	寝つき	状態	1/2	票が 1 件だけ
除外	寝具	健康	1/1	票が 1 件だけ
除外	寝冷え	健康	1/1	票が 1 件だけ
除外	寝室	住居	1/1	票が 1 件だけ
除外	寝返り	健康	1/1	票が 1 件だけ
除外	察知	移動	1/1	動作を指す名詞（サ変可能）; 票が 1 件だけ
除外	審査	金銭	2/11	動作を指す名詞（サ変可能）; 票が 2 件だけ; 首位の占有率 18% が閾値未満
除外	審美	健康	1/1	票が 1 件だけ
除外	対人	金銭	1/2	票が 1 件だけ
除外	対処	仕事	2/5	動作を指す名詞（サ変可能）; 票が 2 件だけ; 首位の占有率 40% が閾値未満
除外	対処方法	健康	1/1	票が 1 件だけ
除外	対処法	健康	2/4	票が 2 件だけ
除外	対応	仕事	12/69	動作を指す名詞（サ変可能）; 首位の占有率 17% が閾値未満
除外	対応力	学習	1/1	票が 1 件だけ
除外	対応策	仕事	1/5	票が 1 件だけ; 首位の占有率 20% が閾値未満
除外	対抗	仕事	2/3	動作を指す名詞（サ変可能）; 票が 2 件だけ
除外	対照	健康	1/1	動作を指す名詞（サ変可能）; 票が 1 件だけ
除外	対照的	金銭	1/1	性質を指す名詞（形状詞可能）; 票が 1 件だけ
除外	対立	学習	1/4	動作を指す名詞（サ変可能）; 票が 1 件だけ; 首位の占有率 25% が閾値未満
除外	対策	情報	7/38	首位の占有率 18% が閾値未満
除外	対話	仕事	1/4	動作を指す名詞（サ変可能）; 票が 1 件だけ; 首位の占有率 25% が閾値未満
除外	対象	健康	4/21	首位の占有率 19% が閾値未満
除外	対象者	学習	1/2	票が 1 件だけ
除外	対面	家族	1/1	動作を指す名詞（サ変可能）; 票が 1 件だけ
除外	寿命	情報	2/6	票が 2 件だけ; 首位の占有率 33% が閾値未満
除外	専用	住居	3/7	動作を指す名詞（サ変可能）; 首位の占有率 43% が閾値未満
除外	専門	法制度	3/7	首位の占有率 43% が閾値未満
採用	専門医	健康	5/10	
除外	専門家	法制度	5/16	首位の占有率 31% が閾値未満
採用	専門性	仕事	4/6	
除外	専門用語	健康	7/19	首位の占有率 37% が閾値未満
除外	専門的	法制度	5/9	性質を指す名詞（形状詞可能）
除外	専門知識	法制度	4/11	首位の占有率 36% が閾値未満
除外	専門職	仕事	1/4	票が 1 件だけ; 首位の占有率 25% が閾値未満
除外	将来	学習	4/16	品詞から取れる（副詞可能 → #時間）; 首位の占有率 25% が閾値未満
除外	将来的	仕事	3/15	性質を指す名詞（形状詞可能）; 首位の占有率 20% が閾値未満
除外	尊厳	自然	1/2	票が 1 件だけ
除外	尊厳死	健康	1/1	票が 1 件だけ
除外	尊重	家族	3/12	動作を指す名詞（サ変可能）; 首位の占有率 25% が閾値未満
除外	尋問	法制度	2/2	動作を指す名詞（サ変可能）; 票が 2 件だけ
除外	尋常性	健康	1/1	票が 1 件だけ
除外	導入	仕事	9/55	動作を指す名詞（サ変可能）; 首位の占有率 16% が閾値未満
除外	導入コスト	情報	1/1	票が 1 件だけ
採用	小学校	学習	3/4	
除外	小説	学習	1/1	票が 1 件だけ
除外	小麦	健康	1/1	票が 1 件だけ
除外	小麦粉	食事	2/2	票が 2 件だけ
除外	少人数	学習	1/1	票が 1 件だけ
除外	少数	情報	1/2	品詞から取れる（副詞可能 → #時間）; 票が 1 件だけ
除外	少数者	法制度	1/1	票が 1 件だけ
除外	少量	健康	2/4	品詞から取れる（副詞可能 → #時間）; 票が 2 件だけ
除外	就労	仕事	1/1	動作を指す名詞（サ変可能）; 票が 1 件だけ
除外	就労ビザ	仕事	1/1	票が 1 件だけ
除外	就寝	健康	1/1	動作を指す名詞（サ変可能）; 票が 1 件だけ
除外	就業	仕事	1/2	動作を指す名詞（サ変可能）; 票が 1 件だけ
除外	就業規則	仕事	1/2	票が 1 件だけ
除外	就職	仕事	1/1	動作を指す名詞（サ変可能）; 票が 1 件だけ
除外	就職活動	仕事	1/1	票が 1 件だけ
除外	尺度	自然	1/1	票が 1 件だけ
除外	尽力	交通	1/2	動作を指す名詞（サ変可能）; 票が 1 件だけ
除外	尿中	健康	1/1	票が 1 件だけ
除外	尿検査	健康	2/2	票が 2 件だけ
除外	尿路	健康	1/1	票が 1 件だけ
除外	局地的	自然	1/1	性質を指す名詞（形状詞可能）; 票が 1 件だけ
除外	局所	情報	2/5	票が 2 件だけ; 首位の占有率 40% が閾値未満
除外	局所麻酔	健康	2/2	票が 2 件だけ
除外	局面	身体	1/1	票が 1 件だけ
除外	居住	法制度	1/3	動作を指す名詞（サ変可能）; 票が 1 件だけ; 首位の占有率 33% が閾値未満
除外	居住地	法制度	1/2	票が 1 件だけ
除外	屈曲	身体	1/1	動作を指す名詞（サ変可能）; 票が 1 件だけ
除外	屈率	健康	1/1	票が 1 件だけ
除外	展望	仕事	1/1	動作を指す名詞（サ変可能）; 票が 1 件だけ
除外	展示	学習	1/2	動作を指す名詞（サ変可能）; 票が 1 件だけ
除外	展開	法制度	2/7	動作を指す名詞（サ変可能）; 票が 2 件だけ; 首位の占有率 29% が閾値未満
除外	属性	情報	2/3	票が 2 件だけ
除外	履修	学習	1/1	動作を指す名詞（サ変可能）; 票が 1 件だけ
除外	履歴	情報	2/8	票が 2 件だけ; 首位の占有率 25% が閾値未満
除外	履行	法制度	3/5	動作を指す名詞（サ変可能）
除外	山地	自然	1/1	票が 1 件だけ
除外	山積み	住居	1/1	動作を指す名詞（サ変可能）; 票が 1 件だけ
除外	崩壊	情報	2/5	動作を指す名詞（サ変可能）; 票が 2 件だけ; 首位の占有率 40% が閾値未満
除外	工事	法制度	2/6	動作を指す名詞（サ変可能）; 票が 2 件だけ; 首位の占有率 33% が閾値未満
除外	工事費	法制度	2/3	票が 2 件だけ
除外	工場	法制度	1/2	票が 1 件だけ
除外	工夫	学習	7/31	動作を指す名詞（サ変可能）; 首位の占有率 23% が閾値未満
除外	工学	自然	1/1	票が 1 件だけ
採用	工程	食事	5/5	
除外	左右	自然	4/21	動作を指す名詞（サ変可能）; 首位の占有率 19% が閾値未満
除外	左室	身体	2/3	票が 2 件だけ
除外	差分	情報	2/2	票が 2 件だけ
採用	差別化	仕事	4/4	
除外	差異	情報	1/2	票が 1 件だけ
除外	市区町村役場	法制度	1/1	票が 1 件だけ
採用	市場	仕事	7/12	
除外	市場シェア	金銭	1/1	票が 1 件だけ
除外	市民	健康	1/2	票が 1 件だけ
除外	市販薬	身体	2/4	票が 2 件だけ
除外	希望	健康	4/13	動作を指す名詞（サ変可能）; 首位の占有率 31% が閾値未満
除外	帯域	健康	1/1	票が 1 件だけ
採用	帯域幅	情報	4/4	
除外	帰宅	住居	1/2	動作を指す名詞（サ変可能）; 票が 1 件だけ
除外	帰属	法制度	1/1	動作を指す名詞（サ変可能）; 票が 1 件だけ
除外	帳簿	金銭	2/2	票が 2 件だけ
除外	干渉	情報	1/4	動作を指す名詞（サ変可能）; 票が 1 件だけ; 首位の占有率 25% が閾値未満
除外	平均	情報	2/12	動作を指す名詞（サ変可能）; 票が 2 件だけ; 首位の占有率 17% が閾値未満
除外	平均値	法制度	1/2	票が 1 件だけ
除外	平均的	金銭	2/2	性質を指す名詞（形状詞可能）; 票が 2 件だけ
除外	平坦	身体	1/2	性質を指す名詞（形状詞可能）; 票が 1 件だけ
除外	平日	仕事	1/2	品詞から取れる（副詞可能 → #時間）; 票が 1 件だけ
除外	平等	情報	1/3	性質を指す名詞（形状詞可能）; 票が 1 件だけ; 首位の占有率 33% が閾値未満
除外	平衡	身体	1/2	動作を指す名詞（サ変形状詞可能）; 票が 1 件だけ
除外	年代	法制度	1/1	票が 1 件だけ
除外	年末	住居	1/1	品詞から取れる（副詞可能 → #時間）; 票が 1 件だけ
除外	年末調整	金銭	2/2	票が 2 件だけ
除外	年金	金銭	2/3	票が 2 件だけ
除外	年間	学習	2/5	品詞から取れる（助数詞可能 → #数量）; 票が 2 件だけ; 首位の占有率 40% が閾値未満
除外	年齢	健康	5/13	首位の占有率 38% が閾値未満
除外	年齢層	仕事	2/2	票が 2 件だけ
除外	幸い	仕事	1/2	名詞でない（副詞）; 票が 1 件だけ
除外	幸せ	家族	1/1	性質を指す名詞（形状詞可能）; 票が 1 件だけ
除外	幸福	自然	1/2	性質を指す名詞（形状詞可能）; 票が 1 件だけ
除外	幸福感	食事	1/1	票が 1 件だけ
除外	幹事	仕事	1/1	票が 1 件だけ
除外	幹細胞	身体	1/1	票が 1 件だけ
除外	幹線	交通	1/2	票が 1 件だけ
除外	幼生	自然	1/1	票が 1 件だけ
除外	広さ	身体	1/1	票が 1 件だけ
除外	広告	仕事	2/3	動作を指す名詞（サ変可能）; 票が 2 件だけ
除外	広告宣伝費	金銭	1/1	票が 1 件だけ
除外	広告費	法制度	1/1	票が 1 件だけ
除外	広範囲	健康	1/1	性質を指す名詞（形状詞可能）; 票が 1 件だけ
除外	床暖房	住居	1/1	票が 1 件だけ
除外	底辺	自然	1/2	票が 1 件だけ
除外	店舗	法制度	1/2	票が 1 件だけ
除外	度合い	身体	3/8	首位の占有率 38% が閾値未満
除外	度数	食事	1/2	票が 1 件だけ
除外	座位	健康	1/1	票が 1 件だけ
除外	座学	法制度	1/1	票が 1 件だけ
除外	座席	交通	1/1	票が 1 件だけ
除外	廃棄	自然	1/1	動作を指す名詞（サ変可能）; 票が 1 件だけ
除外	廃棄物	自然	1/1	票が 1 件だけ
除外	廊下	住居	2/2	票が 2 件だけ
除外	延命	健康	2/2	動作を指す名詞（サ変可能）; 票が 2 件だけ
除外	延長	健康	3/3	動作を指す名詞（サ変可能）
除外	建材	住居	1/1	票が 1 件だけ
除外	建物	法制度	2/7	票が 2 件だけ; 首位の占有率 29% が閾値未満
除外	建築	法制度	1/2	動作を指す名詞（サ変可能）; 票が 1 件だけ
除外	建築基準法	法制度	2/3	票が 2 件だけ
除外	建設	金銭	2/5	動作を指す名詞（サ変可能）; 票が 2 件だけ; 首位の占有率 40% が閾値未満
除外	建設的	学習	3/9	性質を指す名詞（形状詞可能）; 首位の占有率 33% が閾値未満
除外	弁償	交通	1/1	動作を指す名詞（サ変可能）; 票が 1 件だけ
除外	弁論	法制度	2/2	動作を指す名詞（サ変可能）; 票が 2 件だけ
除外	弁護士	法制度	3/7	首位の占有率 43% が閾値未満
除外	弊社	仕事	2/6	票が 2 件だけ; 首位の占有率 33% が閾値未満
除外	引き継ぎ	法制度	1/1	票が 1 件だけ
除外	引っ越し	法制度	1/1	動作を指す名詞（サ変可能）; 票が 1 件だけ
除外	引力	自然	1/1	票が 1 件だけ
除外	引率	学習	1/2	動作を指す名詞（サ変可能）; 票が 1 件だけ
除外	引用	学習	1/1	動作を指す名詞（サ変可能）; 票が 1 件だけ
除外	引用元	学習	1/1	票が 1 件だけ
除外	引用文献	学習	2/2	票が 2 件だけ
除外	弱み	仕事	1/1	票が 1 件だけ
除外	弱体化	自然	1/2	票が 1 件だけ
採用	弱点	学習	5/5	
除外	張り	健康	1/2	品詞から取れる（助数詞可能 → #数量）; 票が 1 件だけ
除外	張力	金銭	1/1	票が 1 件だけ
除外	強さ	健康	2/4	票が 2 件だけ
採用	強み	仕事	6/8	
除外	強制	情報	1/2	動作を指す名詞（サ変可能）; 票が 1 件だけ
除外	強化	仕事	6/31	動作を指す名詞（サ変可能）; 首位の占有率 19% が閾値未満
除外	強度	健康	3/12	首位の占有率 25% が閾値未満
除外	強盗	法制度	1/1	票が 1 件だけ
除外	強調	健康	3/15	動作を指す名詞（サ変可能）; 首位の占有率 20% が閾値未満
除外	強靭	身体	1/2	性質を指す名詞（形状詞可能）; 票が 1 件だけ
除外	強風	交通	1/1	票が 1 件だけ
除外	弾力	食事	1/1	票が 1 件だけ
除外	弾力性	健康	1/1	票が 1 件だけ
除外	弾性	身体	1/1	票が 1 件だけ
採用	当事者	法制度	3/3	
除外	当初	努力	2/6	品詞から取れる（副詞可能 → #時間）; 票が 2 件だけ; 首位の占有率 33% が閾値未満
除外	当局	金銭	1/1	票が 1 件だけ
除外	当帰	健康	1/1	票が 1 件だけ
除外	当日	情報	1/4	品詞から取れる（副詞可能 → #時間）; 票が 1 件だけ; 首位の占有率 25% が閾値未満
除外	当社	仕事	1/1	票が 1 件だけ
除外	形勢	身体	1/1	票が 1 件だけ
除外	形容	状態	1/1	動作を指す名詞（サ変可能）; 票が 1 件だけ
除外	形式	仕事	3/11	首位の占有率 27% が閾値未満
除外	形式的	仕事	2/3	性質を指す名詞（形状詞可能）; 票が 2 件だけ
採用	形態	自然	3/5	
除外	形成	健康	2/9	動作を指す名詞（サ変可能）; 票が 2 件だけ; 首位の占有率 22% が閾値未満
除外	形状	自然	5/21	首位の占有率 24% が閾値未満
除外	影響	健康	16/117	動作を指す名詞（サ変可能）; 首位の占有率 14% が閾値未満
除外	影響力	学習	2/5	票が 2 件だけ; 首位の占有率 40% が閾値未満
除外	影響度	金銭	1/1	票が 1 件だけ
除外	役割	自然	8/51	首位の占有率 16% が閾値未満
除外	役割分担	学習	1/1	票が 1 件だけ
採用	役場	法制度	3/3	
除外	役所	法制度	1/1	票が 1 件だけ
除外	待ち	交通	2/2	票が 2 件だけ
除外	待ち伏せ	自然	1/1	動作を指す名詞（サ変可能）; 票が 1 件だけ
除外	待避線	交通	1/1	票が 1 件だけ
除外	後々	法制度	3/3	品詞から取れる（副詞可能 → #時間）
除外	後ろ	食事	1/1	票が 1 件だけ
除外	後片付け	仕事	1/1	票が 1 件だけ
除外	後続	交通	1/1	票が 1 件だけ
除外	後退	身体	1/1	動作を指す名詞（サ変可能）; 票が 1 件だけ
除外	後遺症	金銭	1/3	票が 1 件だけ; 首位の占有率 33% が閾値未満
除外	徐々	健康	6/19	首位の占有率 32% が閾値未満
除外	従事者	健康	1/1	票が 1 件だけ
除外	従来	情報	5/19	品詞から取れる（副詞可能 → #時間）; 首位の占有率 26% が閾値未満
採用	従業員	仕事	6/11	
除外	従業員数	金銭	1/2	票が 1 件だけ
除外	従量	法制度	1/1	票が 1 件だけ
除外	得意	学習	2/5	性質を指す名詞（形状詞可能）; 票が 2 件だけ; 首位の占有率 40% が閾値未満
除外	得意分野	学習	1/1	票が 1 件だけ
除外	復元	法制度	1/1	動作を指す名詞（サ変可能）; 票が 1 件だけ
除外	復帰	仕事	1/1	動作を指す名詞（サ変可能）; 票が 1 件だけ
除外	復帰後	健康	1/2	票が 1 件だけ
除外	復旧	情報	1/1	動作を指す名詞（サ変可能）; 票が 1 件だけ
除外	復習	学習	5/5	動作を指す名詞（サ変可能）
除外	循環	自然	3/5	動作を指す名詞（サ変可能）
除外	循環器	身体	1/1	票が 1 件だけ
除外	微分	学習	1/1	動作を指す名詞（サ変可能）; 票が 1 件だけ
除外	微分積分	学習	1/1	票が 1 件だけ
採用	微生物	自然	4/7	
除外	微細	法制度	2/8	性質を指す名詞（形状詞可能）; 票が 2 件だけ; 首位の占有率 25% が閾値未満
除外	微調整	健康	1/2	票が 1 件だけ
除外	微量	法制度	5/5	性質を指す名詞（形状詞可能）
除外	徴収	情報	1/2	動作を指す名詞（サ変可能）; 票が 1 件だけ
除外	徹底	金銭	3/22	動作を指す名詞（サ変可能）; 首位の占有率 14% が閾値未満
除外	徹底的	学習	4/12	性質を指す名詞（形状詞可能）; 首位の占有率 33% が閾値未満
除外	心不全	健康	2/4	票が 2 件だけ
除外	心室	健康	1/1	票が 1 件だけ
除外	心房	健康	1/1	票が 1 件だけ
除外	心拍	健康	2/3	票が 2 件だけ
採用	心拍数	健康	4/7	
除外	心理	法制度	3/8	首位の占有率 38% が閾値未満
除外	心理学	学習	2/7	票が 2 件だけ; 首位の占有率 29% が閾値未満
除外	心理的	住居	1/5	性質を指す名詞（形状詞可能）; 票が 1 件だけ; 首位の占有率 20% が閾値未満
採用	心筋	身体	3/4	
除外	心肺	健康	1/2	票が 1 件だけ
採用	心臓	身体	4/7	
除外	心血	健康	2/3	票が 2 件だけ
除外	心身	仕事	1/3	票が 1 件だけ; 首位の占有率 33% が閾値未満
除外	心身症	健康	1/1	票が 1 件だけ
除外	心配	健康	4/24	動作を指す名詞（サ変形状詞可能）; 首位の占有率 17% が閾値未満
採用	心電図	健康	6/9	
除外	必要不可欠	努力	1/5	票が 1 件だけ; 首位の占有率 20% が閾値未満
除外	必要性	情報	1/2	票が 1 件だけ
除外	必須	法制度	9/54	性質を指す名詞（形状詞可能）; 首位の占有率 17% が閾値未満
除外	志向	学習	1/1	動作を指す名詞（サ変可能）; 票が 1 件だけ
除外	忘却	学習	2/2	動作を指す名詞（サ変可能）; 票が 2 件だけ
除外	忘年会	仕事	1/1	票が 1 件だけ
除外	応募	仕事	2/2	動作を指す名詞（サ変可能）; 票が 2 件だけ
除外	応援	学習	2/3	動作を指す名詞（サ変可能）; 票が 2 件だけ
除外	応用	学習	6/21	動作を指す名詞（サ変可能）; 首位の占有率 29% が閾値未満
除外	応用力	学習	1/1	票が 1 件だけ
除外	応答	健康	3/10	動作を指す名詞（サ変可能）; 首位の占有率 30% が閾値未満
除外	快適	情報	1/2	性質を指す名詞（形状詞可能）; 票が 1 件だけ
採用	念頭	健康	5/10	
除外	怒り	状態	1/1	票が 1 件だけ
除外	思い出	家族	1/2	票が 1 件だけ
除外	思想	情報	1/2	票が 1 件だけ
除外	思考	学習	3/7	動作を指す名詞（サ変可能）; 首位の占有率 43% が閾値未満
除外	思考力	学習	2/3	票が 2 件だけ
除外	怠慢	努力	1/1	性質を指す名詞（形状詞可能）; 票が 1 件だけ
除外	急上昇	健康	1/2	動作を指す名詞（サ変可能）; 票が 1 件だけ
除外	急務	情報	1/2	票が 1 件だけ
除外	急増	自然	2/3	動作を指す名詞（サ変可能）; 票が 2 件だけ
除外	急変	健康	2/3	動作を指す名詞（サ変可能）; 票が 2 件だけ
除外	急成長	自然	1/1	票が 1 件だけ
除外	急落	金銭	2/2	動作を指す名詞（サ変可能）; 票が 2 件だけ
除外	性別	情報	1/2	票が 1 件だけ
除外	性格	学習	2/9	票が 2 件だけ; 首位の占有率 22% が閾値未満
採用	性能	情報	6/12	
除外	性質	健康	2/4	票が 2 件だけ
除外	怪我	身体	1/1	動作を指す名詞（サ変可能）; 票が 1 件だけ
除外	恋愛	家族	1/1	動作を指す名詞（サ変可能）; 票が 1 件だけ
除外	恐怖	法制度	1/1	動作を指す名詞（サ変可能）; 票が 1 件だけ
除外	恐縮	仕事	1/1	動作を指す名詞（サ変可能）; 票が 1 件だけ
除外	恒久	金銭	1/4	票が 1 件だけ; 首位の占有率 25% が閾値未満
除外	恩恵	健康	1/2	票が 1 件だけ
除外	息切れ	健康	1/1	動作を指す名詞（サ変可能）; 票が 1 件だけ
除外	息子	住居	1/2	票が 1 件だけ
採用	患者	健康	24/34	
除外	患部	身体	2/4	票が 2 件だけ
除外	悩み	住居	2/4	票が 2 件だけ
除外	悩み事	健康	1/2	票が 1 件だけ
除外	悪化	健康	11/22	動作を指す名詞（サ変可能）
除外	悪影響	健康	2/6	票が 2 件だけ; 首位の占有率 33% が閾値未満
除外	悪循環	失敗	1/2	動作を指す名詞（サ変可能）; 票が 1 件だけ
除外	悪性	健康	2/2	票が 2 件だけ
除外	悪意	情報	1/2	票が 1 件だけ
除外	悪用	法制度	2/3	動作を指す名詞（サ変可能）; 票が 2 件だけ
除外	悪臭	住居	1/1	票が 1 件だけ
除外	悲しみ	状態	1/1	票が 1 件だけ
除外	悲観的	健康	1/1	性質を指す名詞（形状詞可能）; 票が 1 件だけ
除外	情報	健康	14/107	首位の占有率 13% が閾値未満
除外	情報セキュリティ	法制度	1/4	票が 1 件だけ; 首位の占有率 25% が閾値未満
除外	情報共有	仕事	4/12	動作を指す名詞（サ変可能）; 首位の占有率 33% が閾値未満
除外	情報処理	健康	1/1	票が 1 件だけ
除外	情報源	学習	3/8	首位の占有率 38% が閾値未満
除外	情報漏洩	仕事	1/1	票が 1 件だけ
除外	情報量	情報	2/4	票が 2 件だけ
除外	想像	学習	2/3	動作を指す名詞（サ変可能）; 票が 2 件だけ
除外	想定	仕事	2/6	動作を指す名詞（サ変可能）; 票が 2 件だけ; 首位の占有率 33% が閾値未満
除外	想定外	努力	1/2	票が 1 件だけ
除外	意味	学習	13/73	動作を指す名詞（サ変可能）; 首位の占有率 18% が閾値未満
除外	意味合い	金銭	3/8	首位の占有率 38% が閾値未満
除外	意図	情報	2/10	動作を指す名詞（サ変可能）; 票が 2 件だけ; 首位の占有率 20% が閾値未満
除外	意図的	法制度	1/2	性質を指す名詞（形状詞可能）; 票が 1 件だけ
除外	意思	健康	2/4	票が 2 件だけ
除外	意思決定	仕事	5/19	首位の占有率 26% が閾値未満
除外	意欲	健康	1/4	票が 1 件だけ; 首位の占有率 25% が閾値未満
除外	意義	家族	1/1	票が 1 件だけ
除外	意見	仕事	9/34	動作を指す名詞（サ変可能）; 首位の占有率 26% が閾値未満
除外	意識	仕事	15/77	動作を指す名詞（サ変可能）; 首位の占有率 19% が閾値未満
除外	意識的	学習	2/7	性質を指す名詞（形状詞可能）; 票が 2 件だけ; 首位の占有率 29% が閾値未満
除外	愛情	家族	2/2	票が 2 件だけ
除外	感動	自然	1/1	動作を指す名詞（サ変可能）; 票が 1 件だけ
除外	感動的	家族	1/1	性質を指す名詞（形状詞可能）; 票が 1 件だけ
採用	感受性	健康	4/5	
除外	感度	学習	1/3	票が 1 件だけ; 首位の占有率 33% が閾値未満
除外	感情	健康	2/7	票が 2 件だけ; 首位の占有率 29% が閾値未満
除外	感情的	学習	3/7	性質を指す名詞（形状詞可能）; 首位の占有率 43% が閾値未満
除外	感想	学習	1/1	票が 1 件だけ
除外	感染	健康	7/10	動作を指す名詞（サ変可能）
除外	感染リスク	健康	2/2	票が 2 件だけ
採用	感染症	健康	6/11	
除外	感知	身体	2/4	動作を指す名詞（サ変可能）; 票が 2 件だけ
除外	感覚	健康	6/15	動作を指す名詞（サ変可能）; 首位の占有率 40% が閾値未満
除外	感触	身体	1/1	票が 1 件だけ
除外	感謝	家族	2/10	動作を指す名詞（サ変可能）; 票が 2 件だけ; 首位の占有率 20% が閾値未満
除外	態度	学習	2/4	票が 2 件だけ
除外	慎重	健康	11/40	性質を指す名詞（形状詞可能）; 首位の占有率 28% が閾値未満
採用	慢性	健康	5/7	
除外	慢性的	健康	8/17	性質を指す名詞（形状詞可能）; 首位の占有率 47% が閾値未満
除外	慣性	交通	1/1	票が 1 件だけ
除外	憲章	法制度	1/1	票が 1 件だけ
除外	懸念	情報	2/7	動作を指す名詞（サ変可能）; 票が 2 件だけ; 首位の占有率 29% が閾値未満
除外	成分	食事	4/14	首位の占有率 29% が閾値未満
除外	成功	仕事	7/24	動作を指す名詞（サ変可能）; 首位の占有率 29% が閾値未満
除外	成功率	健康	2/2	票が 2 件だけ
採用	成果	仕事	5/8	
除外	成果物	仕事	1/2	票が 1 件だけ
除外	成熟	情報	2/4	動作を指す名詞（サ変可能）; 票が 2 件だけ
除外	成立	金銭	1/4	動作を指す名詞（サ変可能）; 票が 1 件だけ; 首位の占有率 25% が閾値未満
除外	成約	仕事	3/3	動作を指す名詞（サ変可能）
除外	成績	学習	1/1	票が 1 件だけ
除外	成虫	自然	1/1	票が 1 件だけ
除外	成長	仕事	9/32	動作を指す名詞（サ変可能）; 首位の占有率 28% が閾値未満
除外	成長性	金銭	2/2	票が 2 件だけ
除外	成魚	自然	1/1	票が 1 件だけ
除外	戦い	健康	1/1	票が 1 件だけ
除外	戦法	身体	1/1	票が 1 件だけ
除外	戦略	仕事	11/37	首位の占有率 30% が閾値未満
除外	戦略的	仕事	5/6	性質を指す名詞（形状詞可能）
除外	戦術	身体	1/1	票が 1 件だけ
除外	戸籍謄本	法制度	2/2	票が 2 件だけ
除外	所在	金銭	1/1	動作を指す名詞（サ変可能）; 票が 1 件だけ
除外	所属	法制度	1/1	動作を指す名詞（サ変可能）; 票が 1 件だけ
除外	所得	金銭	2/2	票が 2 件だけ
除外	所得税	金銭	1/1	票が 1 件だけ
除外	所得金額	金銭	2/2	票が 2 件だけ
除外	所有	法制度	1/1	動作を指す名詞（サ変可能）; 票が 1 件だけ
除外	所有権	金銭	2/4	票が 2 件だけ
除外	所見	身体	1/2	票が 1 件だけ
採用	手がかり	法制度	3/4	
除外	手すり	住居	1/1	票が 1 件だけ
除外	手っ取り	金銭	1/2	票が 1 件だけ
除外	手伝い	学習	1/2	票が 1 件だけ
除外	手入れ	食事	1/2	動作を指す名詞（サ変可能）; 票が 1 件だけ
除外	手動	健康	1/1	票が 1 件だけ
除外	手口	金銭	1/2	票が 1 件だけ
除外	手戻り	情報	1/1	票が 1 件だけ
除外	手指	健康	1/1	票が 1 件だけ
除外	手数料	法制度	4/10	首位の占有率 40% が閾値未満
除外	手書き	住居	1/2	動作を指す名詞（サ変可能）; 票が 1 件だけ
除外	手段	情報	6/42	首位の占有率 14% が閾値未満
除外	手法	情報	10/52	首位の占有率 19% が閾値未満
除外	手洗い	住居	1/1	票が 1 件だけ
除外	手立て	健康	1/1	票が 1 件だけ
除外	手筋	身体	1/1	票が 1 件だけ
除外	手続き	法制度	14/35	動作を指す名詞（サ変可能）; 首位の占有率 40% が閾値未満
除外	手術	健康	6/8	動作を指す名詞（サ変可能）
除外	手配	交通	1/2	動作を指す名詞（サ変可能）; 票が 1 件だけ
除外	手間	法制度	4/9	首位の占有率 44% が閾値未満
採用	手順	法制度	4/7	
除外	手首	健康	1/1	票が 1 件だけ
除外	打ち合わせ	住居	1/2	動作を指す名詞（サ変可能）; 票が 1 件だけ
除外	打破	家族	1/1	動作を指す名詞（サ変可能）; 票が 1 件だけ
除外	打開	努力	1/1	動作を指す名詞（サ変可能）; 票が 1 件だけ
除外	払い	金銭	1/1	票が 1 件だけ
除外	払い戻し	健康	1/2	票が 1 件だけ
除外	扱い	仕事	2/5	票が 2 件だけ; 首位の占有率 40% が閾値未満
除外	批判	学習	2/2	動作を指す名詞（サ変可能）; 票が 2 件だけ
除外	批判的	学習	3/5	性質を指す名詞（形状詞可能）
除外	承知	健康	4/10	動作を指す名詞（サ変可能）; 首位の占有率 40% が閾値未満
除外	承認	失敗	1/1	動作を指す名詞（サ変可能）; 票が 1 件だけ
除外	承認フロー	失敗	1/1	票が 1 件だけ
除外	技法	食事	1/1	票が 1 件だけ
除外	技能	身体	1/3	票が 1 件だけ; 首位の占有率 33% が閾値未満
除外	技術	情報	12/63	首位の占有率 19% が閾値未満
除外	技術力	仕事	1/1	票が 1 件だけ
除外	技術的	情報	2/6	性質を指す名詞（形状詞可能）; 票が 2 件だけ; 首位の占有率 33% が閾値未満
除外	技術者	健康	1/2	票が 1 件だけ
除外	技術革新	交通	2/4	票が 2 件だけ
除外	把握	仕事	16/70	動作を指す名詞（サ変可能）; 首位の占有率 23% が閾値未満
除外	抑制	健康	6/23	動作を指す名詞（サ変可能）; 首位の占有率 26% が閾値未満
除外	抑制剤	身体	1/1	票が 1 件だけ
除外	抑圧	法制度	1/2	動作を指す名詞（サ変可能）; 票が 1 件だけ
除外	投与	健康	12/14	動作を指す名詞（サ変可能）
除外	投入	交通	1/1	動作を指す名詞（サ変可能）; 票が 1 件だけ
除外	投票	金銭	1/2	動作を指す名詞（サ変可能）; 票が 1 件だけ
除外	投稿	学習	2/3	動作を指す名詞（サ変可能）; 票が 2 件だけ
除外	投資	金銭	9/22	動作を指す名詞（サ変可能）; 首位の占有率 41% が閾値未満
除外	投資信託	金銭	1/1	票が 1 件だけ
採用	投資家	金銭	4/7	
除外	抗ヒスタミン剤	健康	2/3	票が 2 件だけ
採用	抗体	健康	8/11	
除外	抗体検査	健康	1/2	票が 1 件だけ
除外	抗原	健康	2/3	票が 2 件だけ
除外	抗生	健康	2/2	票が 2 件だけ
除外	抗菌薬	健康	2/2	票が 2 件だけ
除外	抗酸化	食事	2/2	票が 2 件だけ
除外	折り返し	食事	1/1	票が 1 件だけ
除外	抜歯	健康	1/1	動作を指す名詞（サ変可能）; 票が 1 件だけ
除外	披露宴	家族	1/1	票が 1 件だけ
除外	抵抗	学習	2/9	動作を指す名詞（サ変可能）; 票が 2 件だけ; 首位の占有率 22% が閾値未満
除外	抵抗性	食事	2/3	票が 2 件だけ
除外	押し入れ	住居	2/2	票が 2 件だけ
除外	抽出	食事	5/12	動作を指す名詞（サ変可能）; 首位の占有率 42% が閾値未満
除外	抽出法	食事	1/1	票が 1 件だけ
除外	抽象的	仕事	3/7	性質を指す名詞（形状詞可能）; 首位の占有率 43% が閾値未満
除外	担保	仕事	2/4	動作を指す名詞（サ変可能）; 票が 2 件だけ
除外	担当	仕事	4/7	動作を指す名詞（サ変可能）
除外	担当者	法制度	5/17	首位の占有率 29% が閾値未満
除外	担当部署	金銭	1/3	票が 1 件だけ; 首位の占有率 33% が閾値未満
除外	拍動	健康	2/3	動作を指す名詞（サ変可能）; 票が 2 件だけ
除外	拒否	健康	2/5	動作を指す名詞（サ変可能）; 票が 2 件だけ; 首位の占有率 40% が閾値未満
除外	拒否権	健康	1/1	票が 1 件だけ
除外	拒絶	身体	1/2	動作を指す名詞（サ変可能）; 票が 1 件だけ
除外	拘束力	法制度	1/1	票が 1 件だけ
除外	拝受	仕事	1/1	動作を指す名詞（サ変可能）; 票が 1 件だけ
除外	拠点	学習	1/2	票が 1 件だけ
除外	拡充	交通	2/4	動作を指す名詞（サ変可能）; 票が 2 件だけ
除外	拡大	健康	3/9	動作を指す名詞（サ変可能）; 首位の占有率 33% が閾値未満
除外	拡張	健康	6/9	動作を指す名詞（サ変可能）
除外	拡張性	情報	1/2	票が 1 件だけ
除外	拡張機能	情報	1/2	票が 1 件だけ
除外	拡散	情報	1/6	動作を指す名詞（サ変可能）; 票が 1 件だけ; 首位の占有率 17% が閾値未満
除外	拣选	交通	1/1	票が 1 件だけ
除外	拭き残し	住居	2/2	票が 2 件だけ
除外	拮抗薬	健康	1/1	票が 1 件だけ
除外	持ち物	住居	1/1	票が 1 件だけ
除外	持参	交通	1/2	動作を指す名詞（サ変可能）; 票が 1 件だけ
除外	持病	健康	1/4	票が 1 件だけ; 首位の占有率 25% が閾値未満
除外	持続	自然	3/14	動作を指す名詞（サ変可能）; 首位の占有率 21% が閾値未満
採用	持続可能性	自然	3/4	
除外	持続性	健康	1/1	票が 1 件だけ
除外	持続的	身体	1/1	性質を指す名詞（形状詞可能）; 票が 1 件だけ
除外	指令	身体	1/1	動作を指す名詞（サ変可能）; 票が 1 件だけ
除外	指定	情報	2/10	動作を指す名詞（サ変可能）; 票が 2 件だけ; 首位の占有率 20% が閾値未満
除外	指導	学習	13/30	動作を指す名詞（サ変可能）; 首位の占有率 43% が閾値未満
除外	指摘	学習	3/9	動作を指す名詞（サ変可能）; 首位の占有率 33% が閾値未満
除外	指数	金銭	1/4	票が 1 件だけ; 首位の占有率 25% が閾値未満
除外	指数関数	情報	1/1	票が 1 件だけ
除外	指標	健康	15/57	首位の占有率 26% が閾値未満
除外	指示	学習	4/16	動作を指す名詞（サ変可能）; 首位の占有率 25% が閾値未満
採用	指示書	健康	3/3	
除外	指紋	法制度	2/2	票が 2 件だけ
除外	指針	学習	1/2	票が 1 件だけ
除外	挑戦	食事	5/9	動作を指す名詞（サ変可能）
除外	挙動	情報	2/3	票が 2 件だけ
除外	挨拶	家族	1/1	動作を指す名詞（サ変可能）; 票が 1 件だけ
除外	振動	健康	1/1	動作を指す名詞（サ変可能）; 票が 1 件だけ
除外	振替	交通	1/1	票が 1 件だけ
除外	挼転	健康	1/1	票が 1 件だけ
除外	挿入	健康	1/1	動作を指す名詞（サ変可能）; 票が 1 件だけ
除外	捕獲	自然	1/1	動作を指す名詞（サ変可能）; 票が 1 件だけ
除外	捕食	自然	3/4	動作を指す名詞（サ変可能）
除外	捕食者	自然	1/2	票が 1 件だけ
除外	捜査	法制度	6/7	動作を指す名詞（サ変可能）
除外	捨て石	身体	1/1	票が 1 件だけ
除外	捺印	法制度	3/4	動作を指す名詞（サ変可能）
除外	捻挫	健康	1/1	動作を指す名詞（サ変可能）; 票が 1 件だけ
除外	掃除	住居	3/5	動作を指す名詞（サ変可能）
除外	授業	学習	7/10	動作を指す名詞（サ変可能）
除外	授精	健康	1/1	動作を指す名詞（サ変可能）; 票が 1 件だけ
除外	排出	法制度	1/4	動作を指す名詞（サ変可能）; 票が 1 件だけ; 首位の占有率 25% が閾値未満
採用	排出量	自然	3/4	
除外	排卵	健康	1/1	動作を指す名詞（サ変可能）; 票が 1 件だけ
除外	排尿	健康	1/1	動作を指す名詞（サ変可能）; 票が 1 件だけ
除外	排気	交通	1/2	動作を指す名詞（サ変可能）; 票が 1 件だけ
除外	排水	自然	1/2	動作を指す名詞（サ変可能）; 票が 1 件だけ
除外	排泄	健康	2/3	動作を指す名詞（サ変可能）; 票が 2 件だけ
除外	排除	健康	2/3	動作を指す名詞（サ変可能）; 票が 2 件だけ
除外	採光	住居	1/1	票が 1 件だけ
除外	採取	法制度	3/5	動作を指す名詞（サ変可能）
除外	採掘	金銭	1/2	動作を指す名詞（サ変可能）; 票が 1 件だけ
除外	採点	学習	1/1	動作を指す名詞（サ変可能）; 票が 1 件だけ
除外	採用	情報	4/14	動作を指す名詞（サ変可能）; 首位の占有率 29% が閾値未満
除外	採用担当者	仕事	2/2	票が 2 件だけ
除外	採用選考	情報	1/1	票が 1 件だけ
除外	探し	学習	1/1	名詞でない（動詞）; 票が 1 件だけ
除外	探求	情報	1/1	動作を指す名詞（サ変可能）; 票が 1 件だけ
除外	探究	交通	1/2	動作を指す名詞（サ変可能）; 票が 1 件だけ
除外	探索	学習	1/2	動作を指す名詞（サ変可能）; 票が 1 件だけ
除外	接合	身体	2/3	動作を指す名詞（サ変可能）; 票が 2 件だけ
除外	接種	健康	1/1	動作を指す名詞（サ変可能）; 票が 1 件だけ
除外	接続	情報	2/9	動作を指す名詞（サ変可能）; 票が 2 件だけ; 首位の占有率 22% が閾値未満
除外	接触	法制度	2/6	動作を指す名詞（サ変可能）; 票が 2 件だけ; 首位の占有率 33% が閾値未満
除外	控訴	法制度	1/1	動作を指す名詞（サ変可能）; 票が 1 件だけ
除外	控除	金銭	2/2	動作を指す名詞（サ変可能）; 票が 2 件だけ
除外	推奨	健康	3/14	動作を指す名詞（サ変可能）; 首位の占有率 21% が閾値未満
除外	推定	交通	2/10	動作を指す名詞（サ変可能）; 票が 2 件だけ; 首位の占有率 20% が閾値未満
除外	推測	法制度	3/8	動作を指す名詞（サ変可能）; 首位の占有率 38% が閾値未満
除外	推理	法制度	1/1	動作を指す名詞（サ変可能）; 票が 1 件だけ
除外	推移	仕事	1/4	動作を指す名詞（サ変可能）; 票が 1 件だけ; 首位の占有率 25% が閾値未満
除外	推論	情報	1/2	動作を指す名詞（サ変可能）; 票が 1 件だけ
除外	推進	仕事	3/13	動作を指す名詞（サ変可能）; 首位の占有率 23% が閾値未満
除外	推進力	交通	1/1	票が 1 件だけ
除外	措置	法制度	1/5	動作を指す名詞（サ変可能）; 票が 1 件だけ; 首位の占有率 20% が閾値未満
除外	掲載	学習	1/1	動作を指す名詞（サ変可能）; 票が 1 件だけ
除外	提供	仕事	10/49	動作を指す名詞（サ変可能）; 首位の占有率 20% が閾値未満
除外	提出	法制度	9/15	動作を指す名詞（サ変可能）
除外	提出状況	学習	1/1	票が 1 件だけ
除外	提案	仕事	12/22	動作を指す名詞（サ変可能）
除外	提案書	仕事	1/2	票が 1 件だけ
除外	提示	法制度	7/27	動作を指す名詞（サ変可能）; 首位の占有率 26% が閾値未満
除外	提起	自然	1/1	動作を指す名詞（サ変可能）; 票が 1 件だけ
除外	揚げ油	食事	1/1	票が 1 件だけ
除外	換気	健康	3/8	動作を指す名詞（サ変可能）; 首位の占有率 38% が閾値未満
除外	換気扇	住居	2/2	票が 2 件だけ
除外	揮発性	住居	1/1	票が 1 件だけ
除外	援助	金銭	1/3	動作を指す名詞（サ変可能）; 票が 1 件だけ; 首位の占有率 33% が閾値未満
除外	揺れ	自然	1/1	票が 1 件だけ
除外	損傷	身体	5/11	動作を指す名詞（サ変可能）; 首位の占有率 45% が閾値未満
除外	損失	金銭	3/11	動作を指す名詞（サ変可能）; 首位の占有率 27% が閾値未満
採用	損害	法制度	3/5	
採用	損害賠償	法制度	4/7	
除外	損益	金銭	2/4	票が 2 件だけ
除外	搬送	健康	1/1	動作を指す名詞（サ変可能）; 票が 1 件だけ
除外	搭載	情報	2/3	動作を指す名詞（サ変可能）; 票が 2 件だけ
除外	摂取	食事	4/11	動作を指す名詞（サ変可能）; 首位の占有率 36% が閾値未満
採用	摂取量	食事	3/5	
除外	摩擦	身体	2/3	動作を指す名詞（サ変可能）; 票が 2 件だけ
除外	摩耗	交通	1/2	動作を指す名詞（サ変可能）; 票が 1 件だけ
除外	撮影	食事	1/4	動作を指す名詞（サ変可能）; 票が 1 件だけ; 首位の占有率 25% が閾値未満
除外	撹乱	自然	1/2	動作を指す名詞（サ変可能）; 票が 1 件だけ
除外	操作	情報	3/12	動作を指す名詞（サ変可能）; 首位の占有率 25% が閾値未満
除外	操作方法	健康	1/1	票が 1 件だけ
除外	支え	健康	2/3	票が 2 件だけ
除外	支出	金銭	3/4	動作を指す名詞（サ変可能）
除外	支払い	法制度	3/7	首位の占有率 43% が閾値未満
除外	支払い方法	金銭	1/1	票が 1 件だけ
除外	支持	自然	1/1	動作を指す名詞（サ変可能）; 票が 1 件だけ
除外	支援	健康	7/33	動作を指す名詞（サ変可能）; 首位の占有率 21% が閾値未満
除外	支援制度	仕事	2/2	票が 2 件だけ
除外	支援策	仕事	1/1	票が 1 件だけ
除外	支援者	情報	1/1	票が 1 件だけ
除外	支柱	健康	1/1	票が 1 件だけ
除外	支給	仕事	2/3	動作を指す名詞（サ変可能）; 票が 2 件だけ
除外	支配	身体	3/3	動作を指す名詞（サ変可能）
除外	支障	健康	1/1	票が 1 件だけ
除外	改ざん	法制度	2/2	動作を指す名詞（サ変可能）; 票が 2 件だけ
除外	改善	健康	15/59	動作を指す名詞（サ変可能）; 首位の占有率 25% が閾値未満
除外	改善点	学習	2/5	票が 2 件だけ; 首位の占有率 40% が閾値未満
除外	改善策	仕事	2/10	票が 2 件だけ; 首位の占有率 20% が閾値未満
除外	改定	仕事	1/3	動作を指す名詞（サ変可能）; 票が 1 件だけ; 首位の占有率 33% が閾値未満
除外	改正	移動	1/3	動作を指す名詞（サ変可能）; 票が 1 件だけ; 首位の占有率 33% が閾値未満
除外	改良	自然	2/2	動作を指す名詞（サ変可能）; 票が 2 件だけ
除外	改造	自然	1/1	動作を指す名詞（サ変可能）; 票が 1 件だけ
除外	改革	健康	2/6	動作を指す名詞（サ変可能）; 票が 2 件だけ; 首位の占有率 33% が閾値未満
除外	攻め	身体	1/1	名詞でない（動詞）; 票が 1 件だけ
除外	攻撃	情報	3/7	動作を指す名詞（サ変可能）; 首位の占有率 43% が閾値未満
除外	攻撃力	健康	1/1	票が 1 件だけ
除外	攻撃者	情報	1/1	票が 1 件だけ
除外	放出	自然	2/3	動作を指す名詞（サ変可能）; 票が 2 件だけ
除外	放射状	学習	1/2	票が 1 件だけ
除外	放射線	健康	2/2	票が 2 件だけ
除外	放棄	自然	1/2	動作を指す名詞（サ変可能）; 票が 1 件だけ
除外	放熱	情報	1/1	動作を指す名詞（サ変可能）; 票が 1 件だけ
除外	放置	仕事	1/3	動作を指す名詞（サ変可能）; 票が 1 件だけ; 首位の占有率 33% が閾値未満
除外	放電	情報	1/1	動作を指す名詞（サ変可能）; 票が 1 件だけ
除外	政府	金銭	2/2	票が 2 件だけ
除外	政治	学習	1/1	票が 1 件だけ
除外	政策	金銭	2/4	票が 2 件だけ
除外	故意	法制度	1/3	票が 1 件だけ; 首位の占有率 33% が閾値未満
除外	故障	金銭	1/1	動作を指す名詞（サ変可能）; 票が 1 件だけ
除外	敏感	情報	2/3	性質を指す名詞（形状詞可能）; 票が 2 件だけ
採用	教員	学習	3/5	
除外	教室	食事	1/3	票が 1 件だけ; 首位の占有率 33% が閾値未満
採用	教師	学習	3/5	
採用	教材	学習	7/9	
除外	教科書	学習	2/3	票が 2 件だけ
除外	教職員	仕事	1/2	票が 1 件だけ
除外	教育	学習	5/13	動作を指す名詞（サ変可能）; 首位の占有率 38% が閾値未満
除外	教訓	移動	1/2	動作を指す名詞（サ変可能）; 票が 1 件だけ
除外	散光	健康	1/1	票が 1 件だけ
除外	散漫	状態	1/1	性質を指す名詞（形状詞可能）; 票が 1 件だけ
除外	散逸	法制度	1/1	動作を指す名詞（サ変可能）; 票が 1 件だけ
除外	敬意	仕事	1/3	票が 1 件だけ; 首位の占有率 33% が閾値未満
除外	敬語	仕事	1/1	票が 1 件だけ
除外	数ヶ月	健康	1/1	票が 1 件だけ
除外	数値	健康	8/28	首位の占有率 29% が閾値未満
除外	数値化	仕事	1/4	動作を指す名詞（サ変可能）; 票が 1 件だけ; 首位の占有率 25% が閾値未満
採用	数字	仕事	4/7	
除外	数学	学習	2/2	票が 2 件だけ
除外	数時間	交通	1/1	票が 1 件だけ
除外	数週間	身体	1/2	票が 1 件だけ
除外	整備	情報	2/6	動作を指す名詞（サ変可能）; 票が 2 件だけ; 首位の占有率 33% が閾値未満
除外	整合性	情報	2/8	票が 2 件だけ; 首位の占有率 25% が閾値未満
除外	整理	仕事	4/24	動作を指す名詞（サ変可能）; 首位の占有率 17% が閾値未満
除外	整頓	食事	1/1	動作を指す名詞（サ変可能）; 票が 1 件だけ
除外	敵対的	情報	2/3	性質を指す名詞（形状詞可能）; 票が 2 件だけ
除外	敷金	法制度	1/2	票が 1 件だけ
除外	文化	仕事	5/14	首位の占有率 36% が閾値未満
除外	文化的	仕事	2/2	性質を指す名詞（形状詞可能）; 票が 2 件だけ
除外	文字	仕事	1/4	票が 1 件だけ; 首位の占有率 25% が閾値未満
除外	文字列	情報	1/1	票が 1 件だけ
除外	文房具	住居	1/1	票が 1 件だけ
除外	文献	学習	2/2	票が 2 件だけ
採用	文章	学習	3/4	
除外	文系	学習	1/1	票が 1 件だけ
採用	文脈	学習	3/3	
除外	料理	食事	8/15	動作を指す名詞（サ変可能）
除外	料金	法制度	3/11	首位の占有率 27% が閾値未満
除外	斜め	住居	1/3	票が 1 件だけ; 首位の占有率 33% が閾値未満
除外	斜視	健康	1/1	票が 1 件だけ
除外	断層	自然	1/1	票が 1 件だけ
除外	断捨離	住居	1/1	票が 1 件だけ
除外	断熱	住居	1/1	票が 1 件だけ
除外	断熱性	住居	1/1	票が 1 件だけ
除外	断熱材	交通	1/2	票が 1 件だけ
除外	断片	法制度	1/1	票が 1 件だけ
除外	断続的	健康	1/1	性質を指す名詞（形状詞可能）; 票が 1 件だけ
除外	新入社員	仕事	1/2	票が 1 件だけ
除外	新婦	家族	1/1	票が 1 件だけ
除外	新年	住居	1/1	品詞から取れる（副詞可能 → #時間）; 票が 1 件だけ
除外	新生	健康	1/1	票が 1 件だけ
除外	新聞紙	食事	1/1	票が 1 件だけ
除外	新郎	家族	1/1	票が 1 件だけ
除外	方々	学習	2/5	票が 2 件だけ; 首位の占有率 40% が閾値未満
除外	方向	情報	2/10	票が 2 件だけ; 首位の占有率 20% が閾値未満
除外	方向性	仕事	4/9	首位の占有率 44% が閾値未満
除外	方向転換	健康	1/2	動作を指す名詞（サ変可能）; 票が 1 件だけ
除外	方式	住居	2/5	票が 2 件だけ; 首位の占有率 40% が閾値未満
除外	方形	身体	1/1	票が 1 件だけ
除外	方法	健康	17/96	首位の占有率 18% が閾値未満
除外	方法論	学習	1/1	票が 1 件だけ
除外	方程式	学習	1/1	票が 1 件だけ
除外	方策	学習	1/2	票が 1 件だけ
採用	方針	健康	8/16	
採用	施策	仕事	4/6	
除外	施術	健康	1/2	動作を指す名詞（サ変可能）; 票が 1 件だけ
除外	施設	健康	4/10	動作を指す名詞（サ変可能）; 首位の占有率 40% が閾値未満
除外	旅行	法制度	1/3	動作を指す名詞（サ変可能）; 票が 1 件だけ; 首位の占有率 33% が閾値未満
除外	旋回	自然	1/2	動作を指す名詞（サ変可能）; 票が 1 件だけ
除外	既存	仕事	3/9	動作を指す名詞（サ変可能）; 首位の占有率 33% が閾値未満
除外	既往歴	法制度	1/2	票が 1 件だけ
除外	日々	住居	2/6	品詞から取れる（副詞可能 → #時間）; 票が 2 件だけ; 首位の占有率 33% が閾値未満
除外	日中	健康	2/4	票が 2 件だけ
除外	日付	情報	1/3	票が 1 件だけ; 首位の占有率 33% が閾値未満
除外	日光浴	食事	1/2	動作を指す名詞（サ変可能）; 票が 1 件だけ
除外	日射	住居	1/1	票が 1 件だけ
除外	日射量	住居	1/1	票が 1 件だけ
除外	日差し	自然	1/1	票が 1 件だけ
採用	日常生活	健康	6/8	
除外	日常的	健康	2/2	性質を指す名詞（形状詞可能）; 票が 2 件だけ
除外	日当たり	自然	1/2	票が 1 件だけ
除外	日時	情報	2/4	票が 2 件だけ
除外	日本国内	金銭	1/1	票が 1 件だけ
除外	日焼け	健康	1/2	動作を指す名詞（サ変可能）; 票が 1 件だけ
除外	日照	自然	1/2	票が 1 件だけ
除外	日用品	交通	1/1	票が 1 件だけ
除外	日程	情報	1/3	票が 1 件だけ; 首位の占有率 33% が閾値未満
除外	日記	食事	1/1	票が 1 件だけ
採用	日誌	健康	3/5	
除外	日間	交通	1/1	品詞から取れる（助数詞可能 → #数量）; 票が 1 件だけ
除外	日陰	自然	1/1	票が 1 件だけ
除外	旨味	食事	2/2	票が 2 件だけ
除外	早口	仕事	1/1	票が 1 件だけ
除外	早朝	法制度	1/1	品詞から取れる（副詞可能 → #時間）; 票が 1 件だけ
除外	早期	健康	9/24	首位の占有率 38% が閾値未満
採用	早期発見	健康	6/8	
除外	早計	努力	1/1	票が 1 件だけ
除外	昆布	食事	1/1	票が 1 件だけ
除外	昆虫	自然	2/2	票が 2 件だけ
除外	昇華	食事	1/1	動作を指す名詞（サ変可能）; 票が 1 件だけ
除外	明るさ	住居	1/1	票が 1 件だけ
除外	明日	交通	2/6	品詞から取れる（副詞可能 → #時間）; 票が 2 件だけ; 首位の占有率 33% が閾値未満
除外	明確化	仕事	2/5	票が 2 件だけ; 首位の占有率 40% が閾値未満
除外	明示	学習	1/2	動作を指す名詞（サ変可能）; 票が 1 件だけ
除外	明記	法制度	2/4	動作を指す名詞（サ変可能）; 票が 2 件だけ
除外	映え	食事	2/2	票が 2 件だけ
除外	映像	情報	2/4	票が 2 件だけ
除外	映画	学習	1/1	票が 1 件だけ
除外	是正	健康	1/1	動作を指す名詞（サ変可能）; 票が 1 件だけ
除外	時々	健康	2/2	品詞から取れる（副詞可能 → #時間）; 票が 2 件だけ
除外	時代	住居	1/3	票が 1 件だけ; 首位の占有率 33% が閾値未満
除外	時刻	情報	1/2	品詞から取れる（副詞可能 → #時間）; 票が 1 件だけ
除外	時期	食事	3/12	品詞から取れる（副詞可能 → #時間）; 首位の占有率 25% が閾値未満
除外	時点	学習	1/2	票が 1 件だけ
除外	時計	自然	1/2	票が 1 件だけ
除外	時間	学習	14/102	品詞から取れる（助数詞可能 → #数量）; 首位の占有率 14% が閾値未満
除外	時間外手当	仕事	1/1	票が 1 件だけ
除外	時間帯	情報	2/15	票が 2 件だけ; 首位の占有率 13% が閾値未満
除外	時間的	仕事	2/4	性質を指す名詞（形状詞可能）; 票が 2 件だけ
除外	時間短縮	食事	1/2	票が 1 件だけ
除外	時間管理	仕事	1/1	票が 1 件だけ
除外	時間軸	学習	1/1	票が 1 件だけ
除外	普及	住居	1/10	動作を指す名詞（サ変可能）; 票が 1 件だけ; 首位の占有率 10% が閾値未満
除外	普段	健康	4/13	品詞から取れる（副詞可能 → #時間）; 首位の占有率 31% が閾値未満
除外	普通	健康	1/3	性質を指す名詞（形状詞可能）; 票が 1 件だけ; 首位の占有率 33% が閾値未満
除外	普遍的	学習	1/1	性質を指す名詞（形状詞可能）; 票が 1 件だけ
除外	景気後退	状態	1/1	票が 1 件だけ
除外	暑さ	自然	1/1	票が 1 件だけ
除外	暖色系	住居	1/1	票が 1 件だけ
除外	暗号	金銭	2/5	票が 2 件だけ; 首位の占有率 40% が閾値未満
除外	暗号化	情報	2/4	票が 2 件だけ
除外	暗記	学習	2/2	動作を指す名詞（サ変可能）; 票が 2 件だけ
除外	曝露	健康	1/1	動作を指す名詞（サ変可能）; 票が 1 件だけ
除外	曲線	学習	2/5	票が 2 件だけ; 首位の占有率 40% が閾値未満
除外	更新	学習	3/13	動作を指す名詞（サ変可能）; 首位の占有率 23% が閾値未満
除外	更新料	交通	1/2	票が 1 件だけ
除外	書き方	仕事	2/3	票が 2 件だけ
除外	書字	学習	1/1	票が 1 件だけ
除外	書籍	学習	1/1	票が 1 件だけ
採用	書面	法制度	3/4	
採用	書類	法制度	10/18	
除外	最低	食事	2/6	性質を指す名詞（形状詞可能）; 票が 2 件だけ; 首位の占有率 33% が閾値未満
除外	最低限	仕事	2/6	票が 2 件だけ; 首位の占有率 33% が閾値未満
除外	最優先	仕事	2/6	票が 2 件だけ; 首位の占有率 33% が閾値未満
除外	最善	家族	1/1	票が 1 件だけ
除外	最大	健康	2/8	票が 2 件だけ; 首位の占有率 25% が閾値未満
除外	最大化	身体	2/4	動作を指す名詞（サ変可能）; 票が 2 件だけ
除外	最大限	食事	4/23	首位の占有率 17% が閾値未満
除外	最小	情報	2/3	票が 2 件だけ
除外	最小化	交通	1/1	動作を指す名詞（サ変可能）; 票が 1 件だけ
除外	最小限	健康	5/16	首位の占有率 31% が閾値未満
除外	最悪	交通	3/3	性質を指す名詞（形状詞可能）
除外	最新	仕事	5/27	首位の占有率 19% が閾値未満
除外	最短距離	交通	1/1	票が 1 件だけ
除外	最終	身体	1/4	票が 1 件だけ; 首位の占有率 25% が閾値未満
除外	最終的	法制度	5/25	性質を指す名詞（形状詞可能）; 首位の占有率 20% が閾値未満
除外	最終確認	学習	1/1	票が 1 件だけ
除外	最適化	交通	6/20	首位の占有率 30% が閾値未満
除外	最適解	情報	1/1	票が 1 件だけ
除外	最重要	法制度	1/3	性質を指す名詞（形状詞可能）; 票が 1 件だけ; 首位の占有率 33% が閾値未満
除外	最高	食事	1/3	性質を指す名詞（形状詞可能）; 票が 1 件だけ; 首位の占有率 33% が閾値未満
除外	月曜日	身体	1/1	品詞から取れる（副詞可能 → #時間）; 票が 1 件だけ
除外	有効性	健康	1/1	票が 1 件だけ
除外	有意	法制度	1/1	性質を指す名詞（形状詞可能）; 票が 1 件だけ
除外	有意差	学習	1/1	票が 1 件だけ
除外	有意義	学習	1/1	性質を指す名詞（形状詞可能）; 票が 1 件だけ
除外	有望	身体	2/5	性質を指す名詞（形状詞可能）; 票が 2 件だけ; 首位の占有率 40% が閾値未満
除外	有機	情報	1/3	票が 1 件だけ; 首位の占有率 33% が閾値未満
採用	有機物	自然	3/4	
除外	有機酸	自然	1/2	票が 1 件だけ
除外	有無	健康	6/18	首位の占有率 33% が閾値未満
除外	有用	健康	3/8	性質を指す名詞（形状詞可能）; 首位の占有率 38% が閾値未満
除外	有給休暇	法制度	2/3	票が 2 件だけ
除外	有罪	法制度	1/1	票が 1 件だけ
除外	有限	自然	1/1	性質を指す名詞（形状詞可能）; 票が 1 件だけ
除外	服用	健康	7/9	動作を指す名詞（サ変可能）
除外	服薬	健康	1/1	動作を指す名詞（サ変可能）; 票が 1 件だけ
除外	服装	学習	1/1	票が 1 件だけ
除外	朝晩	健康	1/2	品詞から取れる（副詞可能 → #時間）; 票が 1 件だけ
除外	朝食	交通	1/2	票が 1 件だけ
除外	期待	健康	10/31	動作を指す名詞（サ変可能）; 首位の占有率 32% が閾値未満
除外	期待値	仕事	1/3	票が 1 件だけ; 首位の占有率 33% が閾値未満
除外	期待感	失敗	1/1	票が 1 件だけ
除外	期日	仕事	1/4	票が 1 件だけ; 首位の占有率 25% が閾値未満
除外	期間	健康	9/35	首位の占有率 26% が閾値未満
除外	期間中	法制度	3/11	首位の占有率 27% が閾値未満
除外	期限	仕事	2/4	票が 2 件だけ
除外	期限内	交通	1/2	票が 1 件だけ
除外	期限切れ	食事	1/1	票が 1 件だけ
除外	木材	住居	1/3	票が 1 件だけ; 首位の占有率 33% が閾値未満
除外	木質	自然	1/1	票が 1 件だけ
除外	未来	学習	1/4	票が 1 件だけ; 首位の占有率 25% が閾値未満
除外	未然	法制度	2/5	票が 2 件だけ; 首位の占有率 40% が閾値未満
除外	未知	自然	2/3	性質を指す名詞（形状詞可能）; 票が 2 件だけ
除外	未解明	自然	1/1	票が 1 件だけ
除外	未解決	法制度	1/1	性質を指す名詞（形状詞可能）; 票が 1 件だけ
除外	末梢	健康	1/1	票が 1 件だけ
除外	末端	情報	1/2	票が 1 件だけ
採用	本人	健康	3/4	
除外	本人確認	情報	1/2	票が 1 件だけ
除外	本人確認書類	交通	1/2	票が 1 件だけ
除外	本体	健康	1/2	票が 1 件だけ
除外	本数	交通	1/1	票が 1 件だけ
除外	本日	仕事	1/1	品詞から取れる（副詞可能 → #時間）; 票が 1 件だけ
除外	本来	情報	2/6	品詞から取れる（副詞可能 → #時間）; 票が 2 件だけ; 首位の占有率 33% が閾値未満
除外	本格的	食事	2/5	性質を指す名詞（形状詞可能）; 票が 2 件だけ; 首位の占有率 40% が閾値未満
除外	本物	情報	1/1	票が 1 件だけ
除外	本番	学習	1/1	票が 1 件だけ
除外	本籍地	法制度	1/1	票が 1 件だけ
除外	本能	自然	2/2	票が 2 件だけ
採用	本質	仕事	3/6	
除外	本質的	仕事	1/1	性質を指す名詞（形状詞可能）; 票が 1 件だけ
除外	本部	法制度	1/1	票が 1 件だけ
除外	材料	自然	2/6	票が 2 件だけ; 首位の占有率 33% が閾値未満
除外	材質	住居	1/1	票が 1 件だけ
除外	条件	法制度	7/23	首位の占有率 30% が閾値未満
除外	条項	法制度	3/7	首位の占有率 43% が閾値未満
除外	来年	仕事	1/2	品詞から取れる（副詞可能 → #時間）; 票が 1 件だけ
除外	来週	学習	1/2	品詞から取れる（副詞可能 → #時間）; 票が 1 件だけ
除外	東南	金銭	1/1	票が 1 件だけ
除外	東名	交通	1/1	票が 1 件だけ
除外	松葉	身体	1/1	票が 1 件だけ
除外	板金	交通	1/1	票が 1 件だけ
除外	枚数	仕事	1/2	票が 1 件だけ
除外	果汁	食事	1/1	票が 1 件だけ
除外	果物	自然	1/3	票が 1 件だけ; 首位の占有率 33% が閾値未満
除外	枠組み	学習	1/1	票が 1 件だけ
除外	枯渇	金銭	1/1	動作を指す名詞（サ変可能）; 票が 1 件だけ
除外	染色	自然	1/1	動作を指す名詞（サ変可能）; 票が 1 件だけ
除外	染色体	健康	1/1	票が 1 件だけ
除外	柔軟性	身体	3/9	首位の占有率 33% が閾値未満
除外	査定	住居	1/1	動作を指す名詞（サ変可能）; 票が 1 件だけ
除外	査読	学習	1/1	動作を指す名詞（サ変可能）; 票が 1 件だけ
除外	栄養	自然	6/18	首位の占有率 33% が閾値未満
除外	栄養価	食事	1/1	票が 1 件だけ
除外	栄養分	自然	1/1	票が 1 件だけ
除外	栄養士	食事	1/1	票が 1 件だけ
採用	栄養素	食事	4/5	
除外	校則	学習	1/1	票が 1 件だけ
除外	校外	交通	1/2	票が 1 件だけ
除外	校正	金銭	1/3	動作を指す名詞（サ変可能）; 票が 1 件だけ; 首位の占有率 33% が閾値未満
除外	校長	学習	1/1	票が 1 件だけ
除外	株主	仕事	1/3	票が 1 件だけ; 首位の占有率 33% が閾値未満
除外	株価	金銭	2/2	票が 2 件だけ
採用	株式	金銭	3/4	
除外	株式市場	金銭	1/1	票が 1 件だけ
除外	核心	学習	2/5	票が 2 件だけ; 首位の占有率 40% が閾値未満
除外	核酸	法制度	1/1	票が 1 件だけ
除外	根元	自然	2/2	票が 2 件だけ
除外	根底	努力	1/1	票が 1 件だけ
除外	根拠	法制度	4/13	首位の占有率 31% が閾値未満
除外	根本	健康	1/2	票が 1 件だけ
除外	根本的	健康	7/23	性質を指す名詞（形状詞可能）; 首位の占有率 30% が閾値未満
採用	根気	健康	3/5	
除外	根腐れ	自然	1/1	票が 1 件だけ
除外	根菜類	食事	1/1	票が 1 件だけ
除外	格差	自然	1/1	票が 1 件だけ
除外	栽培	食事	1/2	動作を指す名詞（サ変可能）; 票が 1 件だけ
除外	案件	仕事	3/8	首位の占有率 38% が閾値未満
除外	梅雨	自然	1/1	票が 1 件だけ
除外	梗塞	身体	2/3	動作を指す名詞（サ変可能）; 票が 2 件だけ
除外	梨状	身体	2/2	票が 2 件だけ
除外	梱包	交通	1/1	動作を指す名詞（サ変可能）; 票が 1 件だけ
除外	棚卸し	金銭	1/1	動作を指す名詞（サ変可能）; 票が 1 件だけ
除外	森林	自然	2/5	票が 2 件だけ; 首位の占有率 40% が閾値未満
除外	椅子	健康	1/1	票が 1 件だけ
採用	植物	自然	4/5	
除外	植物性	自然	2/3	票が 2 件だけ
除外	椎体	身体	2/3	票が 2 件だけ
除外	検出	健康	4/12	動作を指す名詞（サ変可能）; 首位の占有率 33% が閾値未満
除外	検定	情報	1/2	動作を指す名詞（サ変可能）; 票が 1 件だけ
除外	検察官	法制度	1/1	票が 1 件だけ
除外	検査	健康	22/37	動作を指す名詞（サ変可能）
採用	検査結果	健康	7/9	
除外	検知	情報	2/5	動作を指す名詞（サ変可能）; 票が 2 件だけ; 首位の占有率 40% が閾値未満
除外	検索	交通	3/6	動作を指す名詞（サ変可能）
除外	検討	健康	22/104	動作を指す名詞（サ変可能）; 首位の占有率 21% が閾値未満
除外	検討中	情報	1/2	票が 1 件だけ
除外	検診	健康	3/3	動作を指す名詞（サ変可能）
除外	検証	法制度	7/22	動作を指す名詞（サ変可能）; 首位の占有率 32% が閾値未満
除外	検針	法制度	1/1	動作を指す名詞（サ変可能）; 票が 1 件だけ
除外	検針票	法制度	1/1	票が 1 件だけ
除外	業務	仕事	3/9	首位の占有率 33% が閾値未満
除外	業務内容	仕事	2/2	票が 2 件だけ
除外	業務効率	仕事	1/2	票が 1 件だけ
除外	業務効率化	仕事	2/4	票が 2 件だけ
採用	業界	仕事	5/8	
除外	業種	法制度	1/2	票が 1 件だけ
除外	業績	仕事	2/3	票が 2 件だけ
除外	業者	法制度	1/2	票が 1 件だけ
除外	極端	自然	2/6	性質を指す名詞（形状詞可能）; 票が 2 件だけ; 首位の占有率 33% が閾値未満
除外	極限	自然	1/1	票が 1 件だけ
除外	楽しみ	健康	2/5	票が 2 件だけ; 首位の占有率 40% が閾値未満
除外	楽観主義	努力	1/1	票が 1 件だけ
除外	概ね	食事	2/3	品詞から取れる（副詞可能 → #時間）; 票が 2 件だけ
除外	概念	情報	7/28	首位の占有率 25% が閾値未満
除外	概要	法制度	1/1	票が 1 件だけ
除外	概要書	住居	1/2	票が 1 件だけ
除外	構内	交通	2/2	票が 2 件だけ
除外	構図	情報	1/3	票が 1 件だけ; 首位の占有率 33% が閾値未満
除外	構想	金銭	1/2	動作を指す名詞（サ変可能）; 票が 1 件だけ
除外	構成	仕事	4/18	動作を指す名詞（サ変可能）; 首位の占有率 22% が閾値未満
除外	構成要素	身体	1/1	票が 1 件だけ
除外	構文	学習	1/1	票が 1 件だけ
除外	構築	仕事	8/37	動作を指す名詞（サ変可能）; 首位の占有率 22% が閾値未満
除外	構造	自然	8/37	首位の占有率 22% が閾値未満
除外	構造化	家族	1/3	票が 1 件だけ; 首位の占有率 33% が閾値未満
除外	構造物	身体	1/2	票が 1 件だけ
除外	構造的	状態	1/2	票が 1 件だけ
除外	様子	自然	2/6	票が 2 件だけ; 首位の占有率 33% が閾値未満
除外	様式	身体	1/2	票が 1 件だけ
除外	標準	健康	1/3	票が 1 件だけ; 首位の占有率 33% が閾値未満
除外	標準化	健康	1/2	票が 1 件だけ
除外	標準的	情報	2/6	性質を指す名詞（形状詞可能）; 票が 2 件だけ; 首位の占有率 33% が閾値未満
除外	標的	自然	2/4	票が 2 件だけ
除外	標識	法制度	2/3	票が 2 件だけ
除外	標高	食事	1/2	票が 1 件だけ
除外	模倣	交通	1/1	動作を指す名詞（サ変可能）; 票が 1 件だけ
除外	模様	食事	1/1	票が 1 件だけ
除外	模索	金銭	1/3	動作を指す名詞（サ変可能）; 票が 1 件だけ; 首位の占有率 33% が閾値未満
除外	模試	学習	1/1	票が 1 件だけ
除外	権利	法制度	4/11	首位の占有率 36% が閾値未満
除外	権力	学習	1/1	票が 1 件だけ
除外	権限	情報	3/7	首位の占有率 43% が閾値未満
除外	横軸	仕事	1/1	票が 1 件だけ
除外	樹種	自然	1/1	票が 1 件だけ
除外	機会	仕事	8/23	首位の占有率 35% が閾値未満
除外	機体	交通	2/2	票が 2 件だけ
採用	機器	情報	3/5	
除外	機密	情報	1/1	票が 1 件だけ
除外	機序	健康	2/3	票が 2 件だけ
除外	機材	健康	1/2	票が 1 件だけ
除外	機械	健康	2/4	票が 2 件だけ
採用	機械学習	情報	3/5	
除外	機械的	仕事	1/1	性質を指す名詞（形状詞可能）; 票が 1 件だけ
除外	機構	自然	4/9	首位の占有率 44% が閾値未満
除外	機種	食事	1/3	票が 1 件だけ; 首位の占有率 33% が閾値未満
除外	機能	健康	28/91	動作を指す名詞（サ変可能）; 首位の占有率 31% が閾値未満
除外	機能性	住居	1/2	票が 1 件だけ
除外	機能的	自然	1/2	性質を指す名詞（形状詞可能）; 票が 1 件だけ
除外	機関	法制度	3/11	首位の占有率 27% が閾値未満
除外	欠乏	法制度	1/1	動作を指す名詞（サ変可能）; 票が 1 件だけ
除外	欠如	努力	1/4	動作を指す名詞（サ変可能）; 票が 1 件だけ; 首位の占有率 25% が閾値未満
除外	欠損	健康	1/2	動作を指す名詞（サ変可能）; 票が 1 件だけ
除外	欠点	情報	1/3	票が 1 件だけ; 首位の占有率 33% が閾値未満
除外	次世代	金銭	1/4	票が 1 件だけ; 首位の占有率 25% が閾値未満
除外	次元	身体	2/4	票が 2 件だけ
除外	次回	情報	1/5	品詞から取れる（副詞可能 → #時間）; 票が 1 件だけ; 首位の占有率 20% が閾値未満
除外	次第	情報	1/2	品詞から取れる（副詞可能 → #時間）; 票が 1 件だけ
除外	欺瞞	法制度	1/1	動作を指す名詞（サ変可能）; 票が 1 件だけ
除外	止め	健康	2/3	名詞でない（動詞）; 票が 2 件だけ
除外	正則化	情報	2/3	票が 2 件だけ
除外	正常	健康	4/9	性質を指す名詞（形状詞可能）; 首位の占有率 44% が閾値未満
除外	正当化	法制度	2/2	票が 2 件だけ
除外	正確	健康	12/58	性質を指す名詞（形状詞可能）; 首位の占有率 21% が閾値未満
除外	正確性	仕事	1/2	票が 1 件だけ
除外	正義	自然	1/1	品詞から取れる（人名 → #人）; 票が 1 件だけ
除外	正規	情報	1/2	票が 1 件だけ
除外	正規化	情報	2/2	票が 2 件だけ
除外	正解	学習	1/1	動作を指す名詞（サ変可能）; 票が 1 件だけ
除外	武器	仕事	1/3	票が 1 件だけ; 首位の占有率 33% が閾値未満
除外	歩行	状態	1/2	動作を指す名詞（サ変可能）; 票が 1 件だけ
除外	歩行者	交通	2/2	票が 2 件だけ
除外	歪み	交通	1/2	票が 1 件だけ
除外	歯周	健康	1/1	票が 1 件だけ
採用	歴史	学習	3/5	
除外	歴史的	状態	1/1	性質を指す名詞（形状詞可能）; 票が 1 件だけ
除外	死亡	法制度	2/3	動作を指す名詞（サ変可能）; 票が 2 件だけ
除外	死因	法制度	1/1	票が 1 件だけ
除外	死後	法制度	1/1	品詞から取れる（副詞可能 → #時間）; 票が 1 件だけ
除外	死活	身体	1/1	票が 1 件だけ
除外	死滅	自然	1/2	動作を指す名詞（サ変可能）; 票が 1 件だけ
採用	残り	食事	3/6	
除外	残存	健康	1/2	動作を指す名詞（サ変可能）; 票が 1 件だけ
除外	残業代	法制度	1/1	票が 1 件だけ
除外	残業時間	仕事	2/3	票が 2 件だけ
除外	残渣	食事	2/3	票が 2 件だけ
除外	残留	住居	1/2	動作を指す名詞（サ変可能）; 票が 1 件だけ
除外	残量	情報	1/1	票が 1 件だけ
除外	段ボール	交通	1/2	票が 1 件だけ
除外	段差	住居	1/1	票が 1 件だけ
除外	段階	仕事	14/69	首位の占有率 20% が閾値未満
除外	段階的	仕事	1/4	性質を指す名詞（形状詞可能）; 票が 1 件だけ; 首位の占有率 25% が閾値未満
除外	母親	家族	1/1	票が 1 件だけ
除外	毎回	食事	2/7	品詞から取れる（副詞可能 → #時間）; 票が 2 件だけ; 首位の占有率 29% が閾値未満
除外	毎年	交通	1/2	品詞から取れる（副詞可能 → #時間）; 票が 1 件だけ
除外	毎日	健康	3/12	品詞から取れる（副詞可能 → #時間）; 首位の占有率 25% が閾値未満
除外	毎晩	食事	2/3	品詞から取れる（副詞可能 → #時間）; 票が 2 件だけ
除外	毎月	法制度	3/7	品詞から取れる（副詞可能 → #時間）; 首位の占有率 43% が閾値未満
除外	毎週	食事	1/1	品詞から取れる（副詞可能 → #時間）; 票が 1 件だけ
除外	毒性	健康	1/1	票が 1 件だけ
除外	毒物	法制度	1/1	票が 1 件だけ
除外	比率	健康	1/2	票が 1 件だけ
除外	比較	法制度	7/30	動作を指す名詞（サ変可能）; 首位の占有率 23% が閾値未満
除外	比較的	情報	4/22	性質を指す名詞（形状詞可能）; 首位の占有率 18% が閾値未満
除外	毛穴	健康	1/2	票が 1 件だけ
採用	毛髪	法制度	3/3	
除外	氏名	仕事	1/3	票が 1 件だけ; 首位の占有率 33% が閾値未満
除外	民事	交通	1/2	票が 1 件だけ
除外	民族	自然	1/1	票が 1 件だけ
除外	民法	法制度	2/3	票が 2 件だけ
除外	民生委員	交通	1/2	票が 1 件だけ
除外	気候	自然	2/3	票が 2 件だけ
除外	気分	健康	2/4	票が 2 件だけ
除外	気分転換	食事	1/2	動作を指す名詞（サ変可能）; 票が 1 件だけ
除外	気化	住居	1/1	動作を指す名詞（サ変可能）; 票が 1 件だけ
除外	気味	状態	1/4	票が 1 件だけ; 首位の占有率 25% が閾値未満
除外	気圧	自然	1/1	票が 1 件だけ
除外	気孔	自然	1/1	票が 1 件だけ
除外	気持ち	仕事	4/16	首位の占有率 25% が閾値未満
除外	気泡	食事	2/2	票が 2 件だけ
除外	気温	学習	1/1	票が 1 件だけ
除外	気管支	健康	1/2	票が 1 件だけ
除外	気虚	健康	1/1	票が 1 件だけ
除外	気象	自然	2/4	票が 2 件だけ
除外	気象学	自然	1/1	票が 1 件だけ
除外	気象庁	交通	1/2	票が 1 件だけ
除外	気質	食事	1/1	票が 1 件だけ
除外	水はけ	自然	1/1	票が 1 件だけ
除外	水やり	自然	1/1	票が 1 件だけ
除外	水中	自然	2/2	票が 2 件だけ
除外	水冷	食事	1/1	票が 1 件だけ
除外	水分	健康	6/14	首位の占有率 43% が閾値未満
除外	水圧	自然	1/1	票が 1 件だけ
除外	水垢	住居	2/2	票が 2 件だけ
除外	水平	健康	1/1	性質を指す名詞（形状詞可能）; 票が 1 件だけ
除外	水平線	金銭	1/1	票が 1 件だけ
除外	水底	自然	1/1	票が 1 件だけ
除外	水換え	自然	1/1	票が 1 件だけ
除外	水族館	自然	1/1	票が 1 件だけ
除外	水曜日	身体	1/2	品詞から取れる（副詞可能 → #時間）; 票が 1 件だけ
除外	水槽	自然	1/2	票が 1 件だけ
除外	水流	自然	1/1	票が 1 件だけ
除外	水温	食事	2/6	票が 2 件だけ; 首位の占有率 33% が閾値未満
除外	水腎症	健康	1/1	票が 1 件だけ
除外	水蒸気	自然	1/1	票が 1 件だけ
除外	水資源	自然	1/1	票が 1 件だけ
除外	水質	自然	2/2	票が 2 件だけ
除外	水酸化	健康	1/2	動作を指す名詞（サ変可能）; 票が 1 件だけ
除外	求人	仕事	1/1	動作を指す名詞（サ変可能）; 票が 1 件だけ
除外	汎化	情報	2/5	動作を指す名詞（サ変可能）; 票が 2 件だけ; 首位の占有率 40% が閾値未満
除外	汎用性	交通	1/2	票が 1 件だけ
除外	汚れ	住居	2/4	票が 2 件だけ
除外	汚染	自然	3/7	動作を指す名詞（サ変可能）; 首位の占有率 43% が閾値未満
除外	決定	自然	7/26	動作を指す名詞（サ変可能）; 首位の占有率 27% が閾値未満
除外	決定権	健康	2/3	票が 2 件だけ
除外	決定的	仕事	1/2	性質を指す名詞（形状詞可能）; 票が 1 件だけ
除外	決断	住居	1/1	動作を指す名詞（サ変可能）; 票が 1 件だけ
除外	決済	情報	1/2	動作を指す名詞（サ変可能）; 票が 1 件だけ
除外	沈下	自然	1/1	動作を指す名詞（サ変可能）; 票が 1 件だけ
除外	沈降	健康	1/2	動作を指す名詞（サ変可能）; 票が 1 件だけ
除外	油分	食事	1/1	票が 1 件だけ
除外	油圧	交通	1/1	票が 1 件だけ
除外	油汚れ	住居	2/2	票が 2 件だけ
除外	治療	健康	30/39	動作を指す名詞（サ変可能）
採用	治療効果	健康	4/4	
除外	治療薬	健康	1/1	票が 1 件だけ
除外	治療費	交通	1/4	票が 1 件だけ; 首位の占有率 25% が閾値未満
除外	沿岸	自然	1/1	票が 1 件だけ
除外	法則	学習	1/2	票が 1 件だけ
除外	法医学	法制度	1/1	票が 1 件だけ
除外	法定	法制度	1/1	票が 1 件だけ
除外	法廷	法制度	1/1	票が 1 件だけ
除外	法律	仕事	1/4	票が 1 件だけ; 首位の占有率 25% が閾値未満
除外	法規	法制度	1/1	票が 1 件だけ
除外	泛發	健康	1/1	票が 1 件だけ
除外	泡立ち	身体	1/1	票が 1 件だけ
除外	泡立て	身体	1/1	票が 1 件だけ
除外	波及	交通	1/1	動作を指す名詞（サ変可能）; 票が 1 件だけ
除外	波形	健康	1/1	票が 1 件だけ
除外	波浪	自然	1/1	票が 1 件だけ
除外	波浪警報	自然	1/1	票が 1 件だけ
除外	波長	学習	1/1	票が 1 件だけ
除外	注入	健康	1/1	動作を指す名詞（サ変可能）; 票が 1 件だけ
除外	注射	健康	3/4	動作を指す名詞（サ変可能）
除外	注意	健康	19/90	動作を指す名詞（サ変可能）; 首位の占有率 21% が閾値未満
除外	注意点	法制度	3/11	首位の占有率 27% が閾値未満
除外	注文	交通	3/7	動作を指す名詞（サ変可能）; 首位の占有率 43% が閾値未満
除外	注文履歴	情報	1/1	票が 1 件だけ
除外	注目	健康	9/46	動作を指す名詞（サ変可能）; 首位の占有率 20% が閾値未満
除外	注視	金銭	1/1	動作を指す名詞（サ変可能）; 票が 1 件だけ
除外	洗い	身体	2/3	票が 2 件だけ
除外	洗い出し	法制度	1/1	票が 1 件だけ
除外	洗い方	身体	1/1	票が 1 件だけ
採用	洗剤	住居	3/5	
除外	洗浄	食事	1/4	動作を指す名詞（サ変可能）; 票が 1 件だけ; 首位の占有率 25% が閾値未満
除外	洗浄液	住居	1/1	票が 1 件だけ
除外	洗濯	住居	4/6	動作を指す名詞（サ変可能）
除外	洗濯物	金銭	1/2	票が 1 件だけ
除外	洗練	住居	2/8	動作を指す名詞（サ変可能）; 票が 2 件だけ; 首位の占有率 25% が閾値未満
除外	洗脳	法制度	1/1	動作を指す名詞（サ変可能）; 票が 1 件だけ
除外	洗顔料	健康	1/2	票が 1 件だけ
除外	洞察	学習	1/1	動作を指す名詞（サ変可能）; 票が 1 件だけ
除外	洪水	交通	1/3	票が 1 件だけ; 首位の占有率 33% が閾値未満
除外	活動	健康	8/32	動作を指す名詞（サ変可能）; 首位の占有率 25% が閾値未満
除外	活動性	身体	1/1	票が 1 件だけ
除外	活動量	食事	1/3	票が 1 件だけ; 首位の占有率 33% が閾値未満
除外	活性	自然	3/5	動作を指す名詞（サ変可能）
除外	活性化	健康	4/13	首位の占有率 31% が閾値未満
除外	活性炭	住居	1/1	票が 1 件だけ
除外	活気	食事	1/1	票が 1 件だけ
除外	活用	学習	10/77	動作を指す名詞（サ変可能）; 首位の占有率 13% が閾値未満
除外	活発化	金銭	1/2	票が 1 件だけ
除外	活躍	仕事	1/1	動作を指す名詞（サ変可能）; 票が 1 件だけ
除外	派生	状態	1/1	動作を指す名詞（サ変可能）; 票が 1 件だけ
除外	派遣	健康	1/1	動作を指す名詞（サ変可能）; 票が 1 件だけ
除外	流し	身体	1/1	票が 1 件だけ
除外	流れ	仕事	6/26	首位の占有率 23% が閾値未満
除外	流体	自然	1/1	票が 1 件だけ
除外	流入	健康	1/1	動作を指す名詞（サ変可能）; 票が 1 件だけ
除外	流動性	金銭	1/3	票が 1 件だけ; 首位の占有率 33% が閾値未満
除外	流線形	自然	1/1	票が 1 件だけ
除外	流行	健康	1/1	動作を指す名詞（サ変可能）; 票が 1 件だけ
除外	流通	金銭	1/3	動作を指す名詞（サ変可能）; 票が 1 件だけ; 首位の占有率 33% が閾値未満
除外	浄化	自然	1/1	動作を指す名詞（サ変可能）; 票が 1 件だけ
除外	浪費	金銭	1/1	動作を指す名詞（サ変可能）; 票が 1 件だけ
除外	浮き彫り	仕事	1/1	票が 1 件だけ
除外	浮動	自然	1/1	動作を指す名詞（サ変可能）; 票が 1 件だけ
除外	浮遊	法制度	1/2	動作を指す名詞（サ変可能）; 票が 1 件だけ
除外	浴室	住居	1/1	票が 1 件だけ
除外	海外	法制度	1/2	票が 1 件だけ
除外	海外旅行保険	法制度	1/2	票が 1 件だけ
除外	海岸線	自然	1/1	票が 1 件だけ
除外	海底	自然	1/1	票が 1 件だけ
採用	海洋	自然	5/6	
除外	海流	自然	1/1	票が 1 件だけ
除外	海苔	食事	1/1	票が 1 件だけ
除外	海藻	自然	1/1	票が 1 件だけ
採用	海面	自然	3/3	
除外	浸水	自然	1/1	動作を指す名詞（サ変可能）; 票が 1 件だけ
除外	浸潤	健康	1/1	動作を指す名詞（サ変可能）; 票が 1 件だけ
除外	浸透	健康	1/4	動作を指す名詞（サ変可能）; 票が 1 件だけ; 首位の占有率 25% が閾値未満
除外	浸透力	住居	1/1	票が 1 件だけ
除外	消化	食事	2/6	動作を指す名詞（サ変可能）; 票が 2 件だけ; 首位の占有率 33% が閾値未満
除外	消失	法制度	3/6	動作を指す名詞（サ変可能）
除外	消火	学習	1/1	動作を指す名詞（サ変可能）; 票が 1 件だけ
除外	消耗品	金銭	1/1	票が 1 件だけ
除外	消費	自然	2/8	動作を指す名詞（サ変可能）; 票が 2 件だけ; 首位の占有率 25% が閾値未満
除外	消費者	状態	1/3	票が 1 件だけ; 首位の占有率 33% が閾値未満
除外	消費量	自然	1/2	票が 1 件だけ
除外	液中	健康	1/1	票が 1 件だけ
除外	液体	健康	1/1	票が 1 件だけ
除外	深さ	法制度	1/3	票が 1 件だけ; 首位の占有率 33% が閾値未満
除外	深み	仕事	1/1	票が 1 件だけ
除外	深呼吸	健康	1/1	動作を指す名詞（サ変可能）; 票が 1 件だけ
除外	深層	法制度	1/2	票が 1 件だけ
除外	深層学習	移動	1/1	票が 1 件だけ
除外	深海	自然	2/2	票が 2 件だけ
除外	深部	健康	1/1	票が 1 件だけ
除外	混乱	健康	5/18	動作を指す名詞（サ変可能）; 首位の占有率 28% が閾値未満
除外	混入	金銭	1/1	動作を指す名詞（サ変可能）; 票が 1 件だけ
除外	混合	学習	1/2	動作を指す名詞（サ変可能）; 票が 1 件だけ
除外	混同	健康	1/1	動作を指す名詞（サ変可能）; 票が 1 件だけ
除外	混在	食事	1/1	動作を指す名詞（サ変可能）; 票が 1 件だけ
除外	混雑	交通	2/4	動作を指す名詞（サ変可能）; 票が 2 件だけ
除外	添付	住居	1/1	動作を指す名詞（サ変可能）; 票が 1 件だけ
除外	添付資料	仕事	1/1	票が 1 件だけ
除外	添加	食事	2/3	動作を指す名詞（サ変可能）; 票が 2 件だけ
除外	清掃	金銭	1/3	動作を指す名詞（サ変可能）; 票が 1 件だけ; 首位の占有率 33% が閾値未満
除外	清浄	住居	1/1	性質を指す名詞（形状詞可能）; 票が 1 件だけ
除外	清潔	健康	2/4	性質を指す名詞（形状詞可能）; 票が 2 件だけ
除外	清潔感	学習	1/2	票が 1 件だけ
除外	渋滞	交通	3/4	動作を指す名詞（サ変可能）
除外	減価償却費	金銭	1/1	票が 1 件だけ
除外	減少	健康	4/14	動作を指す名詞（サ変可能）; 首位の占有率 29% が閾値未満
除外	減給	仕事	1/1	動作を指す名詞（サ変可能）; 票が 1 件だけ
除外	減衰	自然	1/1	動作を指す名詞（サ変可能）; 票が 1 件だけ
除外	減速	金銭	1/2	動作を指す名詞（サ変可能）; 票が 1 件だけ
除外	減量	健康	1/1	動作を指す名詞（サ変可能）; 票が 1 件だけ
除外	減額	情報	1/3	動作を指す名詞（サ変可能）; 票が 1 件だけ; 首位の占有率 33% が閾値未満
除外	渡り	自然	1/1	名詞でない（動詞）; 票が 1 件だけ
除外	渡り鳥	自然	1/1	票が 1 件だけ
除外	渡航	法制度	1/2	動作を指す名詞（サ変可能）; 票が 1 件だけ
除外	渡航先	法制度	1/1	票が 1 件だけ
除外	渡航手続き	法制度	1/1	票が 1 件だけ
除外	温かみ	住居	1/1	票が 1 件だけ
除外	温室	自然	1/1	票が 1 件だけ
除外	温度	食事	8/18	首位の占有率 44% が閾値未満
除外	温度計	食事	1/1	票が 1 件だけ
採用	温暖化	自然	3/3	
除外	測定	健康	15/30	動作を指す名詞（サ変可能）
除外	測量	交通	1/1	動作を指す名詞（サ変可能）; 票が 1 件だけ
除外	湿布	健康	1/1	動作を指す名詞（サ変可能）; 票が 1 件だけ
除外	湿度	食事	2/4	票が 2 件だけ
除外	湿気	住居	1/1	票が 1 件だけ
除外	湿疹	健康	1/1	票が 1 件だけ
除外	満ち引き	自然	1/1	票が 1 件だけ
除外	満員	交通	1/1	票が 1 件だけ
除外	満足	努力	1/2	動作を指す名詞（サ変形状詞可能）; 票が 1 件だけ
除外	満足度	食事	1/2	票が 1 件だけ
除外	源泉徴収	金銭	2/2	票が 2 件だけ
除外	源泉徴収票	住居	1/1	票が 1 件だけ
除外	準備	仕事	6/26	動作を指す名詞（サ変可能）; 首位の占有率 23% が閾値未満
除外	準備運動	学習	1/1	票が 1 件だけ
除外	準拠	仕事	2/6	動作を指す名詞（サ変可能）; 票が 2 件だけ; 首位の占有率 33% が閾値未満
除外	溶液	住居	1/1	票が 1 件だけ
除外	溶解	健康	1/1	動作を指す名詞（サ変可能）; 票が 1 件だけ
除外	滑り	身体	1/1	票が 1 件だけ
除外	滞在	交通	1/1	動作を指す名詞（サ変可能）; 票が 1 件だけ
除外	滞留	交通	1/1	動作を指す名詞（サ変可能）; 票が 1 件だけ
除外	滞納	金銭	1/2	動作を指す名詞（サ変可能）; 票が 1 件だけ
除外	滲出	身体	1/1	動作を指す名詞（サ変可能）; 票が 1 件だけ
除外	漁業	自然	1/1	票が 1 件だけ
除外	漁獲	自然	1/2	動作を指す名詞（サ変可能）; 票が 1 件だけ
除外	漁獲量	自然	1/1	票が 1 件だけ
除外	漏れ	仕事	1/1	票が 1 件だけ
除外	漏洩	情報	1/2	動作を指す名詞（サ変可能）; 票が 1 件だけ
除外	演出	住居	2/3	動作を指す名詞（サ変可能）; 票が 2 件だけ
除外	演奏	身体	1/1	動作を指す名詞（サ変可能）; 票が 1 件だけ
除外	演習	学習	2/2	動作を指す名詞（サ変可能）; 票が 2 件だけ
除外	漢方薬	健康	2/2	票が 2 件だけ
除外	漬物	家族	1/1	票が 1 件だけ
除外	潜伏期	健康	1/1	票が 1 件だけ
除外	潜在	情報	1/2	動作を指す名詞（サ変可能）; 票が 1 件だけ
除外	潜在的	仕事	2/7	性質を指す名詞（形状詞可能）; 票が 2 件だけ; 首位の占有率 29% が閾値未満
除外	潤滑	交通	1/2	票が 1 件だけ
除外	潤滑油	身体	1/1	票が 1 件だけ
除外	潮汐	自然	1/1	票が 1 件だけ
除外	潮流	自然	1/1	票が 1 件だけ
除外	潮目	自然	1/1	票が 1 件だけ
除外	激化	自然	1/1	動作を指す名詞（サ変可能）; 票が 1 件だけ
除外	濃度	自然	2/6	票が 2 件だけ; 首位の占有率 33% が閾値未満
除外	濃淡	法制度	1/1	票が 1 件だけ
除外	濃縮	食事	1/1	動作を指す名詞（サ変可能）; 票が 1 件だけ
除外	火山	自然	1/1	票が 1 件だけ
除外	火曜日	住居	1/1	品詞から取れる（副詞可能 → #時間）; 票が 1 件だけ
除外	火災	法制度	1/5	票が 1 件だけ; 首位の占有率 20% が閾値未満
除外	火炎	法制度	1/1	票が 1 件だけ
除外	災害	自然	1/3	票が 1 件だけ; 首位の占有率 33% が閾値未満
採用	炎症	健康	12/22	
除外	炒め物	食事	1/1	票が 1 件だけ
除外	炭水化物	食事	2/4	票が 2 件だけ
除外	炭素	自然	2/2	票が 2 件だけ
除外	点数	健康	1/1	票が 1 件だけ
除外	点検	交通	3/3	動作を指す名詞（サ変可能）
除外	点滴	健康	1/1	票が 1 件だけ
除外	点鼻薬	健康	1/1	票が 1 件だけ
除外	焙煎	食事	1/1	動作を指す名詞（サ変可能）; 票が 1 件だけ
除外	無二	金銭	1/2	票が 1 件だけ
除外	無償	情報	1/1	票が 1 件だけ
除外	無効	法制度	1/1	性質を指す名詞（形状詞可能）; 票が 1 件だけ
除外	無形	金銭	1/1	票が 1 件だけ
除外	無意味	交通	1/1	性質を指す名詞（形状詞可能）; 票が 1 件だけ
除外	無意識	失敗	1/1	性質を指す名詞（形状詞可能）; 票が 1 件だけ
除外	無料	情報	2/6	票が 2 件だけ; 首位の占有率 33% が閾値未満
除外	無機	自然	1/1	票が 1 件だけ
除外	無理	健康	5/24	性質を指す名詞（形状詞可能）; 首位の占有率 21% が閾値未満
除外	無線	情報	1/1	票が 1 件だけ
除外	無視	情報	2/14	動作を指す名詞（サ変可能）; 票が 2 件だけ; 首位の占有率 14% が閾値未満
除外	無限	食事	1/1	性質を指す名詞（形状詞可能）; 票が 1 件だけ
除外	無駄	金銭	2/3	性質を指す名詞（形状詞可能）; 票が 2 件だけ
除外	焦げ付き	食事	1/2	票が 1 件だけ
除外	焦り	法制度	1/1	票が 1 件だけ
除外	焦点	仕事	2/7	票が 2 件だけ; 首位の占有率 29% が閾値未満
除外	焼き上がり	食事	2/2	票が 2 件だけ
除外	焼き色	食事	1/1	票が 1 件だけ
除外	照り焼き	食事	1/1	票が 1 件だけ
除外	照合	法制度	1/1	動作を指す名詞（サ変可能）; 票が 1 件だけ
除外	照射	健康	2/4	動作を指す名詞（サ変可能）; 票が 2 件だけ
除外	照度	住居	1/1	票が 1 件だけ
除外	照明	住居	1/5	動作を指す名詞（サ変可能）; 票が 1 件だけ; 首位の占有率 20% が閾値未満
除外	煩雑	情報	1/3	性質を指す名詞（形状詞可能）; 票が 1 件だけ; 首位の占有率 33% が閾値未満
除外	煮物	食事	1/1	票が 1 件だけ
除外	熟成	食事	2/2	動作を指す名詞（サ変可能）; 票が 2 件だけ
除外	熟読	学習	1/1	動作を指す名詞（サ変可能）; 票が 1 件だけ
除外	熱中症	自然	1/1	票が 1 件だけ
除外	熱帯	自然	1/1	票が 1 件だけ
除外	熱帯魚	自然	2/2	票が 2 件だけ
除外	熱意	仕事	1/2	票が 1 件だけ
除外	熱感	健康	1/1	票が 1 件だけ
除外	熱気	住居	1/1	票が 1 件だけ
除外	熱電	学習	1/1	票が 1 件だけ
除外	燃料	法制度	1/3	票が 1 件だけ; 首位の占有率 33% が閾値未満
除外	燃料費	法制度	1/1	票が 1 件だけ
除外	燃焼	法制度	1/2	動作を指す名詞（サ変可能）; 票が 1 件だけ
除外	燃焼室	交通	1/1	票が 1 件だけ
採用	燃費	交通	3/5	
除外	爆炒	食事	1/1	票が 1 件だけ
除外	爪切り	住居	1/1	票が 1 件だけ
除外	爬虫類	自然	1/1	票が 1 件だけ
除外	牛乳	住居	1/1	票が 1 件だけ
除外	牧草	自然	1/1	票が 1 件だけ
採用	物件	住居	4/5	
除外	物体	法制度	1/2	票が 1 件だけ
除外	物価	状態	1/1	票が 1 件だけ
除外	物差し	学習	1/1	票が 1 件だけ
除外	物流	金銭	1/3	票が 1 件だけ; 首位の占有率 33% が閾値未満
採用	物理	自然	3/5	
除外	物理学的	身体	1/1	性質を指す名詞（形状詞可能）; 票が 1 件だけ
除外	物理的	情報	2/9	性質を指す名詞（形状詞可能）; 票が 2 件だけ; 首位の占有率 22% が閾値未満
除外	物語	学習	1/2	票が 1 件だけ
除外	物質	健康	8/22	首位の占有率 36% が閾値未満
除外	特化	金銭	2/5	動作を指す名詞（サ変可能）; 票が 2 件だけ; 首位の占有率 40% が閾値未満
除外	特定	健康	18/85	動作を指す名詞（サ変可能）; 首位の占有率 21% が閾値未満
除外	特徴	健康	6/28	首位の占有率 21% が閾値未満
除外	特徴的	自然	1/2	性質を指す名詞（形状詞可能）; 票が 1 件だけ
採用	特徴量	情報	3/4	
除外	特急	交通	1/1	票が 1 件だけ
除外	特性	学習	5/25	首位の占有率 20% が閾値未満
除外	特異	自然	1/2	性質を指す名詞（形状詞可能）; 票が 1 件だけ
除外	特異性	健康	1/2	票が 1 件だけ
除外	特約	交通	2/6	動作を指す名詞（サ変可能）; 票が 2 件だけ; 首位の占有率 33% が閾値未満
除外	犠牲	情報	2/2	票が 2 件だけ
採用	犯人	法制度	7/7	
採用	犯罪	法制度	6/7	
除外	犯罪人	法制度	1/1	票が 1 件だけ
除外	犯罪者	法制度	2/3	票が 2 件だけ
採用	犯行	法制度	5/5	
除外	状態	健康	33/94	首位の占有率 35% が閾値未満
除外	状況	法制度	19/123	首位の占有率 15% が閾値未満
除外	状況下	情報	1/2	票が 1 件だけ
除外	狩り	自然	1/1	票が 1 件だけ
除外	独立	法制度	1/1	動作を指す名詞（サ変形状詞可能）; 票が 1 件だけ
除外	独立性	仕事	1/1	票が 1 件だけ
除外	狭窄	健康	4/5	性質を指す名詞（形状詞可能）
除外	猫背	身体	1/3	票が 1 件だけ; 首位の占有率 33% が閾値未満
除外	献立	食事	1/2	票が 1 件だけ
除外	献血	身体	1/1	動作を指す名詞（サ変可能）; 票が 1 件だけ
除外	獲得	仕事	5/12	動作を指す名詞（サ変可能）; 首位の占有率 42% が閾値未満
採用	獲物	自然	3/3	
除外	玄関	住居	1/1	票が 1 件だけ
除外	率先	自然	1/1	動作を指す名詞（サ変可能）; 票が 1 件だけ
採用	玉ねぎ	食事	3/3	
除外	珪藻	自然	1/1	票が 1 件だけ
除外	現代	学習	2/6	品詞から取れる（副詞可能 → #時間）; 票が 2 件だけ; 首位の占有率 33% が閾値未満
除外	現代的	食事	1/1	性質を指す名詞（形状詞可能）; 票が 1 件だけ
除外	現在	法制度	4/19	品詞から取れる（副詞可能 → #時間）; 首位の占有率 21% が閾値未満
除外	現地	仕事	1/4	票が 1 件だけ; 首位の占有率 25% が閾値未満
除外	現場	法制度	8/18	首位の占有率 44% が閾値未満
除外	現実	法制度	2/4	票が 2 件だけ
除外	現実的	仕事	3/9	性質を指す名詞（形状詞可能）; 首位の占有率 33% が閾値未満
除外	現時点	学習	1/1	票が 1 件だけ
除外	現状	仕事	8/20	首位の占有率 40% が閾値未満
除外	現象	自然	5/24	首位の占有率 21% が閾値未満
除外	現金	法制度	1/1	票が 1 件だけ
除外	球数	健康	2/3	票が 2 件だけ
除外	理念	法制度	1/4	票が 1 件だけ; 首位の占有率 25% が閾値未満
除外	理想	食事	2/10	票が 2 件だけ; 首位の占有率 20% が閾値未満
除外	理想的	食事	6/24	性質を指す名詞（形状詞可能）; 首位の占有率 25% が閾値未満
除外	理想論	仕事	1/1	票が 1 件だけ
除外	理由	仕事	4/16	首位の占有率 25% が閾値未満
除外	理由書	法制度	1/1	票が 1 件だけ
除外	理科室	学習	1/1	票が 1 件だけ
除外	理系	学習	1/1	票が 1 件だけ
除外	理解	学習	21/120	動作を指す名詞（サ変可能）; 首位の占有率 18% が閾値未満
採用	理解度	学習	6/6	
採用	理論	学習	7/14	
除外	理論的	学習	2/3	性質を指す名詞（形状詞可能）; 票が 2 件だけ
除外	環境	自然	14/74	首位の占有率 19% が閾値未満
除外	環境変化	自然	1/2	票が 1 件だけ
除外	甘み	食事	2/2	票が 2 件だけ
除外	甘草	健康	1/1	票が 1 件だけ
除外	甜麺醤	食事	1/1	票が 1 件だけ
除外	生体	情報	1/1	票が 1 件だけ
除外	生前	金銭	1/1	品詞から取れる（副詞可能 → #時間）; 票が 1 件だけ
除外	生化学	法制度	1/1	票が 1 件だけ
除外	生命	自然	2/5	票が 2 件だけ; 首位の占有率 40% が閾値未満
除外	生命保険	金銭	1/1	票が 1 件だけ
採用	生地	食事	4/5	
除外	生存	自然	5/8	動作を指す名詞（サ変可能）
除外	生存率	食事	1/1	票が 1 件だけ
採用	生徒	学習	5/8	
除外	生徒会	仕事	1/2	票が 1 件だけ
除外	生徒指導	学習	2/3	票が 2 件だけ
除外	生息	自然	4/5	動作を指す名詞（サ変可能）
除外	生息地	自然	2/2	票が 2 件だけ
採用	生態	自然	3/3	
除外	生態学	自然	2/2	票が 2 件だけ
採用	生態系	自然	6/7	
除外	生成	情報	7/21	動作を指す名詞（サ変可能）; 首位の占有率 33% が閾値未満
除外	生成AI	情報	1/2	票が 1 件だけ
除外	生活	健康	9/20	動作を指す名詞（サ変可能）; 首位の占有率 45% が閾値未満
除外	生活様式	自然	1/1	票が 1 件だけ
採用	生活習慣	健康	7/12	
除外	生活習慣病	健康	1/2	票が 1 件だけ
採用	生物	自然	6/8	
除外	生物学	自然	1/1	票が 1 件だけ
除外	生理	自然	2/3	票が 2 件だけ
除外	生理学	身体	2/4	票が 2 件だけ
除外	生理的	健康	1/1	性質を指す名詞（形状詞可能）; 票が 1 件だけ
除外	生理食塩水	健康	1/1	票が 1 件だけ
除外	生産	自然	2/4	動作を指す名詞（サ変可能）; 票が 2 件だけ
除外	生産性	仕事	2/2	票が 2 件だけ
除外	生産者	自然	1/1	票が 1 件だけ
除外	生産量	自然	1/2	票が 1 件だけ
除外	生育	自然	6/6	動作を指す名詞（サ変可能）
除外	生菌	食事	1/1	票が 1 件だけ
除外	生薬	健康	1/1	票が 1 件だけ
除外	産地	食事	1/1	票が 1 件だけ
除外	産業	自然	2/3	票が 2 件だけ
除外	産業医	仕事	1/1	票が 1 件だけ
除外	産生	健康	3/8	動作を指す名詞（サ変可能）; 首位の占有率 38% が閾値未満
除外	用品	住居	1/1	票が 1 件だけ
除外	用意	情報	2/11	動作を指す名詞（サ変可能）; 票が 2 件だけ; 首位の占有率 18% が閾値未満
除外	用法	身体	1/3	票が 1 件だけ; 首位の占有率 33% が閾値未満
除外	用語	金銭	3/12	首位の占有率 25% が閾値未満
除外	用途	法制度	3/11	首位の占有率 27% が閾値未満
除外	用量	健康	2/4	票が 2 件だけ
除外	由来	食事	1/4	動作を指す名詞（サ変可能）; 票が 1 件だけ; 首位の占有率 25% が閾値未満
除外	甲殻類	健康	1/1	票が 1 件だけ
除外	甲状腺	健康	1/1	票が 1 件だけ
除外	申し訳	金銭	1/1	票が 1 件だけ
除外	申告	金銭	2/6	動作を指す名詞（サ変可能）; 票が 2 件だけ; 首位の占有率 33% が閾値未満
除外	申告書	金銭	1/3	票が 1 件だけ; 首位の占有率 33% が閾値未満
除外	申請	法制度	3/8	動作を指す名詞（サ変可能）; 首位の占有率 38% が閾値未満
除外	申請方法	法制度	2/2	票が 2 件だけ
除外	申請時	金銭	1/3	票が 1 件だけ; 首位の占有率 33% が閾値未満
除外	申請書	法制度	2/4	票が 2 件だけ
除外	申請書類	健康	1/1	票が 1 件だけ
除外	申請状況	法制度	1/1	票が 1 件だけ
採用	男性	健康	4/5	
除外	画像	健康	6/13	首位の占有率 46% が閾値未満
除外	画像データ	情報	1/1	票が 1 件だけ
除外	画期的	身体	1/1	性質を指す名詞（形状詞可能）; 票が 1 件だけ
採用	画質	情報	3/3	
除外	画面	情報	1/5	票が 1 件だけ; 首位の占有率 20% が閾値未満
除外	留学	学習	1/1	動作を指す名詞（サ変可能）; 票が 1 件だけ
除外	番号	情報	1/4	票が 1 件だけ; 首位の占有率 25% が閾値未満
除外	番組	食事	1/1	票が 1 件だけ
除外	異動手続き	法制度	1/1	票が 1 件だけ
除外	異変	食事	1/1	票が 1 件だけ
除外	異常	健康	11/19	性質を指す名詞（形状詞可能）
除外	異文化	仕事	1/2	票が 1 件だけ
除外	異物	健康	1/3	票が 1 件だけ; 首位の占有率 33% が閾値未満
除外	畳み込み	情報	2/3	票が 2 件だけ
除外	疎外	学習	1/1	動作を指す名詞（サ変可能）; 票が 1 件だけ
除外	疑い	健康	4/11	首位の占有率 36% が閾値未満
除外	疑問	健康	3/17	首位の占有率 18% が閾値未満
除外	疑問点	学習	3/9	首位の占有率 33% が閾値未満
除外	疑念	家族	1/1	票が 1 件だけ
除外	疲れ	家族	1/1	票が 1 件だけ
除外	疲労	状態	1/4	動作を指す名詞（サ変可能）; 票が 1 件だけ; 首位の占有率 25% が閾値未満
採用	疼痛	健康	4/4	
採用	疾患	健康	10/15	
除外	病害	自然	2/2	票が 2 件だけ
除外	病態	健康	2/2	票が 2 件だけ
除外	病気	健康	7/10	動作を指す名詞（サ変可能）
除外	病状	健康	1/1	票が 1 件だけ
除外	病理	健康	2/2	票が 2 件だけ
除外	病院	健康	5/11	既に辞書にある; 首位の占有率 45% が閾値未満
除外	症例	法制度	1/2	票が 1 件だけ
採用	症候群	健康	7/7	
採用	症状	健康	26/36	
除外	痒み	身体	1/2	票が 1 件だけ
採用	痕跡	法制度	4/4	
採用	痛み	健康	8/16	
除外	痛感	情報	1/3	動作を指す名詞（サ変可能）; 票が 1 件だけ; 首位の占有率 33% が閾値未満
除外	痛覚	健康	1/1	票が 1 件だけ
採用	療法	健康	10/16	
除外	療養	金銭	2/3	動作を指す名詞（サ変可能）; 票が 2 件だけ
除外	発令	自然	1/1	動作を指す名詞（サ変可能）; 票が 1 件だけ
除外	発信	健康	2/4	動作を指す名詞（サ変可能）; 票が 2 件だけ
除外	発展	仕事	2/11	動作を指す名詞（サ変可能）; 票が 2 件だけ; 首位の占有率 18% が閾値未満
除外	発想	仕事	2/5	動作を指す名詞（サ変可能）; 票が 2 件だけ; 首位の占有率 40% が閾値未満
除外	発揮	食事	1/1	動作を指す名詞（サ変可能）; 票が 1 件だけ
除外	発散	学習	1/1	動作を指す名詞（サ変可能）; 票が 1 件だけ
除外	発汗	健康	2/2	動作を指す名詞（サ変可能）; 票が 2 件だけ
除外	発注	交通	1/1	動作を指す名詞（サ変可能）; 票が 1 件だけ
除外	発熱	健康	2/3	動作を指す名詞（サ変可能）; 票が 2 件だけ
除外	発現	自然	4/7	動作を指す名詞（サ変可能）
除外	発生	法制度	8/53	動作を指す名詞（サ変可能）; 首位の占有率 15% が閾値未満
除外	発生学	自然	1/1	票が 1 件だけ
除外	発生源	法制度	1/1	票が 1 件だけ
除外	発疹	健康	1/1	動作を指す名詞（サ変可能）; 票が 1 件だけ
除外	発症	健康	3/4	動作を指す名詞（サ変可能）
除外	発行	法制度	5/11	動作を指す名詞（サ変可能）; 首位の占有率 45% が閾値未満
除外	発表	学習	4/11	動作を指す名詞（サ変可能）; 首位の占有率 36% が閾値未満
除外	発見	仕事	3/14	動作を指す名詞（サ変可能）; 首位の占有率 21% が閾値未満
除外	発言	仕事	3/3	動作を指す名詞（サ変可能）
除外	発達	学習	5/14	動作を指す名詞（サ変可能）; 首位の占有率 36% が閾値未満
除外	発酵	食事	4/5	動作を指す名詞（サ変可能）
除外	発電	自然	1/1	動作を指す名詞（サ変可能）; 票が 1 件だけ
除外	発電所	自然	2/2	票が 2 件だけ
除外	発音	学習	1/1	動作を指す名詞（サ変可能）; 票が 1 件だけ
除外	登場	情報	4/9	動作を指す名詞（サ変可能）; 首位の占有率 44% が閾値未満
除外	登記	法制度	2/3	動作を指す名詞（サ変可能）; 票が 2 件だけ
除外	登録	交通	1/5	動作を指す名詞（サ変可能）; 票が 1 件だけ; 首位の占有率 20% が閾値未満
除外	白血	健康	2/3	票が 2 件だけ
除外	的外れ	仕事	1/1	性質を指す名詞（形状詞可能）; 票が 1 件だけ
除外	皮脂	健康	1/2	票が 1 件だけ
採用	皮膚	健康	5/9	
除外	皮膚炎	身体	2/3	票が 2 件だけ
除外	皮膚科	身体	2/3	票が 2 件だけ
除外	皮膚科医	健康	2/3	票が 2 件だけ
除外	盗用	学習	1/1	動作を指す名詞（サ変可能）; 票が 1 件だけ
除外	盗難	法制度	2/4	票が 2 件だけ
除外	盛り付け	食事	1/1	票が 1 件だけ
除外	監査	情報	2/3	動作を指す名詞（サ変可能）; 票が 2 件だけ
除外	監視	情報	1/3	動作を指す名詞（サ変可能）; 票が 1 件だけ; 首位の占有率 33% が閾値未満
除外	目やに	健康	1/1	票が 1 件だけ
除外	目安	食事	7/19	首位の占有率 37% が閾値未満
除外	目撃者	法制度	2/3	票が 2 件だけ
除外	目標	学習	8/32	首位の占有率 25% が閾値未満
除外	目標値	交通	1/1	票が 1 件だけ
除外	目標設定	仕事	2/9	票が 2 件だけ; 首位の占有率 22% が閾値未満
除外	目標達成	仕事	3/7	首位の占有率 43% が閾値未満
除外	目的	健康	6/23	首位の占有率 26% が閾値未満
除外	目袋	食事	1/1	票が 1 件だけ
除外	目視	交通	1/1	票が 1 件だけ
除外	目覚まし	状態	1/1	票が 1 件だけ
除外	盲検	健康	1/1	票が 1 件だけ
除外	直前	学習	1/1	品詞から取れる（副詞可能 → #時間）; 票が 1 件だけ
除外	直射日光	自然	1/1	票が 1 件だけ
除外	直後	食事	2/5	品詞から取れる（副詞可能 → #時間）; 票が 2 件だけ; 首位の占有率 40% が閾値未満
除外	直感的	情報	3/6	性質を指す名詞（形状詞可能）
除外	直接的	自然	3/11	性質を指す名詞（形状詞可能）; 首位の占有率 27% が閾値未満
除外	直結	自然	1/1	動作を指す名詞（サ変可能）; 票が 1 件だけ
除外	直面	努力	1/1	動作を指す名詞（サ変可能）; 票が 1 件だけ
採用	相互	学習	4/6	
除外	相互作用	自然	6/15	動作を指す名詞（サ変可能）; 首位の占有率 40% が閾値未満
除外	相反	仕事	1/2	票が 1 件だけ
除外	相場	住居	1/2	票が 1 件だけ
除外	相変わらず	家族	1/1	品詞から取れる（副詞可能 → #時間）; 票が 1 件だけ
除外	相対	金銭	1/1	票が 1 件だけ
除外	相対性理論	学習	1/1	票が 1 件だけ
除外	相対的	健康	1/3	性質を指す名詞（形状詞可能）; 票が 1 件だけ; 首位の占有率 33% が閾値未満
除外	相性	食事	2/6	票が 2 件だけ; 首位の占有率 33% が閾値未満
除外	相手	仕事	5/18	首位の占有率 28% が閾値未満
除外	相手側	法制度	1/1	票が 1 件だけ
採用	相手方	法制度	4/7	
除外	相続	法制度	2/3	動作を指す名詞（サ変可能）; 票が 2 件だけ
除外	相続人	法制度	2/3	票が 2 件だけ
除外	相続分	法制度	1/1	票が 1 件だけ
除外	相補性	身体	1/1	票が 1 件だけ
除外	相談	健康	17/63	動作を指す名詞（サ変可能）; 首位の占有率 27% が閾値未満
除外	相談所	家族	1/1	票が 1 件だけ
除外	相談窓口	仕事	1/3	票が 1 件だけ; 首位の占有率 33% が閾値未満
除外	相違	法制度	2/3	動作を指す名詞（サ変可能）; 票が 2 件だけ
除外	相関	情報	1/3	動作を指す名詞（サ変可能）; 票が 1 件だけ; 首位の占有率 33% が閾値未満
除外	省エネ	住居	1/1	票が 1 件だけ
除外	省略	失敗	1/1	動作を指す名詞（サ変可能）; 票が 1 件だけ
除外	看護	健康	2/4	動作を指す名詞（サ変可能）; 票が 2 件だけ
除外	看護師	健康	2/3	票が 2 件だけ
除外	真価	情報	1/1	票が 1 件だけ
除外	真剣	学習	1/2	性質を指す名詞（形状詞可能）; 票が 1 件だけ
除外	真実	法制度	2/4	票が 2 件だけ
除外	真核	自然	1/1	票が 1 件だけ
採用	真相	法制度	4/4	
除外	真空	学習	1/2	票が 1 件だけ
除外	真空パック	食事	2/3	票が 2 件だけ
除外	真菌	自然	1/2	票が 1 件だけ
除外	真髄	情報	1/1	票が 1 件だけ
除外	眠り	状態	1/2	票が 1 件だけ
除外	眠気	健康	1/1	票が 1 件だけ
除外	眼振	健康	1/1	票が 1 件だけ
除外	眼球	食事	1/1	票が 1 件だけ
除外	眼科	健康	1/3	票が 1 件だけ; 首位の占有率 33% が閾値未満
除外	眼鏡	健康	1/1	票が 1 件だけ
除外	着用	健康	1/1	動作を指す名詞（サ変可能）; 票が 1 件だけ
除外	着目	自然	3/12	動作を指す名詞（サ変可能）; 首位の占有率 25% が閾値未満
除外	睡眠	健康	5/7	動作を指す名詞（サ変可能）
除外	睡眠不足	状態	1/3	票が 1 件だけ; 首位の占有率 33% が閾値未満
除外	睡眠導入剤	健康	1/1	票が 1 件だけ
除外	睡眠時間	健康	2/4	票が 2 件だけ
除外	睡眠負債	状態	1/1	票が 1 件だけ
除外	瞑想	状態	1/2	動作を指す名詞（サ変可能）; 票が 1 件だけ
除外	瞬間	食事	1/1	品詞から取れる（副詞可能 → #時間）; 票が 1 件だけ
除外	矛盾	法制度	3/6	動作を指す名詞（サ変可能）
除外	矛盾点	法制度	1/1	票が 1 件だけ
除外	知り合い	学習	1/1	票が 1 件だけ
除外	知的財産権	自然	1/1	票が 1 件だけ
除外	知能	家族	1/1	票が 1 件だけ
除外	知見	自然	1/1	票が 1 件だけ
除外	知覚	学習	1/1	動作を指す名詞（サ変可能）; 票が 1 件だけ
除外	知識	仕事	11/38	首位の占有率 29% が閾値未満
除外	矫正	健康	1/1	票が 1 件だけ
除外	短時間	健康	4/9	品詞から取れる（副詞可能 → #時間）; 首位の占有率 44% が閾値未満
除外	短時間勤務	仕事	2/2	票が 2 件だけ
除外	短期	金銭	1/1	票が 1 件だけ
除外	短期的	学習	2/7	性質を指す名詞（形状詞可能）; 票が 2 件だけ; 首位の占有率 29% が閾値未満
除外	短期間	身体	1/4	品詞から取れる（副詞可能 → #時間）; 票が 1 件だけ; 首位の占有率 25% が閾値未満
除外	短縮	情報	2/13	動作を指す名詞（サ変可能）; 票が 2 件だけ; 首位の占有率 15% が閾値未満
除外	矯正	健康	1/1	動作を指す名詞（サ変可能）; 票が 1 件だけ
除外	石鹸	身体	1/1	票が 1 件だけ
除外	砂浴び	自然	1/1	動作を指す名詞（サ変可能）; 票が 1 件だけ
除外	砂糖	食事	1/2	票が 1 件だけ
除外	研修	仕事	6/12	動作を指す名詞（サ変可能）
除外	研磨	住居	2/3	動作を指す名詞（サ変可能）; 票が 2 件だけ
除外	研究	健康	12/47	動作を指す名詞（サ変可能）; 首位の占有率 26% が閾値未満
除外	研究者	学習	1/1	票が 1 件だけ
除外	研鑽	仕事	1/3	動作を指す名詞（サ変可能）; 票が 1 件だけ; 首位の占有率 33% が閾値未満
除外	破壊	自然	3/5	動作を指す名詞（サ変可能）
除外	破損	情報	2/2	動作を指す名詞（サ変可能）; 票が 2 件だけ
除外	破片	法制度	1/1	票が 1 件だけ
除外	破綻	金銭	1/1	動作を指す名詞（サ変可能）; 票が 1 件だけ
除外	硝酸	自然	1/1	票が 1 件だけ
除外	硬さ	身体	1/2	票が 1 件だけ
除外	硬め	身体	2/3	票が 2 件だけ
除外	硬直	食事	1/1	動作を指す名詞（サ変可能）; 票が 1 件だけ
除外	確保	仕事	3/17	動作を指す名詞（サ変可能）; 首位の占有率 18% が閾値未満
除外	確定	健康	3/8	動作を指す名詞（サ変可能）; 首位の占有率 38% が閾値未満
除外	確定申告	金銭	2/2	票が 2 件だけ
除外	確定申告書	住居	1/1	票が 1 件だけ
除外	確実性	情報	1/4	票が 1 件だけ; 首位の占有率 25% が閾値未満
除外	確率	健康	2/10	票が 2 件だけ; 首位の占有率 20% が閾値未満
除外	確率論	学習	1/2	票が 1 件だけ
除外	確立	法制度	2/9	動作を指す名詞（サ変可能）; 票が 2 件だけ; 首位の占有率 22% が閾値未満
除外	確認	法制度	18/99	動作を指す名詞（サ変可能）; 首位の占有率 18% が閾値未満
除外	確認書	交通	1/2	票が 1 件だけ
除外	磁性	食事	1/2	票が 1 件だけ
除外	示唆	健康	5/13	動作を指す名詞（サ変可能）; 首位の占有率 38% が閾値未満
除外	示談	交通	1/1	票が 1 件だけ
除外	礼金	法制度	1/2	票が 1 件だけ
除外	社会	自然	5/18	首位の占有率 28% が閾値未満
除外	社会保険	金銭	1/3	票が 1 件だけ; 首位の占有率 33% が閾値未満
除外	社会保障	金銭	1/1	票が 1 件だけ
除外	社会学	自然	1/2	票が 1 件だけ
除外	社会性	学習	2/2	票が 2 件だけ
除外	社会的	健康	2/5	性質を指す名詞（形状詞可能）; 票が 2 件だけ; 首位の占有率 40% が閾値未満
除外	社会貢献	金銭	2/2	票が 2 件だけ
採用	社内	仕事	3/3	
除外	社内研修	学習	1/1	票が 1 件だけ
採用	社員	仕事	9/13	
除外	祖父母	家族	1/1	票が 1 件だけ
除外	神経	健康	7/16	首位の占有率 44% が閾値未満
除外	神経内科	健康	2/2	票が 2 件だけ
除外	神経性	健康	1/1	票が 1 件だけ
除外	神経痛	身体	1/1	票が 1 件だけ
採用	神経系	健康	3/6	
除外	禁止	家族	2/4	動作を指す名詞（サ変可能）; 票が 2 件だけ
除外	禁物	身体	1/1	票が 1 件だけ
除外	福利厚生	住居	1/3	票が 1 件だけ; 首位の占有率 33% が閾値未満
除外	福祉	家族	2/3	票が 2 件だけ
除外	私自身	仕事	1/4	票が 1 件だけ; 首位の占有率 25% が閾値未満
除外	科学	法制度	2/3	動作を指す名詞（サ変可能）; 票が 2 件だけ
除外	科学的	法制度	1/2	性質を指す名詞（形状詞可能）; 票が 1 件だけ
採用	科目	学習	4/5	
除外	秘密	情報	1/3	性質を指す名詞（形状詞可能）; 票が 1 件だけ; 首位の占有率 33% が閾値未満
除外	移住	家族	1/2	動作を指す名詞（サ変可能）; 票が 1 件だけ
除外	移動	自然	4/11	動作を指す名詞（サ変可能）; 首位の占有率 36% が閾値未満
除外	移動距離	移動	1/1	票が 1 件だけ
除外	移植	身体	2/3	動作を指す名詞（サ変可能）; 票が 2 件だけ
除外	移民	仕事	1/1	動作を指す名詞（サ変可能）; 票が 1 件だけ
除外	移行	情報	3/12	動作を指す名詞（サ変可能）; 首位の占有率 25% が閾値未満
除外	移転	法制度	2/6	動作を指す名詞（サ変可能）; 票が 2 件だけ; 首位の占有率 33% が閾値未満
除外	程度	健康	17/71	首位の占有率 24% が閾値未満
除外	税制	金銭	1/1	票が 1 件だけ
採用	税金	金銭	3/5	
除外	税関	金銭	1/1	票が 1 件だけ
除外	税額	金銭	2/2	票が 2 件だけ
除外	種間	自然	2/2	票が 2 件だけ
除外	種類	健康	18/87	首位の占有率 21% が閾値未満
除外	稼働率	仕事	1/4	票が 1 件だけ; 首位の占有率 25% が閾値未満
除外	積み重ね	自然	1/1	票が 1 件だけ
除外	積乱	自然	1/1	票が 1 件だけ
除外	積極的	仕事	13/50	性質を指す名詞（形状詞可能）; 首位の占有率 26% が閾値未満
除外	究明	失敗	1/2	動作を指す名詞（サ変可能）; 票が 1 件だけ
除外	空き家	法制度	1/2	票が 1 件だけ
除外	空室	法制度	1/2	票が 1 件だけ
除外	空気	健康	2/8	票が 2 件だけ; 首位の占有率 25% が閾値未満
除外	空気圧	交通	1/1	票が 1 件だけ
除外	空気清浄機	住居	1/1	票が 1 件だけ
除外	空港	交通	1/1	既に辞書にある; 票が 1 件だけ
除外	空調	住居	1/1	票が 1 件だけ
除外	空転	法制度	1/2	動作を指す名詞（サ変可能）; 票が 1 件だけ
除外	空間	情報	3/13	首位の占有率 23% が閾値未満
除外	空間的	移動	1/1	性質を指す名詞（形状詞可能）; 票が 1 件だけ
除外	空隙	身体	1/1	票が 1 件だけ
除外	穿刺	健康	1/1	票が 1 件だけ
除外	突入	法制度	1/2	動作を指す名詞（サ変可能）; 票が 1 件だけ
除外	突出	食事	1/3	動作を指す名詞（サ変可能）; 票が 1 件だけ; 首位の占有率 33% が閾値未満
除外	突発	交通	2/3	動作を指す名詞（サ変可能）; 票が 2 件だけ
除外	突破	金銭	1/1	動作を指す名詞（サ変可能）; 票が 1 件だけ
除外	突起	身体	1/1	動作を指す名詞（サ変可能）; 票が 1 件だけ
除外	突進	自然	1/1	動作を指す名詞（サ変可能）; 票が 1 件だけ
除外	窒素	自然	1/1	票が 1 件だけ
除外	窓口	法制度	1/1	票が 1 件だけ
除外	立ち上げ	失敗	1/2	票が 1 件だけ
除外	立体	健康	1/1	票が 1 件だけ
除外	立体感	住居	1/1	票が 1 件だけ
除外	立場	自然	1/3	票が 1 件だけ; 首位の占有率 33% が閾値未満
除外	立案	仕事	3/5	動作を指す名詞（サ変可能）
除外	立案者	移動	1/1	票が 1 件だけ
除外	立証	法制度	1/1	動作を指す名詞（サ変可能）; 票が 1 件だけ
除外	端末	情報	1/2	票が 1 件だけ
除外	競争	自然	3/11	動作を指す名詞（サ変可能）; 首位の占有率 27% が閾値未満
除外	競争力	金銭	1/1	票が 1 件だけ
除外	競争意識	学習	1/1	票が 1 件だけ
除外	競争率	仕事	1/2	票が 1 件だけ
除外	競合	仕事	5/5	動作を指す名詞（サ変可能）
採用	競合他社	仕事	7/8	
除外	笑顔	家族	1/2	票が 1 件だけ
除外	第三者	仕事	2/5	票が 2 件だけ; 首位の占有率 40% が閾値未満
除外	筋力	健康	2/4	票が 2 件だけ
除外	筋群	身体	1/1	票が 1 件だけ
採用	筋肉	身体	8/12	
除外	筋肉量	食事	1/1	票が 1 件だけ
除外	筋膜	状態	1/2	票が 1 件だけ
除外	筋電図	状態	1/1	票が 1 件だけ
除外	答え	学習	2/2	票が 2 件だけ
除外	策定	交通	1/3	動作を指す名詞（サ変可能）; 票が 1 件だけ; 首位の占有率 33% が閾値未満
除外	箇所	情報	1/3	品詞から取れる（助数詞可能 → #数量）; 票が 1 件だけ; 首位の占有率 33% が閾値未満
除外	箇条書き	仕事	1/1	動作を指す名詞（サ変可能）; 票が 1 件だけ
除外	算出	法制度	2/6	動作を指す名詞（サ変可能）; 票が 2 件だけ; 首位の占有率 33% が閾値未満
除外	算定	金銭	2/5	動作を指す名詞（サ変可能）; 票が 2 件だけ; 首位の占有率 40% が閾値未満
除外	算数	学習	1/1	票が 1 件だけ
除外	管内	食事	1/1	票が 1 件だけ
除外	管制	交通	1/1	動作を指す名詞（サ変可能）; 票が 1 件だけ
除外	管理	食事	10/57	動作を指す名詞（サ変可能）; 首位の占有率 18% が閾値未満
除外	管理者	情報	1/1	票が 1 件だけ
除外	管轄	法制度	1/2	動作を指す名詞（サ変可能）; 票が 1 件だけ
除外	節水	金銭	1/1	動作を指す名詞（サ変可能）; 票が 1 件だけ
除外	節税	金銭	2/2	動作を指す名詞（サ変可能）; 票が 2 件だけ
除外	節約	情報	2/4	動作を指す名詞（サ変可能）; 票が 2 件だけ
除外	節電	金銭	1/1	動作を指す名詞（サ変可能）; 票が 1 件だけ
除外	範囲	健康	9/34	首位の占有率 26% が閾値未満
除外	簡潔	仕事	4/6	性質を指す名詞（形状詞可能）
除外	簿記	学習	1/1	票が 1 件だけ
除外	粒子	食事	1/1	票が 1 件だけ
除外	粗大ゴミ	住居	1/1	票が 1 件だけ
除外	粘土	自然	1/1	票が 1 件だけ
除外	粘土層	自然	1/1	票が 1 件だけ
除外	粘度	交通	1/1	票が 1 件だけ
除外	粘着	住居	1/1	動作を指す名詞（サ変可能）; 票が 1 件だけ
除外	粘膜	健康	1/1	票が 1 件だけ
除外	精一杯	交通	1/3	品詞から取れる（副詞可能 → #時間）; 票が 1 件だけ; 首位の占有率 33% が閾値未満
除外	精子	健康	1/1	票が 1 件だけ
除外	精密	学習	1/3	性質を指す名詞（形状詞可能）; 票が 1 件だけ; 首位の占有率 33% が閾値未満
除外	精巣	健康	1/1	票が 1 件だけ
除外	精度	情報	6/35	首位の占有率 17% が閾値未満
除外	精査	仕事	1/1	動作を指す名詞（サ変可能）; 票が 1 件だけ
除外	精神	健康	2/5	票が 2 件だけ; 首位の占有率 40% が閾値未満
除外	精神力	法制度	1/1	票が 1 件だけ
除外	精神疾患	健康	2/3	票が 2 件だけ
除外	精神的	健康	9/16	性質を指す名詞（形状詞可能）
除外	精神科	健康	2/2	票が 2 件だけ
除外	精神科医	健康	1/1	票が 1 件だけ
除外	精算	金銭	2/7	動作を指す名詞（サ変可能）; 票が 2 件だけ; 首位の占有率 29% が閾値未満
除外	精緻	学習	1/1	性質を指す名詞（形状詞可能）; 票が 1 件だけ
除外	精通	法制度	1/2	動作を指す名詞（サ変可能）; 票が 1 件だけ
除外	糖尿病	健康	2/4	票が 2 件だけ
採用	系統	自然	3/4	
除外	系統樹	自然	1/1	票が 1 件だけ
除外	約束	努力	1/3	動作を指す名詞（サ変可能）; 票が 1 件だけ; 首位の占有率 33% が閾値未満
除外	紅藻	食事	1/1	票が 1 件だけ
除外	納付	金銭	3/5	動作を指す名詞（サ変可能）
除外	納品	交通	1/1	動作を指す名詞（サ変可能）; 票が 1 件だけ
除外	納得	法制度	3/14	動作を指す名詞（サ変可能）; 首位の占有率 21% が閾値未満
除外	納期	健康	1/2	票が 1 件だけ
除外	納税	金銭	1/1	動作を指す名詞（サ変可能）; 票が 1 件だけ
除外	紛争	仕事	1/1	動作を指す名詞（サ変可能）; 票が 1 件だけ
除外	紛失	法制度	3/5	動作を指す名詞（サ変可能）
除外	素子	情報	1/1	票が 1 件だけ
採用	素材	住居	8/14	
除外	紡錘	身体	1/1	票が 1 件だけ
除外	紡錘体	身体	1/1	票が 1 件だけ
除外	紫外線	学習	1/3	票が 1 件だけ; 首位の占有率 33% が閾値未満
除外	累積	学習	1/1	動作を指す名詞（サ変可能）; 票が 1 件だけ
除外	細分化	法制度	1/1	票が 1 件だけ
除外	細胞	健康	9/20	首位の占有率 45% が閾値未満
除外	細胞壁	自然	1/1	票が 1 件だけ
除外	細胞膜	食事	1/2	票が 1 件だけ
除外	細菌	健康	3/7	首位の占有率 43% が閾値未満
除外	細菌叢	健康	1/2	票が 1 件だけ
除外	細部	住居	1/3	票が 1 件だけ; 首位の占有率 33% が閾値未満
除外	紹介	仕事	2/9	動作を指す名詞（サ変可能）; 票が 2 件だけ; 首位の占有率 22% が閾値未満
除外	終わり	仕事	1/3	票が 1 件だけ; 首位の占有率 33% が閾値未満
除外	終了	法制度	1/2	動作を指す名詞（サ変可能）; 票が 1 件だけ
除外	終末期	健康	2/3	票が 2 件だけ
除外	終止	自然	1/1	動作を指す名詞（サ変可能）; 票が 1 件だけ
除外	終活	家族	1/1	票が 1 件だけ
除外	組み合わせ	自然	4/19	首位の占有率 21% が閾値未満
除外	組み換え	自然	1/1	票が 1 件だけ
除外	組み立て	住居	1/1	票が 1 件だけ
除外	組合	健康	1/2	票が 1 件だけ
除外	組成	自然	2/6	動作を指す名詞（サ変可能）; 票が 2 件だけ; 首位の占有率 33% が閾値未満
除外	組織	健康	8/24	動作を指す名詞（サ変可能）; 首位の占有率 33% が閾値未満
除外	組織内	情報	1/1	票が 1 件だけ
除外	組織構造	自然	1/1	票が 1 件だけ
除外	経営	金銭	2/5	動作を指す名詞（サ変可能）; 票が 2 件だけ; 首位の占有率 40% が閾値未満
採用	経営層	仕事	3/4	
除外	経営者	仕事	1/1	票が 1 件だけ
除外	経歴書	仕事	1/1	票が 1 件だけ
除外	経済	金銭	3/11	首位の占有率 27% が閾値未満
除外	経済力	家族	1/1	票が 1 件だけ
除外	経済的	状態	1/1	性質を指す名詞（形状詞可能）; 票が 1 件だけ
除外	経理	金銭	1/1	動作を指す名詞（サ変可能）; 票が 1 件だけ
除外	経由	金銭	1/1	動作を指す名詞（サ変可能）; 票が 1 件だけ
除外	経費	金銭	1/1	票が 1 件だけ
除外	経路	自然	2/8	票が 2 件だけ; 首位の占有率 25% が閾値未満
除外	経過	健康	4/6	動作を指す名詞（サ変可能）
除外	経過観察	健康	2/2	票が 2 件だけ
除外	経験	仕事	12/41	動作を指す名詞（サ変可能）; 首位の占有率 29% が閾値未満
除外	経験則	交通	1/1	票が 1 件だけ
除外	経験者	学習	1/1	票が 1 件だけ
除外	結合	自然	3/6	動作を指す名詞（サ変可能）
除外	結婚	金銭	1/2	動作を指す名詞（サ変可能）; 票が 1 件だけ
除外	結婚式	家族	1/1	票が 1 件だけ
除外	結晶	自然	1/2	動作を指す名詞（サ変可能）; 票が 1 件だけ
除外	結晶化	自然	1/1	票が 1 件だけ
除外	結束	法制度	1/1	動作を指す名詞（サ変可能）; 票が 1 件だけ
除外	結果	健康	15/75	品詞から取れる（副詞可能 → #時間）; 首位の占有率 20% が閾値未満
除外	結果的	交通	3/8	性質を指す名詞（形状詞可能）; 首位の占有率 38% が閾値未満
除外	結節	健康	2/2	票が 2 件だけ
除外	結論	情報	1/5	動作を指す名詞（サ変可能）; 票が 1 件だけ; 首位の占有率 20% が閾値未満
除外	結露	住居	1/1	動作を指す名詞（サ変可能）; 票が 1 件だけ
除外	絞り込み	法制度	1/1	票が 1 件だけ
除外	絞扼	健康	1/1	動作を指す名詞（サ変可能）; 票が 1 件だけ
除外	給与	仕事	2/5	動作を指す名詞（サ変可能）; 票が 2 件だけ; 首位の占有率 40% が閾値未満
除外	給与所得控除	金銭	1/1	票が 1 件だけ
除外	給与所得者	金銭	1/1	票が 1 件だけ
除外	給付金	金銭	1/1	票が 1 件だけ
除外	給餌	食事	1/1	票が 1 件だけ
除外	統一	住居	2/5	動作を指す名詞（サ変可能）; 票が 2 件だけ; 首位の占有率 40% が閾値未満
除外	統一感	住居	1/2	票が 1 件だけ
除外	統合	法制度	2/7	動作を指す名詞（サ変可能）; 票が 2 件だけ; 首位の占有率 29% が閾値未満
除外	統計	金銭	2/6	動作を指す名詞（サ変可能）; 票が 2 件だけ; 首位の占有率 33% が閾値未満
除外	統計学	仕事	1/3	票が 1 件だけ; 首位の占有率 33% が閾値未満
除外	統計的	情報	1/5	性質を指す名詞（形状詞可能）; 票が 1 件だけ; 首位の占有率 20% が閾値未満
除外	絶対	健康	4/17	品詞から取れる（副詞可能 → #時間）; 首位の占有率 24% が閾値未満
除外	絶対的	法制度	2/4	性質を指す名詞（形状詞可能）; 票が 2 件だけ
除外	継続	健康	4/14	動作を指す名詞（サ変可能）; 首位の占有率 29% が閾値未満
除外	継続的	健康	7/27	性質を指す名詞（形状詞可能）; 首位の占有率 26% が閾値未満
除外	維持	健康	6/27	動作を指す名詞（サ変可能）; 首位の占有率 22% が閾値未満
除外	維持費	金銭	1/2	票が 1 件だけ
除外	網羅	仕事	1/2	動作を指す名詞（サ変可能）; 票が 1 件だけ
除外	綿密	努力	1/2	性質を指す名詞（形状詞可能）; 票が 1 件だけ
除外	綿棒	住居	1/1	票が 1 件だけ
除外	緊張	健康	2/5	動作を指す名詞（サ変可能）; 票が 2 件だけ; 首位の占有率 40% が閾値未満
除外	緊急	家族	1/2	性質を指す名詞（形状詞可能）; 票が 1 件だけ
除外	緊急度	努力	1/2	票が 1 件だけ
除外	緊急時	交通	2/7	票が 2 件だけ; 首位の占有率 29% が閾値未満
除外	総合的	健康	13/38	性質を指す名詞（形状詞可能）; 首位の占有率 34% が閾値未満
除外	総合評価	法制度	1/1	票が 1 件だけ
除外	総括	学習	1/1	動作を指す名詞（サ変可能）; 票が 1 件だけ
除外	総称	健康	1/3	動作を指す名詞（サ変可能）; 票が 1 件だけ; 首位の占有率 33% が閾値未満
除外	総額	法制度	2/3	票が 2 件だけ
除外	緑色	食事	1/1	票が 1 件だけ
除外	線形	情報	1/1	票が 1 件だけ
採用	線維	身体	4/6	
除外	締まり	食事	1/1	票が 1 件だけ
除外	締め	食事	1/1	名詞でない（動詞）; 票が 1 件だけ
除外	締め切り	学習	2/4	票が 2 件だけ
除外	編集	自然	1/2	動作を指す名詞（サ変可能）; 票が 1 件だけ
除外	編集者	学習	1/1	票が 1 件だけ
除外	緩和	健康	7/11	動作を指す名詞（サ変可能）
除外	緩和ケア	健康	2/2	票が 2 件だけ
除外	練習	学習	5/7	動作を指す名詞（サ変可能）
除外	縮小	法制度	1/2	動作を指す名詞（サ変可能）; 票が 1 件だけ
除外	繁栄	自然	1/1	動作を指す名詞（サ変可能）; 票が 1 件だけ
除外	繁殖	自然	3/5	動作を指す名詞（サ変可能）
除外	繊細	食事	2/5	性質を指す名詞（形状詞可能）; 票が 2 件だけ; 首位の占有率 40% が閾値未満
除外	繊維	住居	4/14	首位の占有率 29% が閾値未満
採用	繋がり	法制度	3/5	
除外	繰り	身体	1/2	票が 1 件だけ
除外	罪悪感	法制度	1/1	票が 1 件だけ
除外	置換	健康	1/2	動作を指す名詞（サ変可能）; 票が 1 件だけ
除外	罰金	交通	1/1	票が 1 件だけ
除外	署名	法制度	3/5	動作を指す名詞（サ変可能）
除外	羅列	自然	1/1	動作を指す名詞（サ変可能）; 票が 1 件だけ
除外	美形	住居	1/1	票が 1 件だけ
除外	群れ	自然	2/2	票が 2 件だけ
除外	群集	自然	1/1	動作を指す名詞（サ変可能）; 票が 1 件だけ
除外	義兄	家族	1/1	票が 1 件だけ
除外	義務	法制度	5/16	首位の占有率 31% が閾値未満
除外	義務化	学習	1/1	票が 1 件だけ
除外	義務違反	法制度	1/2	票が 1 件だけ
除外	義母	家族	1/1	票が 1 件だけ
除外	義父	家族	1/1	票が 1 件だけ
除外	羽毛	自然	2/2	票が 2 件だけ
除外	羽軸	自然	1/1	票が 1 件だけ
除外	翅脈	自然	1/1	票が 1 件だけ
除外	翌日	健康	1/2	品詞から取れる（副詞可能 → #時間）; 票が 1 件だけ
除外	翌月	健康	1/2	品詞から取れる（副詞可能 → #時間）; 票が 1 件だけ
除外	習得	学習	4/9	動作を指す名詞（サ変可能）; 首位の占有率 44% が閾値未満
除外	習慣	食事	3/12	首位の占有率 25% が閾値未満
除外	翻訳	仕事	1/3	動作を指す名詞（サ変可能）; 票が 1 件だけ; 首位の占有率 33% が閾値未満
除外	老化	食事	1/1	動作を指す名詞（サ変可能）; 票が 1 件だけ
除外	老後	金銭	1/1	票が 1 件だけ
除外	考え	法制度	2/12	票が 2 件だけ; 首位の占有率 17% が閾値未満
除外	考え事	健康	1/1	票が 1 件だけ
除外	考え方	仕事	7/39	首位の占有率 18% が閾値未満
除外	考察	学習	1/1	動作を指す名詞（サ変可能）; 票が 1 件だけ
除外	考慮	健康	18/113	動作を指す名詞（サ変可能）; 首位の占有率 16% が閾値未満
除外	耐久性	住居	3/7	首位の占有率 43% が閾値未満
除外	耐性	健康	1/1	票が 1 件だけ
除外	耐性菌	健康	2/2	票が 2 件だけ
除外	耐摩耗性	食事	1/2	票が 1 件だけ
除外	耐熱性	交通	1/1	票が 1 件だけ
除外	耕種	自然	1/1	票が 1 件だけ
除外	耳垢	住居	1/1	票が 1 件だけ
除外	耳鳴り	健康	1/1	票が 1 件だけ
除外	聴力	健康	1/1	票が 1 件だけ
除外	聴取	法制度	1/2	動作を指す名詞（サ変可能）; 票が 1 件だけ
除外	聴衆	仕事	1/1	票が 1 件だけ
除外	聴覚	学習	1/2	票が 1 件だけ
除外	聴診器	健康	1/1	票が 1 件だけ
除外	聴音	健康	1/1	票が 1 件だけ
除外	職務	健康	1/2	票が 1 件だけ
除外	職場	仕事	4/5	既に辞書にある
除外	職場復帰	仕事	1/1	動作を指す名詞（サ変可能）; 票が 1 件だけ
採用	職場環境	仕事	4/4	
除外	職業	情報	1/1	票が 1 件だけ
除外	職業訓練	仕事	1/1	票が 1 件だけ
採用	職種	仕事	4/6	
除外	肝性	健康	1/1	票が 1 件だけ
除外	肝機能	健康	2/2	票が 2 件だけ
採用	肝臓	健康	4/5	
除外	股関節	状態	1/1	票が 1 件だけ
除外	肥厚	身体	1/1	動作を指す名詞（サ変可能）; 票が 1 件だけ
除外	肥大	健康	2/3	動作を指す名詞（サ変可能）; 票が 2 件だけ
除外	肥料	自然	1/1	票が 1 件だけ
除外	肩こり	住居	1/1	票が 1 件だけ
除外	肩周り	身体	1/1	票が 1 件だけ
採用	肩甲骨	身体	4/5	
除外	肯定的	学習	1/1	性質を指す名詞（形状詞可能）; 票が 1 件だけ
除外	育児	仕事	1/2	票が 1 件だけ
除外	育児時短勤務	仕事	1/1	票が 1 件だけ
除外	育成	学習	2/3	動作を指す名詞（サ変可能）; 票が 2 件だけ
除外	肺がん	健康	1/1	票が 1 件だけ
除外	肺炎	健康	1/2	票が 1 件だけ
除外	肺胞	健康	2/3	票が 2 件だけ
除外	胃腸	食事	1/1	票が 1 件だけ
除外	背中	身体	1/2	票が 1 件だけ
除外	背後	学習	1/2	票が 1 件だけ
除外	背景	健康	8/17	首位の占有率 47% が閾値未満
除外	背筋	身体	1/1	票が 1 件だけ
除外	胸部	健康	2/2	票が 2 件だけ
除外	胸鎖	身体	1/1	票が 1 件だけ
除外	能力	学習	8/41	首位の占有率 20% が閾値未満
除外	能力開発	仕事	1/2	票が 1 件だけ
除外	能動的	学習	1/1	性質を指す名詞（形状詞可能）; 票が 1 件だけ
除外	脂溶性	食事	1/1	票が 1 件だけ
除外	脂漏	健康	1/2	票が 1 件だけ
採用	脂肪	健康	3/6	
除外	脂肪酸	食事	2/3	票が 2 件だけ
除外	脂質	健康	2/4	票が 2 件だけ
除外	脅威	情報	2/2	票が 2 件だけ
除外	脆弱	身体	2/3	性質を指す名詞（形状詞可能）; 票が 2 件だけ
採用	脆弱性	情報	3/5	
採用	脊椎	身体	3/3	
除外	脊椎骨	身体	1/1	票が 1 件だけ
除外	脊髄	身体	1/1	票が 1 件だけ
除外	脱水	健康	2/3	動作を指す名詞（サ変可能）; 票が 2 件だけ
除外	脳内	健康	1/1	票が 1 件だけ
除外	脳幹	身体	1/1	票が 1 件だけ
除外	脳波	状態	1/2	票が 1 件だけ
除外	脳症	健康	1/1	票が 1 件だけ
採用	腎臓	健康	3/5	
除外	腐敗	法制度	1/1	動作を指す名詞（サ変可能）; 票が 1 件だけ
除外	腫れ	身体	2/3	票が 2 件だけ
採用	腫瘍	健康	5/5	
除外	腰椎	健康	1/1	票が 1 件だけ
除外	腰痛	身体	2/3	票が 2 件だけ
除外	腱鞘炎	健康	1/1	票が 1 件だけ
除外	腸内	健康	2/4	票が 2 件だけ
除外	腸間	身体	1/1	票が 1 件だけ
除外	腸骨	身体	1/1	票が 1 件だけ
除外	腹水	健康	1/1	票が 1 件だけ
除外	腹腔鏡	健康	1/1	票が 1 件だけ
除外	膀胱	健康	1/1	票が 1 件だけ
除外	膝関節	身体	2/2	票が 2 件だけ
除外	膝関節症	身体	1/1	票が 1 件だけ
除外	膨大	情報	1/3	動作を指す名詞（サ変形状詞可能）; 票が 1 件だけ; 首位の占有率 33% が閾値未満
除外	臓器	健康	1/2	票が 1 件だけ
採用	臨床	健康	4/6	
除外	臨床心理士	健康	1/1	票が 1 件だけ
除外	臨機応変	身体	1/1	票が 1 件だけ
除外	自ら	仕事	1/4	品詞から取れる（副詞可能 → #時間）; 票が 1 件だけ; 首位の占有率 25% が閾値未満
除外	自主性	学習	1/1	票が 1 件だけ
除外	自主的	学習	2/4	性質を指す名詞（形状詞可能）; 票が 2 件だけ
除外	自体	健康	9/45	首位の占有率 20% が閾値未満
除外	自信	仕事	1/3	動作を指す名詞（サ変可能）; 票が 1 件だけ; 首位の占有率 33% が閾値未満
除外	自分らしさ	学習	1/1	票が 1 件だけ
除外	自分自身	学習	2/8	票が 2 件だけ; 首位の占有率 25% が閾値未満
除外	自動	情報	4/13	首位の占有率 31% が閾値未満
除外	自動化	情報	3/3	動作を指す名詞（サ変可能）
除外	自動引き落とし	金銭	1/1	票が 1 件だけ
除外	自動的	金銭	6/21	性質を指す名詞（形状詞可能）; 首位の占有率 29% が閾値未満
除外	自動車	交通	2/5	票が 2 件だけ; 首位の占有率 40% が閾値未満
除外	自動車メーカー	金銭	1/1	票が 1 件だけ
除外	自問自答	学習	1/1	動作を指す名詞（サ変可能）; 票が 1 件だけ
除外	自宅	法制度	3/9	首位の占有率 33% が閾値未満
除外	自家製	食事	1/1	票が 1 件だけ
除外	自尊心	家族	1/1	票が 1 件だけ
除外	自己	健康	8/24	首位の占有率 33% が閾値未満
除外	自己分析	仕事	1/3	票が 1 件だけ; 首位の占有率 33% が閾値未満
採用	自己判断	健康	4/6	
除外	自己効力感	学習	1/1	票が 1 件だけ
除外	自己成長	努力	1/1	票が 1 件だけ
除外	自己管理	仕事	1/4	票が 1 件だけ; 首位の占有率 25% が閾値未満
除外	自己肯定感	家族	2/4	票が 2 件だけ
除外	自己評価	仕事	1/1	票が 1 件だけ
除外	自己負担	健康	1/3	票が 1 件だけ; 首位の占有率 33% が閾値未満
除外	自己負担額	仕事	1/3	票が 1 件だけ; 首位の占有率 33% が閾値未満
除外	自律	健康	1/1	動作を指す名詞（サ変可能）; 票が 1 件だけ
除外	自律性	学習	2/4	票が 2 件だけ
除外	自律的	努力	1/2	性質を指す名詞（形状詞可能）; 票が 1 件だけ
除外	自明	学習	1/1	性質を指す名詞（形状詞可能）; 票が 1 件だけ
除外	自治体	金銭	1/2	票が 1 件だけ
除外	自然	学習	2/5	票が 2 件だけ; 首位の占有率 40% が閾値未満
除外	自然言語処理	情報	1/2	票が 1 件だけ
除外	自然選択	自然	1/1	票が 1 件だけ
除外	自由	仕事	3/8	性質を指す名詞（形状詞可能）; 首位の占有率 38% が閾値未満
除外	自由化	金銭	1/1	票が 1 件だけ
除外	自由度	学習	1/1	票が 1 件だけ
採用	自社	仕事	5/10	
除外	自筆	法制度	1/1	票が 1 件だけ
除外	自覚	健康	1/1	動作を指す名詞（サ変可能）; 票が 1 件だけ
除外	自賠責保険	交通	1/1	票が 1 件だけ
除外	自身	金銭	4/27	品詞から取れる（副詞可能 → #時間）; 首位の占有率 15% が閾値未満
除外	臭い	住居	1/1	名詞でない（形容詞）; 票が 1 件だけ
除外	臭み	食事	1/1	票が 1 件だけ
除外	臭気	住居	1/1	票が 1 件だけ
除外	至難	身体	1/4	性質を指す名詞（形状詞可能）; 票が 1 件だけ; 首位の占有率 25% が閾値未満
除外	致命的	健康	1/2	性質を指す名詞（形状詞可能）; 票が 1 件だけ
除外	致死傷	交通	1/1	票が 1 件だけ
除外	興味	自然	11/47	首位の占有率 23% が閾値未満
除外	航空	交通	2/2	票が 2 件だけ
除外	航空会社	法制度	1/2	票が 1 件だけ
除外	航空業	交通	1/1	票が 1 件だけ
採用	良性	健康	4/4	
除外	色分け	住居	1/3	動作を指す名詞（サ変可能）; 票が 1 件だけ; 首位の占有率 33% が閾値未満
除外	色合い	情報	1/4	票が 1 件だけ; 首位の占有率 25% が閾値未満
除外	色温度	住居	1/1	票が 1 件だけ
除外	色素	健康	1/3	票が 1 件だけ; 首位の占有率 33% が閾値未満
除外	色落ち	住居	1/1	動作を指す名詞（サ変可能）; 票が 1 件だけ
除外	色調	学習	1/1	票が 1 件だけ
除外	芍薬	健康	1/1	票が 1 件だけ
除外	花粉	健康	1/1	票が 1 件だけ
除外	花粉症	健康	2/2	票が 2 件だけ
除外	芸術	食事	1/1	票が 1 件だけ
除外	若干	食事	1/4	品詞から取れる（副詞可能 → #時間）; 票が 1 件だけ; 首位の占有率 25% が閾値未満
除外	若手	仕事	1/2	票が 1 件だけ
除外	若者	家族	1/2	票が 1 件だけ
除外	苦労	情報	1/4	動作を指す名詞（サ変形状詞可能）; 票が 1 件だけ; 首位の占有率 25% が閾値未満
除外	苦味	食事	1/1	票が 1 件だけ
除外	苦戦	学習	1/1	動作を指す名詞（サ変可能）; 票が 1 件だけ
除外	苦手	学習	7/10	性質を指す名詞（形状詞可能）
除外	苦痛	健康	2/3	性質を指す名詞（形状詞可能）; 票が 2 件だけ
除外	英語	学習	1/1	票が 1 件だけ
除外	荷物	住居	1/1	票が 1 件だけ
除外	荷重	健康	1/2	票が 1 件だけ
除外	菌株	食事	1/2	票が 1 件だけ
除外	菌種	食事	1/1	票が 1 件だけ
除外	菓子	交通	1/2	票が 1 件だけ
除外	萎縮	健康	1/1	動作を指す名詞（サ変可能）; 票が 1 件だけ
除外	落ち込み	健康	1/1	票が 1 件だけ
除外	葉水	自然	1/1	票が 1 件だけ
除外	葉物野菜	食事	2/2	票が 2 件だけ
除外	葉緑体	自然	1/1	票が 1 件だけ
除外	葉肉	自然	1/1	票が 1 件だけ
除外	葉脈	自然	1/1	票が 1 件だけ
除外	葉面	自然	2/3	票が 2 件だけ
除外	著作権	仕事	1/2	票が 1 件だけ
除外	著者	学習	2/2	票が 2 件だけ
除外	葛藤	仕事	1/1	動作を指す名詞（サ変可能）; 票が 1 件だけ
除外	蒸気圧	学習	1/1	票が 1 件だけ
除外	蒸発	金銭	1/3	動作を指す名詞（サ変可能）; 票が 1 件だけ; 首位の占有率 33% が閾値未満
除外	蓄積	自然	4/8	動作を指す名詞（サ変可能）
除外	蓄電池	自然	1/1	票が 1 件だけ
採用	薬剤	健康	4/5	
採用	薬剤師	健康	3/3	
採用	薬物	健康	3/3	
除外	藻場	自然	1/1	票が 1 件だけ
除外	藻類	食事	1/2	票が 1 件だけ
除外	虚偽	法制度	2/2	票が 2 件だけ
除外	虚血	健康	1/2	票が 1 件だけ
除外	虹色	食事	1/1	票が 1 件だけ
除外	蛋白尿	健康	1/1	票が 1 件だけ
除外	蛍光	自然	1/2	票が 1 件だけ
除外	融合	交通	1/2	動作を指す名詞（サ変可能）; 票が 1 件だけ
除外	血中	健康	2/2	票が 2 件だけ
採用	血圧	健康	6/7	
除外	血栓症	健康	2/2	票が 2 件だけ
採用	血流	健康	3/6	
採用	血液	健康	7/12	
除外	血液型	身体	1/1	票が 1 件だけ
除外	血球	身体	1/1	票が 1 件だけ
採用	血管	健康	9/12	
除外	血糖	健康	1/2	票が 1 件だけ
除外	血糖値	健康	2/4	票が 2 件だけ
除外	血行	身体	2/2	票が 2 件だけ
除外	行事	学習	1/1	票が 1 件だけ
除外	行使	健康	1/1	動作を指す名詞（サ変可能）; 票が 1 件だけ
除外	行先	交通	1/1	票が 1 件だけ
除外	行列	状態	1/2	動作を指す名詞（サ変可能）; 票が 1 件だけ
除外	行動	学習	5/32	動作を指す名詞（サ変可能）; 首位の占有率 16% が閾値未満
除外	行動パターン	仕事	1/6	票が 1 件だけ; 首位の占有率 17% が閾値未満
除外	行動変容	健康	1/2	票が 1 件だけ
除外	行動計画	努力	1/3	票が 1 件だけ; 首位の占有率 33% が閾値未満
除外	行政	法制度	1/1	票が 1 件だけ
除外	行為	健康	5/25	首位の占有率 20% が閾値未満
除外	術後	健康	3/3	品詞から取れる（副詞可能 → #時間）
除外	衛星	交通	1/1	票が 1 件だけ
除外	衛生	健康	2/4	票が 2 件だけ
除外	衛生管理	食事	2/4	票が 2 件だけ
除外	衝動性	法制度	1/1	票が 1 件だけ
除外	衝動的	健康	1/1	性質を指す名詞（形状詞可能）; 票が 1 件だけ
除外	衝動買い	住居	1/1	票が 1 件だけ
除外	衝撃	食事	1/6	票が 1 件だけ; 首位の占有率 17% が閾値未満
除外	衝突	交通	2/4	動作を指す名詞（サ変可能）; 票が 2 件だけ
除外	衣替え	住居	2/2	動作を指す名詞（サ変可能）; 票が 2 件だけ
除外	衣服	法制度	1/1	票が 1 件だけ
採用	衣類	住居	4/4	
除外	表情	情報	1/2	票が 1 件だけ
除外	表現	仕事	8/36	動作を指す名詞（サ変可能）; 首位の占有率 22% が閾値未満
除外	表現者	情報	1/1	票が 1 件だけ
除外	表示	金銭	3/18	動作を指す名詞（サ変可能）; 首位の占有率 17% が閾値未満
除外	表面	食事	3/11	首位の占有率 27% が閾値未満
除外	表面積	交通	1/1	票が 1 件だけ
除外	袖口	住居	1/1	票が 1 件だけ
除外	被保険者	金銭	1/2	票が 1 件だけ
除外	被告	法制度	1/1	票が 1 件だけ
除外	被害	法制度	2/5	票が 2 件だけ; 首位の占有率 40% が閾値未満
採用	被害者	法制度	6/8	
除外	被疑者	法制度	1/1	票が 1 件だけ
除外	裁判	法制度	5/5	動作を指す名詞（サ変可能）
除外	裁判官	法制度	2/2	票が 2 件だけ
採用	裁判所	法制度	5/6	
除外	裁量	仕事	1/1	動作を指す名詞（サ変可能）; 票が 1 件だけ
除外	裂傷	身体	1/1	票が 1 件だけ
除外	装備	金銭	1/2	動作を指す名詞（サ変可能）; 票が 1 件だけ
除外	装着	健康	4/4	動作を指す名詞（サ変可能）
除外	装置	交通	4/11	動作を指す名詞（サ変可能）; 首位の占有率 36% が閾値未満
除外	裏付け	法制度	1/1	動作を指す名詞（サ変可能）; 票が 1 件だけ
除外	裏側	食事	1/3	票が 1 件だけ; 首位の占有率 33% が閾値未満
除外	裏技	住居	1/1	票が 1 件だけ
除外	裏面	自然	1/1	票が 1 件だけ
除外	補償	交通	2/3	動作を指す名詞（サ変可能）; 票が 2 件だけ
除外	補償内容	交通	2/4	票が 2 件だけ
除外	補償額	金銭	1/2	票が 1 件だけ
除外	補充	健康	2/4	動作を指す名詞（サ変可能）; 票が 2 件だけ
除外	補助	健康	2/7	動作を指す名詞（サ変可能）; 票が 2 件だけ; 首位の占有率 29% が閾値未満
除外	補完	情報	2/2	動作を指す名詞（サ変可能）; 票が 2 件だけ
除外	補強	住居	1/2	動作を指す名詞（サ変可能）; 票が 1 件だけ
除外	補正	交通	1/3	動作を指す名詞（サ変可能）; 票が 1 件だけ; 首位の占有率 33% が閾値未満
除外	補給	健康	2/5	動作を指す名詞（サ変可能）; 票が 2 件だけ; 首位の占有率 40% が閾値未満
除外	補綴	健康	1/1	動作を指す名詞（サ変可能）; 票が 1 件だけ
除外	製作	交通	1/1	動作を指す名詞（サ変可能）; 票が 1 件だけ
除外	製剤	健康	1/1	票が 1 件だけ
除外	製品	仕事	4/9	首位の占有率 44% が閾値未満
除外	製法	食事	1/1	票が 1 件だけ
除外	製造	自然	3/7	動作を指す名詞（サ変可能）; 首位の占有率 43% が閾値未満
除外	製造業	法制度	1/1	票が 1 件だけ
除外	複合	自然	3/5	動作を指す名詞（サ変可能）
除外	複合体	健康	1/2	票が 1 件だけ
除外	複層ガラス	住居	1/1	票が 1 件だけ
除外	複数	健康	7/37	首位の占有率 19% が閾値未満
除外	複数人	仕事	1/3	票が 1 件だけ; 首位の占有率 33% が閾値未満
除外	複製	自然	1/2	動作を指す名詞（サ変可能）; 票が 1 件だけ
除外	複雑	自然	13/77	性質を指す名詞（形状詞可能）; 首位の占有率 17% が閾値未満
除外	複雑性	家族	1/2	票が 1 件だけ
除外	褐変	食事	1/1	動作を指す名詞（サ変可能）; 票が 1 件だけ
除外	褥瘡	健康	2/2	票が 2 件だけ
除外	褶曲	自然	1/1	動作を指す名詞（サ変可能）; 票が 1 件だけ
除外	要介護	金銭	1/2	票が 1 件だけ
除外	要介護認定	金銭	1/2	票が 1 件だけ
除外	要件	情報	4/19	首位の占有率 21% が閾値未満
除外	要因	健康	11/28	首位の占有率 39% が閾値未満
除外	要望	仕事	1/4	動作を指す名詞（サ変可能）; 票が 1 件だけ; 首位の占有率 25% が閾値未満
除外	要求	法制度	3/13	動作を指す名詞（サ変可能）; 首位の占有率 23% が閾値未満
除外	要約	学習	1/1	動作を指す名詞（サ変可能）; 票が 1 件だけ
除外	要素	自然	14/74	首位の占有率 19% が閾値未満
除外	要綱	仕事	1/3	票が 1 件だけ; 首位の占有率 33% が閾値未満
除外	見た目	住居	2/3	票が 2 件だけ
除外	見学	仕事	1/1	動作を指す名詞（サ変可能）; 票が 1 件だけ
除外	見直し	仕事	4/12	首位の占有率 33% が閾値未満
除外	見積もり	交通	2/9	票が 2 件だけ; 首位の占有率 22% が閾値未満
除外	見積もり金額	金銭	1/1	票が 1 件だけ
除外	見込み	健康	1/3	票が 1 件だけ; 首位の占有率 33% が閾値未満
除外	規制	法制度	4/9	動作を指す名詞（サ変可能）; 首位の占有率 44% が閾値未満
除外	規則	交通	1/1	票が 1 件だけ
除外	規定	法制度	3/6	動作を指す名詞（サ変可能）
除外	規格	交通	1/3	票が 1 件だけ; 首位の占有率 33% が閾値未満
除外	規模	法制度	3/11	首位の占有率 27% が閾値未満
除外	規程	仕事	1/2	票が 1 件だけ
除外	規約	法制度	1/2	票が 1 件だけ
除外	視力	健康	1/3	票が 1 件だけ; 首位の占有率 33% が閾値未満
除外	視点	仕事	14/64	首位の占有率 22% が閾値未満
除外	視線	住居	1/2	票が 1 件だけ
除外	視聴	情報	2/4	動作を指す名詞（サ変可能）; 票が 2 件だけ
除外	視覚	学習	1/1	票が 1 件だけ
除外	視覚化	仕事	1/1	票が 1 件だけ
除外	視覚的	学習	5/13	首位の占有率 38% が閾値未満
除外	視認	住居	1/1	動作を指す名詞（サ変可能）; 票が 1 件だけ
除外	視野	仕事	3/14	首位の占有率 21% が閾値未満
除外	覚悟	住居	1/2	動作を指す名詞（サ変可能）; 票が 1 件だけ
除外	親和性	自然	1/1	票が 1 件だけ
除外	親密	家族	1/1	性質を指す名詞（形状詞可能）; 票が 1 件だけ
除外	親戚	仕事	1/1	票が 1 件だけ
除外	親指	健康	1/1	票が 1 件だけ
除外	親族	家族	1/2	票が 1 件だけ
除外	親権	家族	1/1	票が 1 件だけ
除外	親権者	家族	1/1	票が 1 件だけ
除外	親睦	金銭	1/1	動作を指す名詞（サ変可能）; 票が 1 件だけ
除外	親知らず	健康	1/1	票が 1 件だけ
除外	観光	交通	2/4	動作を指す名詞（サ変可能）; 票が 2 件だけ
除外	観光地	交通	1/1	票が 1 件だけ
除外	観察	健康	8/23	動作を指す名詞（サ変可能）; 首位の占有率 35% が閾値未満
除外	観察力	食事	1/1	票が 1 件だけ
除外	観念	健康	1/1	動作を指す名詞（サ変可能）; 票が 1 件だけ
除外	観測	自然	2/4	動作を指す名詞（サ変可能）; 票が 2 件だけ
除外	観点	自然	3/11	首位の占有率 27% が閾値未満
除外	角度	住居	3/9	首位の占有率 33% が閾値未満
除外	角膜	健康	1/1	票が 1 件だけ
除外	解き方	学習	1/1	票が 1 件だけ
除外	解像度	交通	2/4	票が 2 件だけ
除外	解凍	食事	1/1	動作を指す名詞（サ変可能）; 票が 1 件だけ
採用	解剖学	身体	3/3	
除外	解明	法制度	4/11	動作を指す名詞（サ変可能）; 首位の占有率 36% が閾値未満
除外	解析	自然	7/16	動作を指す名詞（サ変可能）; 首位の占有率 44% が閾値未満
除外	解決	情報	4/29	動作を指す名詞（サ変可能）; 首位の占有率 14% が閾値未満
除外	解決策	仕事	4/13	首位の占有率 31% が閾値未満
除外	解法	情報	1/1	票が 1 件だけ
除外	解消	仕事	3/11	動作を指す名詞（サ変可能）; 首位の占有率 27% が閾値未満
除外	解答	学習	2/2	動作を指す名詞（サ変可能）; 票が 2 件だけ
除外	解約	法制度	2/3	動作を指す名詞（サ変可能）; 票が 2 件だけ
除外	解約金	法制度	2/3	票が 2 件だけ
除外	解説	学習	2/2	動作を指す名詞（サ変可能）; 票が 2 件だけ
除外	解釈	情報	5/22	動作を指す名詞（サ変可能）; 首位の占有率 23% が閾値未満
除外	解雇	法制度	1/1	動作を指す名詞（サ変可能）; 票が 1 件だけ
除外	触媒	健康	1/1	動作を指す名詞（サ変可能）; 票が 1 件だけ
除外	触覚	健康	1/2	票が 1 件だけ
除外	触診	身体	1/1	動作を指す名詞（サ変可能）; 票が 1 件だけ
除外	言い分	交通	1/2	票が 1 件だけ
除外	言い回し	身体	1/2	票が 1 件だけ
除外	言い方	仕事	2/4	票が 2 件だけ
除外	言い訳	法制度	1/1	動作を指す名詞（サ変可能）; 票が 1 件だけ
除外	言動	仕事	1/1	票が 1 件だけ
除外	言及	学習	2/3	動作を指す名詞（サ変可能）; 票が 2 件だけ
除外	言葉	健康	14/98	首位の占有率 14% が閾値未満
採用	言葉遣い	仕事	3/3	
除外	言葉選び	仕事	1/1	票が 1 件だけ
除外	言語	仕事	1/2	票が 1 件だけ
除外	計上	金銭	4/4	動作を指す名詞（サ変可能）
除外	計測	交通	3/8	動作を指す名詞（サ変可能）; 首位の占有率 38% が閾値未満
除外	計画	健康	11/48	動作を指す名詞（サ変可能）; 首位の占有率 23% が閾値未満
除外	計画的	健康	2/4	性質を指す名詞（形状詞可能）; 票が 2 件だけ
除外	計算	情報	5/29	動作を指す名詞（サ変可能）; 首位の占有率 17% が閾値未満
除外	計算式	学習	1/1	票が 1 件だけ
採用	計算方法	金銭	3/5	
除外	計算量	情報	2/2	票が 2 件だけ
除外	計量	食事	1/1	動作を指す名詞（サ変可能）; 票が 1 件だけ
除外	訓練	健康	6/16	動作を指す名詞（サ変可能）; 首位の占有率 38% が閾値未満
除外	記事	情報	1/2	票が 1 件だけ
除外	記入	法制度	2/4	動作を指す名詞（サ変可能）; 票が 2 件だけ
除外	記号	学習	1/1	票が 1 件だけ
除外	記憶	学習	5/12	動作を指す名詞（サ変可能）; 首位の占有率 42% が閾値未満
除外	記憶力	健康	2/2	票が 2 件だけ
除外	記法	情報	1/1	票が 1 件だけ
除外	記載	法制度	8/17	動作を指す名詞（サ変可能）; 首位の占有率 47% が閾値未満
除外	記述	仕事	3/11	動作を指す名詞（サ変可能）; 首位の占有率 27% が閾値未満
除外	記録	金銭	5/32	動作を指す名詞（サ変可能）; 首位の占有率 16% が閾値未満
除外	訪問	健康	3/7	動作を指す名詞（サ変可能）; 首位の占有率 43% が閾値未満
除外	設備	交通	2/5	動作を指す名詞（サ変可能）; 票が 2 件だけ; 首位の占有率 40% が閾値未満
除外	設定	仕事	13/63	動作を指す名詞（サ変可能）; 首位の占有率 21% が閾値未満
除外	設置	法制度	3/12	動作を指す名詞（サ変可能）; 首位の占有率 25% が閾値未満
除外	設計	情報	9/41	動作を指す名詞（サ変可能）; 首位の占有率 22% が閾値未満
除外	許可	情報	1/5	動作を指す名詞（サ変可能）; 票が 1 件だけ; 首位の占有率 20% が閾値未満
除外	許容	金銭	2/6	動作を指す名詞（サ変可能）; 票が 2 件だけ; 首位の占有率 33% が閾値未満
除外	訴え	法制度	1/1	票が 1 件だけ
除外	訴求	仕事	1/1	動作を指す名詞（サ変可能）; 票が 1 件だけ
除外	訴訟	交通	1/3	動作を指す名詞（サ変可能）; 票が 1 件だけ; 首位の占有率 33% が閾値未満
除外	診察	健康	4/8	動作を指す名詞（サ変可能）
除外	診察室	健康	1/1	票が 1 件だけ
除外	診断	健康	21/33	動作を指す名詞（サ変可能）
採用	診断書	法制度	3/6	
除外	診療	健康	3/6	動作を指す名詞（サ変可能）
除外	診療報酬	金銭	2/5	票が 2 件だけ; 首位の占有率 40% が閾値未満
除外	診療科	仕事	1/3	票が 1 件だけ; 首位の占有率 33% が閾値未満
除外	証人	法制度	2/2	票が 2 件だけ
採用	証拠	法制度	11/17	
除外	証明	法制度	4/10	動作を指す名詞（サ変可能）; 首位の占有率 40% が閾値未満
除外	証明書	法制度	3/7	首位の占有率 43% が閾値未満
除外	証言	法制度	4/5	動作を指す名詞（サ変可能）
除外	詐欺	情報	2/5	票が 2 件だけ; 首位の占有率 40% が閾値未満
除外	評価	健康	25/87	動作を指す名詞（サ変可能）; 首位の占有率 29% が閾値未満
除外	評価制度	仕事	1/1	票が 1 件だけ
除外	評価基準	法制度	2/5	票が 2 件だけ; 首位の占有率 40% が閾値未満
除外	評価方法	学習	2/4	票が 2 件だけ
除外	評価者	仕事	1/2	票が 1 件だけ
除外	評価項目	法制度	1/1	票が 1 件だけ
除外	評判	仕事	1/2	票が 1 件だけ
除外	試み	自然	2/6	票が 2 件だけ; 首位の占有率 33% が閾値未満
除外	試作	住居	1/2	動作を指す名詞（サ変可能）; 票が 1 件だけ
除外	試用	法制度	1/1	動作を指す名詞（サ変可能）; 票が 1 件だけ
除外	試用期間	法制度	1/1	票が 1 件だけ
除外	試算	金銭	1/1	動作を指す名詞（サ変可能）; 票が 1 件だけ
除外	試行錯誤	情報	1/4	票が 1 件だけ; 首位の占有率 25% が閾値未満
除外	試験	健康	5/15	動作を指す名詞（サ変可能）; 首位の占有率 33% が閾値未満
除外	試験データ	健康	1/1	票が 1 件だけ
除外	話し合い	学習	2/3	票が 2 件だけ
除外	話題	情報	2/10	票が 2 件だけ; 首位の占有率 20% が閾値未満
除外	該当	法制度	2/6	動作を指す名詞（サ変可能）; 票が 2 件だけ; 首位の占有率 33% が閾値未満
除外	詳細	健康	14/55	性質を指す名詞（形状詞可能）; 首位の占有率 25% が閾値未満
除外	認可	情報	1/2	動作を指す名詞（サ変可能）; 票が 1 件だけ
除外	認定	仕事	2/10	動作を指す名詞（サ変可能）; 票が 2 件だけ; 首位の占有率 20% が閾値未満
除外	認知	健康	4/12	動作を指す名詞（サ変可能）; 首位の占有率 33% が閾値未満
採用	認知症	健康	5/6	
除外	認証	情報	2/4	動作を指す名詞（サ変可能）; 票が 2 件だけ
除外	認証方式	情報	2/2	票が 2 件だけ
除外	認識	仕事	6/33	動作を指す名詞（サ変可能）; 首位の占有率 18% が閾値未満
除外	誘導	健康	2/6	動作を指す名詞（サ変可能）; 票が 2 件だけ; 首位の占有率 33% が閾値未満
除外	誘導体	健康	1/1	票が 1 件だけ
除外	誘発	健康	4/4	動作を指す名詞（サ変可能）
除外	語彙	学習	2/2	票が 2 件だけ
除外	語彙力	学習	1/1	票が 1 件だけ
除外	誠実	仕事	2/3	性質を指す名詞（形状詞可能）; 票が 2 件だけ
除外	誠意	交通	1/1	票が 1 件だけ
除外	誤り	法制度	2/5	票が 2 件だけ; 首位の占有率 40% が閾値未満
除外	誤差	交通	2/8	票が 2 件だけ; 首位の占有率 25% が閾値未満
除外	誤解	仕事	1/5	動作を指す名詞（サ変可能）; 票が 1 件だけ; 首位の占有率 20% が閾値未満
採用	説得力	仕事	4/4	
除外	説明	健康	11/55	動作を指す名詞（サ変可能）; 首位の占有率 20% が閾値未満
除外	説明会	交通	1/3	票が 1 件だけ; 首位の占有率 33% が閾値未満
除外	説明責任	情報	1/3	票が 1 件だけ; 首位の占有率 33% が閾値未満
除外	読み方	学習	1/1	票が 1 件だけ
除外	読み書き	学習	1/1	票が 1 件だけ
除外	読字	学習	1/1	動作を指す名詞（サ変可能）; 票が 1 件だけ
除外	読書	住居	1/1	動作を指す名詞（サ変可能）; 票が 1 件だけ
除外	読者	学習	1/1	票が 1 件だけ
除外	課税	金銭	1/1	動作を指す名詞（サ変可能）; 票が 1 件だけ
除外	課税対象	金銭	2/2	票が 2 件だけ
除外	課金	仕事	1/1	動作を指す名詞（サ変可能）; 票が 1 件だけ
除外	課題	仕事	18/61	首位の占有率 30% が閾値未満
採用	課題解決	仕事	5/5	
除外	調べ	法制度	1/1	票が 1 件だけ
除外	調停	家族	1/1	動作を指す名詞（サ変可能）; 票が 1 件だけ
除外	調光	住居	1/1	票が 1 件だけ
除外	調剤	健康	1/1	動作を指す名詞（サ変可能）; 票が 1 件だけ
除外	調合	健康	1/1	動作を指す名詞（サ変可能）; 票が 1 件だけ
除外	調味料	食事	2/3	票が 2 件だけ
除外	調和	住居	1/3	動作を指す名詞（サ変可能）; 票が 1 件だけ; 首位の占有率 33% が閾値未満
除外	調性	自然	1/1	票が 1 件だけ
除外	調整	健康	17/71	動作を指す名詞（サ変可能）; 首位の占有率 24% が閾値未満
除外	調整器	健康	1/1	票が 1 件だけ
除外	調査	法制度	8/20	動作を指す名詞（サ変可能）; 首位の占有率 40% が閾値未満
除外	調理	食事	6/7	動作を指す名詞（サ変可能）
除外	調節	健康	5/13	動作を指す名詞（サ変可能）; 首位の占有率 38% が閾値未満
除外	調達	自然	1/2	動作を指す名詞（サ変可能）; 票が 1 件だけ
除外	請求	法制度	7/11	動作を指す名詞（サ変可能）
除外	請求書	金銭	2/4	票が 2 件だけ
除外	請求額	金銭	1/2	票が 1 件だけ
除外	論文	学習	5/18	首位の占有率 28% が閾値未満
除外	論理	学習	2/3	票が 2 件だけ
除外	論理的	法制度	3/5	性質を指す名詞（形状詞可能）
除外	論理的思考	学習	1/1	票が 1 件だけ
除外	諸費	住居	1/1	票が 1 件だけ
除外	講習	学習	1/1	動作を指す名詞（サ変可能）; 票が 1 件だけ
除外	謝罪	情報	1/2	動作を指す名詞（サ変可能）; 票が 1 件だけ
除外	識別	情報	1/4	動作を指す名詞（サ変可能）; 票が 1 件だけ; 首位の占有率 25% が閾値未満
除外	警告	交通	1/1	動作を指す名詞（サ変可能）; 票が 1 件だけ
採用	警察	法制度	3/4	
除外	警察官	法制度	1/1	票が 1 件だけ
除外	警戒	仕事	1/6	動作を指す名詞（サ変可能）; 票が 1 件だけ; 首位の占有率 17% が閾値未満
除外	警戒心	金銭	1/2	票が 1 件だけ
除外	議論	仕事	6/24	動作を指す名詞（サ変可能）; 首位の占有率 25% が閾値未満
除外	議題	仕事	2/3	票が 2 件だけ
除外	譲歩	仕事	1/1	動作を指す名詞（サ変可能）; 票が 1 件だけ
除外	豆腐	食事	1/1	票が 1 件だけ
除外	豆豉	食事	1/1	票が 1 件だけ
除外	豚肉	食事	1/1	票が 1 件だけ
除外	貝殻	食事	1/1	票が 1 件だけ
除外	負債	努力	1/2	票が 1 件だけ
除外	負担	健康	12/30	動作を指す名詞（サ変可能）; 首位の占有率 40% が閾値未満
除外	負担割合	金銭	2/2	票が 2 件だけ
除外	負担額	金銭	2/2	票が 2 件だけ
除外	負荷	情報	3/16	動作を指す名詞（サ変可能）; 首位の占有率 19% が閾値未満
除外	財務	金銭	2/4	票が 2 件だけ
除外	財務課	法制度	1/1	票が 1 件だけ
除外	財務諸表	金銭	2/2	票が 2 件だけ
除外	財産	金銭	1/2	票が 1 件だけ
除外	貢献	仕事	7/27	動作を指す名詞（サ変可能）; 首位の占有率 26% が閾値未満
採用	貢献度	仕事	3/4	
除外	貧困	学習	1/1	性質を指す名詞（形状詞可能）; 票が 1 件だけ
採用	貨物	交通	3/3	
除外	販売	食事	3/7	動作を指す名詞（サ変可能）; 首位の占有率 43% が閾値未満
除外	貫流	住居	1/1	動作を指す名詞（サ変可能）; 票が 1 件だけ
除外	責任	法制度	5/21	首位の占有率 24% が閾値未満
除外	責任感	努力	1/3	票が 1 件だけ; 首位の占有率 33% が閾値未満
採用	責任者	仕事	3/3	
除外	貯蔵	食事	2/3	動作を指す名詞（サ変可能）; 票が 2 件だけ
除外	貴社	仕事	1/1	票が 1 件だけ
除外	買い物	学習	1/4	動作を指す名詞（サ変可能）; 票が 1 件だけ; 首位の占有率 25% が閾値未満
除外	買主	法制度	1/2	票が 1 件だけ
除外	貸方	学習	1/1	票が 1 件だけ
除外	費用	健康	6/24	首位の占有率 25% が閾値未満
採用	費用対効果	健康	4/6	
除外	貿易	金銭	1/1	動作を指す名詞（サ変可能）; 票が 1 件だけ
除外	賃料	金銭	2/2	票が 2 件だけ
除外	賃貸	住居	1/1	動作を指す名詞（サ変可能）; 票が 1 件だけ
除外	賃貸借契約書	法制度	1/2	票が 1 件だけ
除外	賃金	仕事	1/1	票が 1 件だけ
採用	資料	仕事	6/11	
除外	資料作成	仕事	2/2	票が 2 件だけ
除外	資格	学習	1/1	票が 1 件だけ
除外	資格取得	学習	2/5	票が 2 件だけ; 首位の占有率 40% が閾値未満
採用	資源	自然	5/10	
除外	資産	金銭	4/9	首位の占有率 44% が閾値未満
除外	資産形成	金銭	2/2	票が 2 件だけ
除外	資金	金銭	4/10	首位の占有率 40% が閾値未満
除外	資金源	法制度	2/3	票が 2 件だけ
除外	資金調達	仕事	2/3	票が 2 件だけ
除外	賛成	食事	2/2	動作を指す名詞（サ変可能）; 票が 2 件だけ
除外	賞味	食事	1/1	動作を指す名詞（サ変可能）; 票が 1 件だけ
除外	賞味期限	食事	1/1	票が 1 件だけ
除外	賠償	交通	2/5	動作を指す名詞（サ変可能）; 票が 2 件だけ; 首位の占有率 40% が閾値未満
除外	賢明	交通	2/6	性質を指す名詞（形状詞可能）; 票が 2 件だけ; 首位の占有率 33% が閾値未満
除外	質問	仕事	6/30	動作を指す名詞（サ変可能）; 首位の占有率 20% が閾値未満
除外	質感	住居	1/2	票が 1 件だけ
除外	質疑	仕事	1/4	動作を指す名詞（サ変可能）; 票が 1 件だけ; 首位の占有率 25% が閾値未満
除外	購入	食事	2/5	動作を指す名詞（サ変可能）; 票が 2 件だけ; 首位の占有率 40% が閾値未満
除外	購買	仕事	2/4	動作を指す名詞（サ変可能）; 票が 2 件だけ
除外	贅沢	食事	1/1	動作を指す名詞（サ変形状詞可能）; 票が 1 件だけ
除外	贈与	金銭	1/1	動作を指す名詞（サ変可能）; 票が 1 件だけ
除外	赤み	健康	2/3	票が 2 件だけ
除外	赤ワイン	食事	1/1	票が 1 件だけ
除外	走行	交通	4/5	動作を指す名詞（サ変可能）
除外	起因	学習	1/1	動作を指す名詞（サ変可能）; 票が 1 件だけ
除外	起業	仕事	1/1	動作を指す名詞（サ変可能）; 票が 1 件だけ
除外	起源	自然	1/2	票が 1 件だけ
除外	起点	自然	1/1	票が 1 件だけ
除外	起訴	法制度	1/1	動作を指す名詞（サ変可能）; 票が 1 件だけ
除外	起訴状	法制度	1/1	票が 1 件だけ
除外	超伝導	学習	1/1	票が 1 件だけ
除外	超過	交通	3/4	動作を指す名詞（サ変可能）
採用	超音波	健康	4/6	
除外	趣味	自然	1/1	票が 1 件だけ
除外	足底	状態	1/1	票が 1 件だけ
除外	足裏	身体	1/1	票が 1 件だけ
除外	距離	交通	4/17	首位の占有率 24% が閾値未満
除外	距離感	学習	1/3	票が 1 件だけ; 首位の占有率 33% が閾値未満
除外	路線	移動	1/2	票が 1 件だけ
除外	路肩	交通	1/1	票が 1 件だけ
除外	路面	交通	1/1	票が 1 件だけ
除外	跳ね返り	身体	1/1	票が 1 件だけ
除外	躊躇	交通	1/1	動作を指す名詞（サ変可能）; 票が 1 件だけ
除外	身体	健康	2/6	票が 2 件だけ; 首位の占有率 33% が閾値未満
除外	身体的	健康	2/2	性質を指す名詞（形状詞可能）; 票が 2 件だけ
除外	身分証明書	法制度	2/3	票が 2 件だけ
除外	身長	食事	1/1	票が 1 件だけ
採用	車両	交通	8/9	
除外	車内	交通	1/1	票が 1 件だけ
除外	車検	交通	2/3	票が 2 件だけ
除外	車種	交通	1/1	票が 1 件だけ
除外	軌道	仕事	1/2	票が 1 件だけ
除外	軟弱	自然	1/1	性質を指す名詞（形状詞可能）; 票が 1 件だけ
除外	軟部	身体	2/2	票が 2 件だけ
除外	軟骨	身体	2/2	票が 2 件だけ
除外	転がり	金銭	1/2	票が 1 件だけ
除外	転倒	交通	1/4	動作を指す名詞（サ変可能）; 票が 1 件だけ; 首位の占有率 25% が閾値未満
除外	転写	自然	2/2	動作を指す名詞（サ変可能）; 票が 2 件だけ
除外	転嫁	交通	1/1	動作を指す名詞（サ変可能）; 票が 1 件だけ
除外	転換	住居	1/4	動作を指す名詞（サ変可能）; 票が 1 件だけ; 首位の占有率 25% が閾値未満
除外	転換点	自然	1/1	票が 1 件だけ
除外	転移	自然	1/2	動作を指す名詞（サ変可能）; 票が 1 件だけ
除外	転置	学習	1/1	動作を指す名詞（サ変可能）; 票が 1 件だけ
除外	転職	金銭	2/4	動作を指す名詞（サ変可能）; 票が 2 件だけ
除外	転職先	金銭	1/2	票が 1 件だけ
除外	転職活動	仕事	2/2	票が 2 件だけ
除外	転送	情報	2/2	動作を指す名詞（サ変可能）; 票が 2 件だけ
除外	軽トラ	金銭	1/2	票が 1 件だけ
採用	軽度	健康	5/6	
除外	軽微	健康	2/2	性質を指す名詞（形状詞可能）; 票が 2 件だけ
除外	軽減	健康	10/39	動作を指す名詞（サ変可能）; 首位の占有率 26% が閾値未満
除外	軽自動車	金銭	1/2	票が 1 件だけ
除外	軽視	仕事	3/5	動作を指す名詞（サ変可能）
除外	輝き	住居	1/1	票が 1 件だけ
除外	輝度	情報	1/1	票が 1 件だけ
除外	輪郭	情報	1/1	票が 1 件だけ
除外	輸入	金銭	1/1	動作を指す名詞（サ変可能）; 票が 1 件だけ
除外	輸入国	金銭	1/1	票が 1 件だけ
除外	輸入量	金銭	1/1	票が 1 件だけ
除外	輸出	金銭	1/1	動作を指す名詞（サ変可能）; 票が 1 件だけ
除外	輸出入	金銭	1/1	動作を指す名詞（サ変可能）; 票が 1 件だけ
除外	輸出額	金銭	1/1	票が 1 件だけ
除外	輸送	交通	5/12	動作を指す名詞（サ変可能）; 首位の占有率 42% が閾値未満
除外	輸送業	交通	1/1	票が 1 件だけ
除外	辛味	食事	1/1	票が 1 件だけ
除外	辞書	学習	1/1	票が 1 件だけ
除外	農園	食事	1/1	票が 1 件だけ
採用	農家	自然	3/3	
除外	農業	自然	1/1	票が 1 件だけ
除外	農産物	交通	1/1	票が 1 件だけ
除外	農薬	食事	1/1	票が 1 件だけ
除外	辺り	法制度	2/7	品詞から取れる（副詞可能 → #時間）; 票が 2 件だけ; 首位の占有率 29% が閾値未満
除外	迂回	交通	1/2	動作を指す名詞（サ変可能）; 票が 1 件だけ
除外	近似	情報	2/3	動作を指す名詞（サ変可能）; 票が 2 件だけ
除外	近年	学習	3/15	品詞から取れる（副詞可能 → #時間）; 首位の占有率 20% が閾値未満
除外	近所	学習	1/1	票が 1 件だけ
除外	近接	交通	1/1	動作を指す名詞（サ変可能）; 票が 1 件だけ
除外	近縁	自然	1/1	性質を指す名詞（形状詞可能）; 票が 1 件だけ
除外	近隣	移動	1/1	票が 1 件だけ
除外	返信	交通	1/1	動作を指す名詞（サ変可能）; 票が 1 件だけ
除外	返却	交通	1/1	動作を指す名詞（サ変可能）; 票が 1 件だけ
除外	返済	金銭	1/2	動作を指す名詞（サ変可能）; 票が 1 件だけ
除外	迷惑	交通	3/3	動作を指す名詞（サ変形状詞可能）
除外	追加	交通	5/23	動作を指す名詞（サ変可能）; 首位の占有率 22% が閾値未満
除外	追求	金銭	1/6	動作を指す名詞（サ変可能）; 票が 1 件だけ; 首位の占有率 17% が閾値未満
除外	追跡	情報	3/8	動作を指す名詞（サ変可能）; 首位の占有率 38% が閾値未満
除外	退去時	法制度	1/2	票が 1 件だけ
除外	退職	法制度	1/1	動作を指す名詞（サ変可能）; 票が 1 件だけ
除外	退職後	仕事	1/2	票が 1 件だけ
除外	退職金	法制度	1/2	票が 1 件だけ
除外	送付	法制度	1/1	動作を指す名詞（サ変可能）; 票が 1 件だけ
除外	送信	仕事	1/1	動作を指す名詞（サ変可能）; 票が 1 件だけ
除外	送受信	情報	1/2	動作を指す名詞（サ変可能）; 票が 1 件だけ
除外	送料	金銭	1/1	票が 1 件だけ
除外	逃走	法制度	2/2	動作を指す名詞（サ変可能）; 票が 2 件だけ
除外	逆効果	自然	1/3	票が 1 件だけ; 首位の占有率 33% が閾値未満
除外	逆転	学習	1/1	動作を指す名詞（サ変可能）; 票が 1 件だけ
除外	透明化	仕事	1/1	票が 1 件だけ
除外	透明性	情報	4/11	首位の占有率 36% が閾値未満
除外	透明感	食事	1/1	票が 1 件だけ
除外	透過	学習	1/2	動作を指す名詞（サ変可能）; 票が 1 件だけ
除外	透過率	学習	1/1	票が 1 件だけ
除外	途上	自然	1/3	品詞から取れる（副詞可能 → #時間）; 票が 1 件だけ; 首位の占有率 33% が閾値未満
除外	途上国	自然	1/1	票が 1 件だけ
除外	途中	交通	1/1	品詞から取れる（副詞可能 → #時間）; 票が 1 件だけ
除外	通し	交通	1/1	名詞でない（動詞）; 票が 1 件だけ
除外	通り	健康	18/93	品詞から取れる（助数詞可能 → #数量）; 首位の占有率 19% が閾値未満
除外	通信	情報	1/2	動作を指す名詞（サ変可能）; 票が 1 件だけ
除外	通信教育	情報	1/2	票が 1 件だけ
除外	通信費	金銭	1/1	票が 1 件だけ
除外	通信速度	情報	1/1	票が 1 件だけ
除外	通勤	交通	2/4	動作を指す名詞（サ変可能）; 票が 2 件だけ
除外	通常	健康	6/31	品詞から取れる（副詞可能 → #時間）; 首位の占有率 19% が閾値未満
除外	通気性	健康	1/1	票が 1 件だけ
除外	通知	法制度	1/2	動作を指す名詞（サ変可能）; 票が 1 件だけ
除外	通知書	法制度	1/1	票が 1 件だけ
除外	通話	健康	1/5	動作を指す名詞（サ変可能）; 票が 1 件だけ; 首位の占有率 20% が閾値未満
除外	通過	自然	1/3	動作を指す名詞（サ変可能）; 票が 1 件だけ; 首位の占有率 33% が閾値未満
除外	速さ	自然	1/1	票が 1 件だけ
除外	速度	交通	6/25	首位の占有率 24% が閾値未満
除外	造り	自然	1/1	票が 1 件だけ
除外	造影	健康	3/3	動作を指す名詞（サ変可能）
採用	造影剤	健康	4/5	
除外	連中	交通	1/1	票が 1 件だけ
除外	連動	仕事	1/4	動作を指す名詞（サ変可能）; 票が 1 件だけ; 首位の占有率 25% が閾値未満
除外	連動型	仕事	1/1	票が 1 件だけ
除外	連想	学習	1/1	動作を指す名詞（サ変可能）; 票が 1 件だけ
除外	連携	仕事	11/60	動作を指す名詞（サ変可能）; 首位の占有率 18% が閾値未満
除外	連発	仕事	1/1	動作を指す名詞（サ変可能）; 票が 1 件だけ
除外	連立	学習	1/1	動作を指す名詞（サ変可能）; 票が 1 件だけ
除外	連絡	健康	4/19	動作を指す名詞（サ変可能）; 首位の占有率 21% が閾値未満
除外	連絡先	法制度	2/4	票が 2 件だけ
除外	連続	学習	1/2	動作を指す名詞（サ変形状詞可能）; 票が 1 件だけ
除外	連鎖	状態	2/6	動作を指す名詞（サ変可能）; 票が 2 件だけ; 首位の占有率 33% が閾値未満
除外	連鎖的	自然	1/2	性質を指す名詞（形状詞可能）; 票が 1 件だけ
除外	逮捕	法制度	1/1	動作を指す名詞（サ変可能）; 票が 1 件だけ
除外	週休	仕事	1/1	票が 1 件だけ
除外	週末	家族	2/6	品詞から取れる（副詞可能 → #時間）; 票が 2 件だけ; 首位の占有率 33% が閾値未満
除外	週間	法制度	3/8	品詞から取れる（助数詞可能 → #数量）; 首位の占有率 38% が閾値未満
除外	進め方	法制度	1/2	票が 1 件だけ
除外	進化	自然	3/8	動作を指す名詞（サ変可能）; 首位の占有率 38% が閾値未満
除外	進捗	仕事	3/7	動作を指す名詞（サ変可能）; 首位の占有率 43% が閾値未満
採用	進捗状況	仕事	7/12	
除外	進歩	金銭	2/7	動作を指す名詞（サ変可能）; 票が 2 件だけ; 首位の占有率 29% が閾値未満
除外	進行	自然	2/5	動作を指す名詞（サ変可能）; 票が 2 件だけ; 首位の占有率 40% が閾値未満
除外	進行状況	法制度	1/1	票が 1 件だけ
除外	進路	自然	1/2	票が 1 件だけ
除外	逸脱	失敗	1/2	動作を指す名詞（サ変可能）; 票が 1 件だけ
除外	遂行	健康	2/2	動作を指す名詞（サ変可能）; 票が 2 件だけ
除外	遅く	家族	1/1	名詞でない（形容詞）; 票が 1 件だけ
除外	遅れ	学習	1/2	票が 1 件だけ
除外	遅延	交通	5/12	動作を指す名詞（サ変可能）; 首位の占有率 42% が閾値未満
除外	遊び	学習	1/3	票が 1 件だけ; 首位の占有率 33% が閾値未満
除外	運動	健康	12/30	動作を指す名詞（サ変可能）; 首位の占有率 40% が閾値未満
除外	運動会	学習	1/1	票が 1 件だけ
除外	運動量	学習	1/1	票が 1 件だけ
除外	運営	金銭	2/5	動作を指す名詞（サ変可能）; 票が 2 件だけ; 首位の占有率 40% が閾値未満
除外	運用	情報	4/13	動作を指す名詞（サ変可能）; 首位の占有率 31% が閾値未満
採用	運用方法	仕事	4/4	
除外	運行	交通	1/1	動作を指す名詞（サ変可能）; 票が 1 件だけ
除外	運行状況	交通	1/1	票が 1 件だけ
除外	運転	交通	7/9	動作を指す名詞（サ変可能）
除外	運転免許	交通	2/3	票が 2 件だけ
除外	運転免許証	法制度	2/3	票が 2 件だけ
除外	運転士	交通	2/2	票が 2 件だけ
採用	運転者	交通	3/5	
除外	運送	交通	1/1	動作を指す名詞（サ変可能）; 票が 1 件だけ
除外	運送業	交通	1/1	票が 1 件だけ
除外	過剰	健康	10/33	性質を指す名詞（形状詞可能）; 首位の占有率 30% が閾値未満
除外	過剰摂取	食事	1/1	票が 1 件だけ
除外	過去	健康	7/33	品詞から取れる（副詞可能 → #時間）; 首位の占有率 21% が閾値未満
採用	過去問	学習	3/3	
除外	過多	情報	1/3	性質を指す名詞（形状詞可能）; 票が 1 件だけ; 首位の占有率 33% が閾値未満
除外	過大	金銭	1/3	性質を指す名詞（形状詞可能）; 票が 1 件だけ; 首位の占有率 33% が閾値未満
除外	過失	法制度	2/7	票が 2 件だけ; 首位の占有率 29% が閾値未満
除外	過小	移動	1/1	性質を指す名詞（形状詞可能）; 票が 1 件だけ
除外	過払い	金銭	2/3	票が 2 件だけ
除外	過敏	健康	2/3	性質を指す名詞（形状詞可能）; 票が 2 件だけ
除外	過熱	金銭	1/1	動作を指す名詞（サ変可能）; 票が 1 件だけ
除外	過程	自然	7/19	首位の占有率 37% が閾値未満
除外	過言	健康	1/2	票が 1 件だけ
除外	道具	自然	1/2	票が 1 件だけ
除外	道徳的	法制度	1/1	性質を指す名詞（形状詞可能）; 票が 1 件だけ
採用	道路	交通	3/6	
除外	道路交通法	交通	1/1	票が 1 件だけ
除外	達成	仕事	5/12	動作を指す名詞（サ変可能）; 首位の占有率 42% が閾値未満
除外	達成度	仕事	1/3	票が 1 件だけ; 首位の占有率 33% が閾値未満
除外	達成感	健康	1/2	票が 1 件だけ
除外	達成率	仕事	1/1	票が 1 件だけ
除外	達成目標	情報	1/1	票が 1 件だけ
除外	違い	情報	8/45	首位の占有率 18% が閾値未満
除外	違反	交通	2/7	動作を指す名詞（サ変可能）; 票が 2 件だけ; 首位の占有率 29% が閾値未満
除外	違和感	仕事	1/1	票が 1 件だけ
除外	違法	法制度	2/4	性質を指す名詞（形状詞可能）; 票が 2 件だけ
除外	違約金	法制度	1/2	票が 1 件だけ
除外	遠回し	仕事	1/1	票が 1 件だけ
除外	遠慮	仕事	3/11	動作を指す名詞（サ変可能）; 首位の占有率 27% が閾値未満
除外	遠隔地	家族	1/1	票が 1 件だけ
除外	適合	健康	2/6	動作を指す名詞（サ変可能）; 票が 2 件だけ; 首位の占有率 33% が閾値未満
除外	適応	学習	3/10	動作を指す名詞（サ変可能）; 首位の占有率 30% が閾値未満
除外	適応力	仕事	1/1	票が 1 件だけ
除外	適応性	健康	1/1	票が 1 件だけ
除外	適応能力	自然	1/1	票が 1 件だけ
除外	適性	法制度	1/2	票が 1 件だけ
除外	適性検査	法制度	1/2	票が 1 件だけ
除外	適用	仕事	3/14	動作を指す名詞（サ変可能）; 首位の占有率 21% が閾値未満
除外	遭遇	健康	1/1	動作を指す名詞（サ変可能）; 票が 1 件だけ
除外	遮光	住居	1/2	動作を指す名詞（サ変可能）; 票が 1 件だけ
除外	遮断	健康	2/3	動作を指す名詞（サ変可能）; 票が 2 件だけ
除外	遮蔽	自然	2/4	動作を指す名詞（サ変可能）; 票が 2 件だけ
除外	遵守	仕事	1/2	動作を指す名詞（サ変可能）; 票が 1 件だけ
除外	遷移	学習	1/2	動作を指す名詞（サ変可能）; 票が 1 件だけ
除外	選び	情報	2/12	票が 2 件だけ; 首位の占有率 17% が閾値未満
除外	選び方	情報	1/1	票が 1 件だけ
除外	選定	交通	2/12	動作を指す名詞（サ変可能）; 票が 2 件だけ; 首位の占有率 17% が閾値未満
除外	選手	健康	1/2	票が 1 件だけ
除外	選択	健康	10/41	動作を指す名詞（サ変可能）; 首位の占有率 24% が閾値未満
除外	選択的	健康	1/2	票が 1 件だけ
除外	選択肢	健康	12/32	首位の占有率 38% が閾値未満
除外	選考	仕事	1/3	動作を指す名詞（サ変可能）; 票が 1 件だけ; 首位の占有率 33% が閾値未満
除外	遺伝	健康	4/9	動作を指す名詞（サ変可能）; 首位の占有率 44% が閾値未満
除外	遺伝子	健康	8/18	首位の占有率 44% が閾値未満
採用	遺伝性	健康	3/4	
除外	遺体	法制度	1/1	票が 1 件だけ
除外	遺品	法制度	1/1	票が 1 件だけ
除外	遺失	金銭	1/1	動作を指す名詞（サ変可能）; 票が 1 件だけ
除外	遺族	法制度	1/1	票が 1 件だけ
除外	遺産	家族	1/2	票が 1 件だけ
除外	遺留	金銭	1/2	動作を指す名詞（サ変可能）; 票が 1 件だけ
除外	遺留分	金銭	1/2	票が 1 件だけ
除外	遺言	法制度	2/2	動作を指す名詞（サ変可能）; 票が 2 件だけ
除外	避難	自然	1/1	動作を指す名詞（サ変可能）; 票が 1 件だけ
除外	還付	金銭	2/2	動作を指す名詞（サ変可能）; 票が 2 件だけ
除外	還元	金銭	1/2	動作を指す名詞（サ変可能）; 票が 1 件だけ
除外	邪気	健康	1/1	票が 1 件だけ
除外	邪魔	家族	1/1	動作を指す名詞（サ変形状詞可能）; 票が 1 件だけ
除外	邸宅	住居	1/1	票が 1 件だけ
除外	郊外	移動	1/1	票が 1 件だけ
採用	部位	身体	6/10	
除外	部分	学習	9/59	首位の占有率 15% が閾値未満
除外	部分的	食事	1/3	性質を指す名詞（形状詞可能）; 票が 1 件だけ; 首位の占有率 33% が閾値未満
採用	部品	交通	3/4	
除外	部屋	交通	1/2	票が 1 件だけ
除外	部材	住居	1/1	票が 1 件だけ
除外	部活	学習	2/2	票が 2 件だけ
採用	部署	法制度	3/6	
除外	部門	仕事	2/3	票が 2 件だけ
除外	郵送	法制度	1/1	動作を指す名詞（サ変可能）; 票が 1 件だけ
除外	都会	家族	1/1	票が 1 件だけ
除外	都内	健康	1/1	票が 1 件だけ
除外	都合	法制度	2/4	票が 2 件だけ
除外	都市	法制度	2/5	票が 2 件だけ; 首位の占有率 40% が閾値未満
除外	都市圏	移動	1/1	票が 1 件だけ
除外	都市部	交通	2/6	票が 2 件だけ; 首位の占有率 33% が閾値未満
除外	都心	家族	1/1	票が 1 件だけ
除外	配信	情報	1/1	動作を指す名詞（サ変可能）; 票が 1 件だけ
除外	配偶者	金銭	1/3	票が 1 件だけ; 首位の占有率 33% が閾値未満
除外	配分	金銭	2/9	動作を指す名詞（サ変可能）; 票が 2 件だけ; 首位の占有率 22% が閾値未満
除外	配列	自然	3/5	動作を指す名詞（サ変可能）
除外	配合	食事	2/5	動作を指す名詞（サ変可能）; 票が 2 件だけ; 首位の占有率 40% が閾値未満
除外	配属先	法制度	1/1	票が 1 件だけ
除外	配当	金銭	1/2	動作を指す名詞（サ変可能）; 票が 1 件だけ
除外	配慮	健康	5/17	動作を指す名詞（サ変可能）; 首位の占有率 29% が閾値未満
除外	配線	情報	1/3	動作を指す名詞（サ変可能）; 票が 1 件だけ; 首位の占有率 33% が閾値未満
除外	配置	住居	2/11	動作を指す名詞（サ変可能）; 票が 2 件だけ; 首位の占有率 18% が閾値未満
除外	配置転換	仕事	1/1	票が 1 件だけ
除外	配賦	金銭	1/1	票が 1 件だけ
除外	配送	交通	3/3	動作を指す名詞（サ変可能）
除外	配達	食事	1/2	動作を指す名詞（サ変可能）; 票が 1 件だけ
除外	配達員	食事	1/1	票が 1 件だけ
除外	酵母	自然	1/2	票が 1 件だけ
採用	酵素	自然	4/7	
除外	酸化	健康	1/3	動作を指す名詞（サ変可能）; 票が 1 件だけ; 首位の占有率 33% が閾値未満
採用	酸味	食事	4/4	
除外	酸性	自然	1/1	票が 1 件だけ
採用	酸素	健康	4/8	
除外	醤油	食事	2/2	票が 2 件だけ
除外	醸成	努力	1/2	動作を指す名詞（サ変可能）; 票が 1 件だけ
除外	醸造	食事	1/1	動作を指す名詞（サ変可能）; 票が 1 件だけ
除外	重さ	食事	1/2	票が 1 件だけ
除外	重み	学習	1/1	票が 1 件だけ
除外	重度	健康	1/2	性質を指す名詞（形状詞可能）; 票が 1 件だけ
除外	重心	状態	1/2	票が 1 件だけ
除外	重曹	住居	2/2	票が 2 件だけ
除外	重点	健康	1/4	票が 1 件だけ; 首位の占有率 25% が閾値未満
除外	重点的	仕事	3/8	性質を指す名詞（形状詞可能）; 首位の占有率 38% が閾値未満
除外	重症	身体	2/3	票が 2 件だけ
除外	重症化	健康	1/1	票が 1 件だけ
除外	重要度	努力	1/2	票が 1 件だけ
除外	重要性	法制度	6/19	首位の占有率 32% が閾値未満
採用	重要業績評価指標	仕事	4/4	
除外	重要視	学習	4/10	動作を指す名詞（サ変可能）; 首位の占有率 40% が閾値未満
除外	重視	学習	7/39	動作を指す名詞（サ変可能）; 首位の占有率 18% が閾値未満
採用	重量	交通	3/4	
採用	野菜	食事	6/8	
除外	量子	情報	2/3	票が 2 件だけ
採用	金利	金銭	3/5	
除外	金型	金銭	1/1	票が 1 件だけ
除外	金属	金銭	1/4	票が 1 件だけ; 首位の占有率 25% が閾値未満
除外	金曜日	身体	1/1	品詞から取れる（副詞可能 → #時間）; 票が 1 件だけ
除外	金融	情報	2/6	動作を指す名詞（サ変可能）; 票が 2 件だけ; 首位の占有率 33% が閾値未満
除外	金融機関	住居	1/1	票が 1 件だけ
除外	金銭	金銭	1/3	票が 1 件だけ; 首位の占有率 33% が閾値未満
採用	金額	金銭	8/16	
除外	鉄道	交通	1/1	票が 1 件だけ
除外	鉄鋼	金銭	1/1	票が 1 件だけ
除外	鉄鋼業	金銭	1/1	票が 1 件だけ
除外	鉢底	自然	1/1	票が 1 件だけ
除外	鉱物	学習	1/1	票が 1 件だけ
除外	銀行	金銭	2/3	票が 2 件だけ
除外	銀行印	法制度	1/1	票が 1 件だけ
除外	銀行口座	法制度	1/2	票が 1 件だけ
除外	銃弾	法制度	1/1	票が 1 件だけ
除外	銘柄	金銭	2/2	票が 2 件だけ
除外	鋼材	食事	1/3	票が 1 件だけ; 首位の占有率 33% が閾値未満
除外	鋼管	金銭	1/1	票が 1 件だけ
除外	鋼鉄	金銭	1/1	票が 1 件だけ
除外	録画	金銭	1/4	動作を指す名詞（サ変可能）; 票が 1 件だけ; 首位の占有率 25% が閾値未満
除外	鎮痛剤	身体	1/1	票が 1 件だけ
除外	鑑別	健康	3/3	動作を指す名詞（サ変可能）
除外	鑑定	法制度	7/9	動作を指す名詞（サ変可能）
除外	鑑定人	交通	1/1	票が 1 件だけ
除外	鑑識	法制度	6/6	動作を指す名詞（サ変可能）
除外	長さ	食事	3/14	首位の占有率 21% が閾値未満
除外	長年	法制度	1/1	品詞から取れる（副詞可能 → #時間）; 票が 1 件だけ
除外	長持ち	健康	1/2	動作を指す名詞（サ変可能）; 票が 1 件だけ
除外	長時間	食事	3/6	品詞から取れる（副詞可能 → #時間）
除外	長時間労働	仕事	1/2	票が 1 件だけ
除外	長期	食事	2/8	票が 2 件だけ; 首位の占有率 25% が閾値未満
除外	長期化	健康	2/4	票が 2 件だけ
除外	長期的	健康	5/31	性質を指す名詞（形状詞可能）; 首位の占有率 16% が閾値未満
除外	長期間	金銭	2/6	品詞から取れる（副詞可能 → #時間）; 票が 2 件だけ; 首位の占有率 33% が閾値未満
除外	長距離	交通	1/2	票が 1 件だけ
除外	閉塞	健康	1/2	動作を指す名詞（サ変可能）; 票が 1 件だけ
除外	閉鎖	健康	1/4	動作を指す名詞（サ変可能）; 票が 1 件だけ; 首位の占有率 25% が閾値未満
除外	開催	仕事	3/8	動作を指す名詞（サ変可能）; 首位の占有率 38% が閾値未満
除外	開始	健康	4/11	動作を指す名詞（サ変可能）; 首位の占有率 36% が閾値未満
除外	開始時刻	仕事	1/2	票が 1 件だけ
除外	開拓	仕事	1/1	動作を指す名詞（サ変可能）; 票が 1 件だけ
除外	開発	情報	6/31	動作を指す名詞（サ変可能）; 首位の占有率 19% が閾値未満
除外	開発業者	法制度	1/1	票が 1 件だけ
除外	開発者	情報	1/2	票が 1 件だけ
除外	開発費	金銭	1/1	票が 1 件だけ
除外	開発途上国	自然	1/1	票が 1 件だけ
除外	開示	法制度	2/6	動作を指す名詞（サ変可能）; 票が 2 件だけ; 首位の占有率 33% が閾値未満
除外	開閉	自然	1/1	動作を指す名詞（サ変可能）; 票が 1 件だけ
除外	間取り	住居	2/2	票が 2 件だけ
除外	間接	健康	3/8	首位の占有率 38% が閾値未満
除外	間質	自然	1/2	票が 1 件だけ
除外	間質性	健康	1/2	票が 1 件だけ
除外	間違い	自然	1/1	票が 1 件だけ
除外	間隔	交通	2/7	票が 2 件だけ; 首位の占有率 29% が閾値未満
除外	関わり	学習	1/1	票が 1 件だけ
除外	関与	健康	4/11	動作を指す名詞（サ変可能）; 首位の占有率 36% が閾値未満
除外	関係	健康	12/54	動作を指す名詞（サ変可能）; 首位の占有率 22% が閾値未満
除外	関係性	家族	2/10	票が 2 件だけ; 首位の占有率 20% が閾値未満
除外	関係者	法制度	2/5	票が 2 件だけ; 首位の占有率 40% が閾値未満
除外	関心	学習	4/11	首位の占有率 36% が閾値未満
採用	関数	情報	4/8	
除外	関税	金銭	1/1	票が 1 件だけ
採用	関節	身体	5/8	
除外	関節炎	身体	1/1	票が 1 件だけ
除外	関連	学習	7/39	動作を指す名詞（サ変可能）; 首位の占有率 18% が閾値未満
除外	関連性	学習	2/8	票が 2 件だけ; 首位の占有率 25% が閾値未満
除外	閾値	健康	1/1	票が 1 件だけ
除外	闘争	法制度	1/1	動作を指す名詞（サ変可能）; 票が 1 件だけ
除外	防寒	自然	1/1	票が 1 件だけ
除外	防御	情報	1/2	動作を指す名詞（サ変可能）; 票が 1 件だけ
除外	防止	住居	3/10	動作を指す名詞（サ変可能）; 首位の占有率 30% が閾値未満
除外	防火	法制度	1/2	票が 1 件だけ
除外	防災	法制度	1/2	票が 1 件だけ
除外	防腐	住居	1/1	票が 1 件だけ
除外	防衛機制	法制度	1/1	票が 1 件だけ
除外	阻害	健康	4/8	動作を指す名詞（サ変可能）
除外	阻害剤	健康	1/2	票が 1 件だけ
除外	阻害薬	健康	1/2	票が 1 件だけ
除外	降下	健康	1/1	動作を指す名詞（サ変可能）; 票が 1 件だけ
除外	降圧	健康	1/2	票が 1 件だけ
除外	降水	自然	2/2	票が 2 件だけ
除外	降水量	自然	2/2	票が 2 件だけ
除外	降雨	自然	1/1	票が 1 件だけ
除外	限り	金銭	1/3	品詞から取れる（副詞可能 → #時間）; 票が 1 件だけ; 首位の占有率 33% が閾値未満
除外	限定	食事	1/3	動作を指す名詞（サ変可能）; 票が 1 件だけ; 首位の占有率 33% が閾値未満
除外	限定的	学習	1/4	性質を指す名詞（形状詞可能）; 票が 1 件だけ; 首位の占有率 25% が閾値未満
除外	限度額	健康	1/1	票が 1 件だけ
除外	限界	自然	3/11	首位の占有率 27% が閾値未満
除外	院内	健康	1/1	票が 1 件だけ
除外	陣形	身体	1/1	票が 1 件だけ
除外	除去	情報	4/14	動作を指す名詞（サ変可能）; 首位の占有率 29% が閾値未満
除外	除去食	健康	1/2	票が 1 件だけ
除外	除外	健康	1/2	動作を指す名詞（サ変可能）; 票が 1 件だけ
除外	陰性	健康	1/2	性質を指す名詞（形状詞可能）; 票が 1 件だけ
除外	陽性	健康	3/5	性質を指す名詞（形状詞可能）
除外	隅々	情報	1/2	票が 1 件だけ
除外	階層	自然	1/1	票が 1 件だけ
除外	階段	健康	2/3	票が 2 件だけ
除外	随時	仕事	1/1	品詞から取れる（副詞可能 → #時間）; 票が 1 件だけ
除外	隙間	住居	1/3	票が 1 件だけ; 首位の占有率 33% が閾値未満
除外	障害	健康	9/13	動作を指す名詞（サ変可能）
除外	障害年金	金銭	1/1	票が 1 件だけ
除外	隠蔽	法制度	2/5	動作を指す名詞（サ変可能）; 票が 2 件だけ; 首位の占有率 40% が閾値未満
除外	集め	仕事	1/2	名詞でない（動詞）; 票が 1 件だけ
除外	集中	学習	5/19	動作を指す名詞（サ変可能）; 首位の占有率 26% が閾値未満
除外	集中力	住居	2/4	票が 2 件だけ
除外	集中的	学習	5/9	性質を指す名詞（形状詞可能）
除外	集合	交通	1/2	動作を指す名詞（サ変可能）; 票が 1 件だけ
除外	集団	健康	2/4	票が 2 件だけ
除外	集客	金銭	1/2	動作を指す名詞（サ変可能）; 票が 1 件だけ
除外	集積	自然	2/2	動作を指す名詞（サ変可能）; 票が 2 件だけ
除外	集約	情報	1/1	動作を指す名詞（サ変可能）; 票が 1 件だけ
除外	集荷	交通	1/1	動作を指す名詞（サ変可能）; 票が 1 件だけ
除外	集計	情報	1/3	動作を指す名詞（サ変可能）; 票が 1 件だけ; 首位の占有率 33% が閾値未満
除外	雇用	法制度	2/6	動作を指す名詞（サ変可能）; 票が 2 件だけ; 首位の占有率 33% が閾値未満
除外	雇用契約	仕事	2/3	票が 2 件だけ
除外	雇用契約書	法制度	1/1	票が 1 件だけ
除外	雑損控除	金銭	1/1	票が 1 件だけ
除外	離婚	家族	1/1	動作を指す名詞（サ変可能）; 票が 1 件だけ
除外	離婚後	家族	1/1	票が 1 件だけ
除外	離散	状態	1/1	動作を指す名詞（サ変可能）; 票が 1 件だけ
除外	離職	仕事	1/1	動作を指す名詞（サ変可能）; 票が 1 件だけ
除外	離脱	仕事	1/1	動作を指す名詞（サ変可能）; 票が 1 件だけ
除外	難しさ	情報	2/5	票が 2 件だけ; 首位の占有率 40% が閾値未満
除外	難易度	住居	2/5	票が 2 件だけ; 首位の占有率 40% が閾値未満
除外	難民	仕事	1/1	票が 1 件だけ
除外	難点	情報	1/3	票が 1 件だけ; 首位の占有率 33% が閾値未満
除外	難聴	健康	1/1	票が 1 件だけ
除外	難航	仕事	1/3	動作を指す名詞（サ変可能）; 票が 1 件だけ; 首位の占有率 33% が閾値未満
除外	難解	法制度	1/1	性質を指す名詞（形状詞可能）; 票が 1 件だけ
除外	雨水	交通	1/2	票が 1 件だけ
除外	雰囲気	健康	2/7	票が 2 件だけ; 首位の占有率 29% が閾値未満
除外	電位	健康	2/2	票が 2 件だけ
除外	電力	自然	1/3	票が 1 件だけ; 首位の占有率 33% が閾値未満
除外	電圧	学習	1/1	票が 1 件だけ
除外	電子	健康	3/8	首位の占有率 38% が閾値未満
除外	電気	金銭	2/7	票が 2 件だけ; 首位の占有率 29% が閾値未満
除外	電気代	法制度	1/1	票が 1 件だけ
除外	電池	自然	1/1	票が 1 件だけ
除外	電波	情報	1/2	票が 1 件だけ
除外	電源	食事	1/3	票が 1 件だけ; 首位の占有率 33% が閾値未満
除外	電球	住居	1/1	票が 1 件だけ
除外	電磁波	食事	1/2	票が 1 件だけ
除外	電解質	食事	1/1	票が 1 件だけ
除外	電話	仕事	1/5	動作を指す名詞（サ変可能）; 票が 1 件だけ; 首位の占有率 20% が閾値未満
除外	電話番号	法制度	2/3	票が 2 件だけ
除外	電車	交通	1/1	票が 1 件だけ
除外	需要	金銭	2/13	票が 2 件だけ; 首位の占有率 15% が閾値未満
除外	霧吹き	住居	1/1	票が 1 件だけ
除外	青色	金銭	1/2	票が 1 件だけ
除外	青色申告	金銭	1/1	票が 1 件だけ
除外	青魚	健康	1/2	票が 1 件だけ
除外	静脈	身体	1/2	票が 1 件だけ
除外	非同期	情報	1/2	票が 1 件だけ
除外	非線形	情報	1/1	票が 1 件だけ
除外	面倒	金銭	2/4	性質を指す名詞（形状詞可能）; 票が 2 件だけ
除外	面接	仕事	2/5	動作を指す名詞（サ変可能）; 票が 2 件だけ; 首位の占有率 40% が閾値未満
除外	面積	自然	1/3	票が 1 件だけ; 首位の占有率 33% が閾値未満
除外	面談	健康	1/3	動作を指す名詞（サ変可能）; 票が 1 件だけ; 首位の占有率 33% が閾値未満
除外	革命	自然	1/2	票が 1 件だけ
除外	革新	仕事	1/1	動作を指す名詞（サ変可能）; 票が 1 件だけ
除外	革新的	交通	1/1	性質を指す名詞（形状詞可能）; 票が 1 件だけ
採用	靭帯	身体	4/4	
除外	音域	健康	1/1	票が 1 件だけ
除外	音楽	学習	2/8	票が 2 件だけ; 首位の占有率 25% が閾値未満
除外	音素	学習	1/1	票が 1 件だけ
除外	音量	健康	1/1	票が 1 件だけ
除外	音韻	学習	1/1	票が 1 件だけ
除外	音響	健康	1/1	票が 1 件だけ
除外	響き	仕事	1/2	票が 1 件だけ
除外	頂点	情報	1/1	票が 1 件だけ
除外	項目	仕事	4/18	首位の占有率 22% が閾値未満
除外	順番	家族	1/1	票が 1 件だけ
除外	頑健	情報	1/1	性質を指す名詞（形状詞可能）; 票が 1 件だけ
除外	頓挫	仕事	2/3	動作を指す名詞（サ変可能）; 票が 2 件だけ
除外	領収書	健康	1/1	票が 1 件だけ
除外	領域	仕事	2/7	票が 2 件だけ; 首位の占有率 29% が閾値未満
除外	頭痛	健康	1/1	票が 1 件だけ
除外	頭金	住居	1/1	票が 1 件だけ
除外	頻尿	健康	1/1	票が 1 件だけ
除外	頻度	情報	5/24	首位の占有率 21% が閾値未満
除外	頻発	金銭	1/2	動作を指す名詞（サ変可能）; 票が 1 件だけ
除外	頼り	自然	1/1	票が 1 件だけ
除外	顎骨	健康	1/1	票が 1 件だけ
除外	顔写真	法制度	1/1	票が 1 件だけ
除外	顔色	住居	1/1	票が 1 件だけ
除外	顕在化	情報	1/1	動作を指す名詞（サ変可能）; 票が 1 件だけ
除外	顕微鏡	健康	1/2	票が 1 件だけ
除外	類似	法制度	3/5	動作を指す名詞（サ変形状詞可能）
除外	類似度	情報	1/1	票が 1 件だけ
除外	顧問	学習	1/1	票が 1 件だけ
採用	顧客	仕事	14/27	
除外	顧客体験	仕事	2/2	票が 2 件だけ
除外	顧客生涯価値	仕事	1/1	票が 1 件だけ
除外	風冷	食事	1/1	票が 1 件だけ
除外	風力	自然	1/1	票が 1 件だけ
除外	風呂	身体	1/3	票が 1 件だけ; 首位の占有率 33% が閾値未満
採用	風味	食事	8/8	
除外	風景	情報	1/2	票が 1 件だけ
除外	風車	自然	1/1	票が 1 件だけ
除外	風通し	住居	2/2	票が 2 件だけ
除外	風速	自然	1/1	票が 1 件だけ
除外	風邪	健康	2/3	票が 2 件だけ
除外	風邪薬	健康	2/2	票が 2 件だけ
除外	風量	住居	1/1	票が 1 件だけ
除外	飛行	自然	1/2	動作を指す名詞（サ変可能）; 票が 1 件だけ
除外	飛躍的	学習	1/2	性質を指す名詞（形状詞可能）; 票が 1 件だけ
除外	食い違い	学習	1/1	票が 1 件だけ
除外	食事	健康	10/21	動作を指す名詞（サ変可能）; 首位の占有率 48% が閾値未満
除外	食事時間	家族	1/2	票が 1 件だけ
除外	食卓	家族	1/2	票が 1 件だけ
除外	食品	食事	7/20	首位の占有率 35% が閾値未満
除外	食器	住居	2/2	票が 2 件だけ
除外	食塩	健康	1/1	票が 1 件だけ
除外	食後	健康	1/2	票が 1 件だけ
除外	食感	食事	2/2	票が 2 件だけ
採用	食料	自然	3/3	
採用	食材	食事	6/10	
除外	食欲	健康	1/1	票が 1 件だけ
採用	食物	健康	4/6	
採用	食物連鎖	自然	4/5	
除外	食生活	自然	2/4	票が 2 件だけ
除外	食費	金銭	2/2	票が 2 件だけ
除外	飲み会	金銭	2/3	票が 2 件だけ
除外	飲み物	金銭	1/1	票が 1 件だけ
除外	飲酒	健康	1/1	動作を指す名詞（サ変可能）; 票が 1 件だけ
除外	飲食店	法制度	1/1	票が 1 件だけ
除外	飼い主	自然	1/1	票が 1 件だけ
除外	飼育	自然	3/3	動作を指す名詞（サ変可能）
除外	飽和	食事	1/2	動作を指す名詞（サ変可能）; 票が 1 件だけ
除外	養殖	自然	1/1	動作を指す名詞（サ変可能）; 票が 1 件だけ
除外	養殖業	自然	1/1	票が 1 件だけ
除外	養生	健康	1/1	動作を指す名詞（サ変可能）; 票が 1 件だけ
除外	養育	家族	1/1	動作を指す名詞（サ変可能）; 票が 1 件だけ
除外	餌やり	自然	1/1	票が 1 件だけ
採用	香り	食事	7/8	
除外	馴染み	情報	1/1	票が 1 件だけ
除外	駆け引き	家族	1/1	動作を指す名詞（サ変可能）; 票が 1 件だけ
除外	駆使	法制度	2/2	動作を指す名詞（サ変可能）; 票が 2 件だけ
除外	駆出	身体	2/3	票が 2 件だけ
除外	騒音	自然	1/1	票が 1 件だけ
除外	驚き	自然	2/2	票が 2 件だけ
除外	骨密度	健康	1/3	票が 1 件だけ; 首位の占有率 33% が閾値未満
除外	骨折	身体	1/1	動作を指す名詞（サ変可能）; 票が 1 件だけ
除外	骨格	身体	2/5	票が 2 件だけ; 首位の占有率 40% が閾値未満
除外	骨棘	身体	1/1	票が 1 件だけ
除外	骨粗鬆症	健康	2/4	票が 2 件だけ
除外	骨芽	身体	1/2	票が 1 件だけ
除外	骨髄	身体	1/2	票が 1 件だけ
除外	骨髄腫	健康	1/1	票が 1 件だけ
採用	高さ	住居	5/9	
除外	高値	健康	1/3	票が 1 件だけ; 首位の占有率 33% が閾値未満
除外	高周波	健康	1/1	票が 1 件だけ
除外	高品質	情報	1/2	性質を指す名詞（形状詞可能）; 票が 1 件だけ
除外	高層	交通	1/1	票が 1 件だけ
除外	高性能	健康	1/1	性質を指す名詞（形状詞可能）; 票が 1 件だけ
除外	高感度	健康	2/2	票が 2 件だけ
除外	高揚	状態	1/1	動作を指す名詞（サ変可能）; 票が 1 件だけ
除外	高気圧	自然	1/1	票が 1 件だけ
除外	高温	食事	2/3	性質を指す名詞（形状詞可能）; 票が 2 件だけ
除外	高級	食事	2/2	性質を指す名詞（形状詞可能）; 票が 2 件だけ
除外	高血圧	健康	2/3	票が 2 件だけ
除外	高血糖	健康	1/1	票が 1 件だけ
除外	高速	情報	2/5	性質を指す名詞（形状詞可能）; 票が 2 件だけ; 首位の占有率 40% が閾値未満
除外	高速化	情報	2/3	票が 2 件だけ
除外	高速道路	交通	2/2	票が 2 件だけ
除外	高額	健康	3/7	性質を指す名詞（形状詞可能）; 首位の占有率 43% が閾値未満
除外	高額療養費	健康	1/1	票が 1 件だけ
除外	高齢	法制度	1/2	票が 1 件だけ
除外	高齢者	健康	4/11	首位の占有率 36% が閾値未満
除外	高齢者層	健康	1/1	票が 1 件だけ
除外	髪型	学習	1/1	票が 1 件だけ
除外	魅力	食事	3/10	首位の占有率 30% が閾値未満
除外	魅力的	情報	2/9	性質を指す名詞（形状詞可能）; 票が 2 件だけ; 首位の占有率 22% が閾値未満
除外	魚介類	自然	1/2	票が 1 件だけ
除外	魚屋	食事	1/1	票が 1 件だけ
除外	魚油	食事	1/1	票が 1 件だけ
除外	魚種	自然	1/1	票が 1 件だけ
採用	鮮度	食事	5/6	
除外	鰹節	食事	1/1	票が 1 件だけ
除外	鳥類	自然	1/1	票が 1 件だけ
除外	鳥類学	自然	1/1	票が 1 件だけ
除外	鵜呑み	学習	1/1	票が 1 件だけ
除外	鶏肉	食事	2/2	票が 2 件だけ
除外	麻婆	食事	1/1	票が 1 件だけ
除外	麻痺	健康	2/2	動作を指す名詞（サ変可能）; 票が 2 件だけ
除外	麻薬	金銭	1/2	票が 1 件だけ
除外	麻酔	健康	3/4	動作を指す名詞（サ変可能）
除外	麻黄	健康	1/1	票が 1 件だけ
除外	黄体	健康	2/2	票が 2 件だけ
除外	黄色	自然	1/1	票が 1 件だけ
除外	黄金	食事	1/1	票が 1 件だけ
除外	黒質	身体	1/1	票が 1 件だけ
除外	鼓膜	住居	1/2	票が 1 件だけ
除外	鼻うがい	健康	1/1	票が 1 件だけ
採用	鼻水	健康	5/6	
除外	鼻炎	健康	2/2	票が 2 件だけ
除外	鼻腔	健康	1/1	票が 1 件だけ
除外	鼻詰まり	健康	1/1	票が 1 件だけ
